,ActivePower
2018-08-17 16:00:00+00:00,1.7486026026399983
2018-08-17 16:30:00+00:00,1.7605306540672419
2018-08-17 17:00:00+00:00,1.7521352401740864
2018-08-17 17:30:00+00:00,1.7513901442685882
2018-08-17 18:00:00+00:00,1.7485410709960967
2018-08-17 18:30:00+00:00,1.7514583515187843
2018-08-17 19:00:00+00:00,1.7393434073138492
2018-08-17 19:30:00+00:00,1.7512204523626853
2018-08-17 20:00:00+00:00,1.7483074953588897
2018-08-17 20:30:00+00:00,1.7556810770641216
2018-08-17 21:00:00+00:00,1.7443888623805528
2018-08-17 21:30:00+00:00,1.7479569197485267
2018-08-17 22:00:00+00:00,1.7466795660818617
2018-08-17 22:30:00+00:00,1.6964226476544373
2018-08-17 23:00:00+00:00,1.3187763692498373
2018-08-17 23:30:00+00:00,1.5499169291830668
2018-08-18 00:00:00+00:00,1.7144637493297024
2018-08-18 00:30:00+00:00,1.4434637170994649
2018-08-18 01:00:00+00:00,0.9956114791986997
2018-08-18 01:30:00+00:00,1.113308531674227
2018-08-18 02:00:00+00:00,1.5776756908147338
2018-08-18 02:30:00+00:00,1.5438452348594138
2018-08-18 03:00:00+00:00,1.6581042778893835
2018-08-18 03:30:00+00:00,1.7544044297767383
2018-08-18 04:00:00+00:00,1.7520824494157599
2018-08-18 04:30:00+00:00,1.7583070885820924
2018-08-18 05:00:00+00:00,1.7393365746324791
2018-08-18 05:30:00+00:00,1.7203660606828657
2018-08-18 06:00:00+00:00,1.7203660606828657
2018-08-18 06:30:00+00:00,1.7203660606828657
2018-08-18 07:00:00+00:00,1.7203660606828657
2018-08-18 07:30:00+00:00,1.7203660606828657
2018-08-18 08:00:00+00:00,1.625513490934799
2018-08-18 08:30:00+00:00,1.7584503117082377
2018-08-18 09:00:00+00:00,1.7501453160283895
2018-08-18 09:30:00+00:00,1.747600681448757
2018-08-18 10:00:00+00:00,1.7525646087628404
2018-08-18 10:30:00+00:00,1.7553748584954942
2018-08-18 11:00:00+00:00,1.7502611595594173
2018-08-18 11:30:00+00:00,1.7516605108154222
2018-08-18 12:00:00+00:00,1.750737071764715
2018-08-18 12:30:00+00:00,1.7552417579786936
2018-08-18 13:00:00+00:00,1.7416790025716884
2018-08-18 13:30:00+00:00,1.755227725294945
2018-08-18 14:00:00+00:00,1.7434698064830845
2018-08-18 14:30:00+00:00,1.7450167371076877
2018-08-18 15:00:00+00:00,1.7507919087833979
2018-08-18 15:30:00+00:00,1.7565670804591085
2018-08-18 16:00:00+00:00,1.736696750103229
2018-08-18 16:30:00+00:00,1.753381166909124
2018-08-18 17:00:00+00:00,1.7553363303840406
2018-08-18 17:30:00+00:00,1.7485472290146824
2018-08-18 18:00:00+00:00,1.7455624545751633
2018-08-18 18:30:00+00:00,1.739035416554212
2018-08-18 19:00:00+00:00,1.7592239428963872
2018-08-18 19:30:00+00:00,1.7519234371114119
2018-08-18 20:00:00+00:00,1.7513082342589728
2018-08-18 20:30:00+00:00,1.7509044665968212
2018-08-18 21:00:00+00:00,1.7553980171569383
2018-08-18 21:30:00+00:00,1.7492647591404198
2018-08-18 22:00:00+00:00,1.752067780759881
2018-08-18 22:30:00+00:00,1.7506150276964552
2018-08-18 23:00:00+00:00,1.7436568208330285
2018-08-18 23:30:00+00:00,1.7492912744979205
2018-08-19 00:00:00+00:00,1.74416189160557
2018-08-19 00:30:00+00:00,1.7262144537275605
2018-08-19 01:00:00+00:00,1.7507792186310038
2018-08-19 01:30:00+00:00,1.7516427806833184
2018-08-19 02:00:00+00:00,1.7300881627236588
2018-08-19 02:30:00+00:00,1.7471581447455222
2018-08-19 03:00:00+00:00,1.750991214847209
2018-08-19 03:30:00+00:00,1.7497812682342104
2018-08-19 04:00:00+00:00,1.7514619911514926
2018-08-19 04:30:00+00:00,1.7527461586793038
2018-08-19 05:00:00+00:00,1.7462239705149116
2018-08-19 05:30:00+00:00,1.744413894720793
2018-08-19 06:00:00+00:00,1.7582671352160817
2018-08-19 06:30:00+00:00,1.755228389608079
2018-08-19 07:00:00+00:00,1.7518449427330816
2018-08-19 07:30:00+00:00,1.7555317949637408
2018-08-19 08:00:00+00:00,1.748685165221001
2018-08-19 08:30:00+00:00,1.7589572366456587
2018-08-19 09:00:00+00:00,1.7577374094103786
2018-08-19 09:30:00+00:00,1.750138739633714
2018-08-19 10:00:00+00:00,1.7538815154585916
2018-08-19 10:30:00+00:00,1.7571538894043357
2018-08-19 11:00:00+00:00,1.7482392704905274
2018-08-19 11:30:00+00:00,1.7595428429991824
2018-08-19 12:00:00+00:00,1.7417648643154722
2018-08-19 12:30:00+00:00,1.7555344839496771
2018-08-19 13:00:00+00:00,1.7467167415436342
2018-08-19 13:30:00+00:00,1.7476379815878116
2018-08-19 14:00:00+00:00,1.7419990066780526
2018-08-19 14:30:00+00:00,1.7602302562313876
2018-08-19 15:00:00+00:00,1.7543306088299668
2018-08-19 15:30:00+00:00,1.7475672840626049
2018-08-19 16:00:00+00:00,1.7494639594742911
2018-08-19 16:30:00+00:00,1.7571313841279552
2018-08-19 17:00:00+00:00,1.7505242920017607
2018-08-19 17:30:00+00:00,1.7542719775681896
2018-08-19 18:00:00+00:00,1.749513713933241
2018-08-19 18:30:00+00:00,1.752063722652005
2018-08-19 19:00:00+00:00,1.7444416820225543
2018-08-19 19:30:00+00:00,1.748747978710756
2018-08-19 20:00:00+00:00,1.7410515045639765
2018-08-19 20:30:00+00:00,1.742472159883169
2018-08-19 21:00:00+00:00,1.743892815202361
2018-08-19 21:30:00+00:00,1.743892815202361
2018-08-19 22:00:00+00:00,1.743892815202361
2018-08-19 22:30:00+00:00,1.743892815202361
2018-08-19 23:00:00+00:00,1.743892815202361
2018-08-19 23:30:00+00:00,1.743892815202361
2018-08-20 00:00:00+00:00,1.743892815202361
2018-08-20 00:30:00+00:00,1.743892815202361
2018-08-20 01:00:00+00:00,1.743892815202361
2018-08-20 01:30:00+00:00,1.749101884706066
2018-08-20 02:00:00+00:00,1.754310954209771
2018-08-20 02:30:00+00:00,1.759520023713476
2018-08-20 03:00:00+00:00,1.74935108677432
2018-08-20 03:30:00+00:00,1.7583068091397933
2018-08-20 04:00:00+00:00,1.7584481119604805
2018-08-20 04:30:00+00:00,1.743344742517862
2018-08-20 05:00:00+00:00,1.761011437550207
2018-08-20 05:30:00+00:00,1.743845897274425
2018-08-20 06:00:00+00:00,1.7475612594129488
2018-08-20 06:30:00+00:00,1.7627849325577913
2018-08-20 07:00:00+00:00,1.7477285222694072
2018-08-20 07:30:00+00:00,1.7526713015957092
2018-08-20 08:00:00+00:00,1.750355659163899
2018-08-20 08:30:00+00:00,1.7504377208691524
2018-08-20 09:00:00+00:00,1.749766837920392
2018-08-20 09:30:00+00:00,1.7520639841989847
2018-08-20 10:00:00+00:00,1.7428758479752704
2018-08-20 10:30:00+00:00,1.7512385419306977
2018-08-20 11:00:00+00:00,1.7449850197184151
2018-08-20 11:30:00+00:00,1.7495445709706077
2018-08-20 12:00:00+00:00,1.74859071711798
2018-08-20 12:30:00+00:00,1.7484851955773228
2018-08-20 13:00:00+00:00,1.7430036306525194
2018-08-20 13:30:00+00:00,1.7471195872144456
2018-08-20 14:00:00+00:00,1.7530602386700982
2018-08-20 14:30:00+00:00,1.7269019000237507
2018-08-20 15:00:00+00:00,1.7506566535865746
2018-08-20 15:30:00+00:00,1.7559524260905701
2018-08-20 16:00:00+00:00,1.7513127359260559
2018-08-20 16:30:00+00:00,1.7557233100185452
2018-08-20 17:00:00+00:00,1.7610261117123374
2018-08-20 17:30:00+00:00,1.749988203552583
2018-08-20 18:00:00+00:00,1.7497875135041243
2018-08-20 18:30:00+00:00,1.7479385002268264
2018-08-20 19:00:00+00:00,1.7518492431160553
2018-08-20 19:30:00+00:00,1.7089463634811688
2018-08-20 20:00:00+00:00,1.7147022073704012
2018-08-20 20:30:00+00:00,1.7425307096630016
2018-08-20 21:00:00+00:00,1.75155093731422
2018-08-20 21:30:00+00:00,1.7341406734945346
2018-08-20 22:00:00+00:00,1.7332791790399238
2018-08-20 22:30:00+00:00,1.7521310228195999
2018-08-20 23:00:00+00:00,1.7491827936818785
2018-08-20 23:30:00+00:00,1.7488065514686035
2018-08-21 00:00:00+00:00,1.752611130627459
2018-08-21 00:30:00+00:00,1.7384246863800565
2018-08-21 01:00:00+00:00,1.6071350761827685
2018-08-21 01:30:00+00:00,1.45591586847217
2018-08-21 02:00:00+00:00,1.7506002709405428
2018-08-21 02:30:00+00:00,1.7541500195880662
2018-08-21 03:00:00+00:00,1.7529739364261385
2018-08-21 03:30:00+00:00,1.7477866806817761
2018-08-21 04:00:00+00:00,1.7494245830051618
2018-08-21 04:30:00+00:00,1.7496002598198634
2018-08-21 05:00:00+00:00,1.761931821372166
2018-08-21 05:30:00+00:00,1.7477817663516815
2018-08-21 06:00:00+00:00,1.7391392715785716
2018-08-21 06:30:00+00:00,1.751303124762829
2018-08-21 07:00:00+00:00,1.7214510731324364
2018-08-21 07:30:00+00:00,1.7529871954814518
2018-08-21 08:00:00+00:00,1.7474413073877795
2018-08-21 08:30:00+00:00,1.7360533287024167
2018-08-21 09:00:00+00:00,1.743313156360933
2018-08-21 09:30:00+00:00,1.7474486160681757
2018-08-21 10:00:00+00:00,1.7516117778613691
2018-08-21 10:30:00+00:00,1.7477702362595608
2018-08-21 11:00:00+00:00,1.7453042997526131
2018-08-21 11:30:00+00:00,1.7512239700275365
2018-08-21 12:00:00+00:00,1.750625550227223
2018-08-21 12:30:00+00:00,1.7544352282665716
2018-08-21 13:00:00+00:00,1.7435258148389245
2018-08-21 13:30:00+00:00,1.7536605018366895
2018-08-21 14:00:00+00:00,1.7472759317395987
2018-08-21 14:30:00+00:00,1.749492481824733
2018-08-21 15:00:00+00:00,1.7519429641171538
2018-08-21 15:30:00+00:00,1.7490577384348889
2018-08-21 16:00:00+00:00,1.7208728483152589
2018-08-21 16:30:00+00:00,1.7475491946302935
2018-08-21 17:00:00+00:00,1.6319112976897003
2018-08-21 17:30:00+00:00,1.2991166418142235
2018-08-21 18:00:00+00:00,1.7191680697412974
2018-08-21 18:30:00+00:00,1.751931395819371
2018-08-21 19:00:00+00:00,1.752562784573874
2018-08-21 19:30:00+00:00,1.7404642572598932
2018-08-21 20:00:00+00:00,1.5729885596989157
2018-08-21 20:30:00+00:00,1.7414632565977306
2018-08-21 21:00:00+00:00,1.587741564478213
2018-08-21 21:30:00+00:00,1.691501466405763
2018-08-21 22:00:00+00:00,1.7436061633127289
2018-08-21 22:30:00+00:00,1.219124713479248
2018-08-21 23:00:00+00:00,1.0905215374467405
2018-08-21 23:30:00+00:00,1.0457526658265646
2018-08-22 00:00:00+00:00,1.0009837942063888
2018-08-22 00:30:00+00:00,0.9371083528660694
2018-08-22 01:00:00+00:00,1.3537016786520817
2018-08-22 01:30:00+00:00,1.071120849344111
2018-08-22 02:00:00+00:00,0.78854002003614
2018-08-22 02:30:00+00:00,1.593575577723944
2018-08-22 03:00:00+00:00,1.7492444884847274
2018-08-22 03:30:00+00:00,1.748461031389515
2018-08-22 04:00:00+00:00,1.7443874885706272
2018-08-22 04:30:00+00:00,1.736403531160725
2018-08-22 05:00:00+00:00,1.7500935305499716
2018-08-22 05:30:00+00:00,1.746077627790988
2018-08-22 06:00:00+00:00,1.7590620666526104
2018-08-22 06:30:00+00:00,1.7414998572357538
2018-08-22 07:00:00+00:00,1.7479221317329316
2018-08-22 07:30:00+00:00,1.7441964359964965
2018-08-22 08:00:00+00:00,1.7563307747512162
2018-08-22 08:30:00+00:00,1.7491109536093392
2018-08-22 09:00:00+00:00,1.7478963948983124
2018-08-22 09:30:00+00:00,1.7410733203352182
2018-08-22 10:00:00+00:00,1.7069981501966238
2018-08-22 10:30:00+00:00,1.7192167009607862
2018-08-22 11:00:00+00:00,1.734571209495887
2018-08-22 11:30:00+00:00,1.7272753928964704
2018-08-22 12:00:00+00:00,1.692648801343947
2018-08-22 12:30:00+00:00,1.75265944683136
2018-08-22 13:00:00+00:00,1.7533190203776625
2018-08-22 13:30:00+00:00,1.7519440910634387
2018-08-22 14:00:00+00:00,1.423402764628817
2018-08-22 14:30:00+00:00,1.4495476836356738
2018-08-22 15:00:00+00:00,1.7508064814622413
2018-08-22 15:30:00+00:00,1.7427494297014323
2018-08-22 16:00:00+00:00,1.7346923779406236
2018-08-22 16:30:00+00:00,1.739366789613844
2018-08-22 17:00:00+00:00,1.7440412012870645
2018-08-22 17:30:00+00:00,1.7440412012870645
2018-08-22 18:00:00+00:00,1.7440412012870645
2018-08-22 18:30:00+00:00,1.7580644363067262
2018-08-22 19:00:00+00:00,1.7224601257855539
2018-08-22 19:30:00+00:00,1.6331062948279582
2018-08-22 20:00:00+00:00,1.7488324253477217
2018-08-22 20:30:00+00:00,1.7515263681387812
2018-08-22 21:00:00+00:00,1.7436541842076299
2018-08-22 21:30:00+00:00,1.6872305294926675
2018-08-22 22:00:00+00:00,1.749529434283291
2018-08-22 22:30:00+00:00,1.7381508977060007
2018-08-22 23:00:00+00:00,1.670812181410558
2018-08-22 23:30:00+00:00,1.6768918499401781
2018-08-23 00:00:00+00:00,1.5455911384501595
2018-08-23 00:30:00+00:00,0.8069443034454302
2018-08-23 01:00:00+00:00,0.3698926181104045
2018-08-23 01:30:00+00:00,0.0194860339471348
2018-08-23 02:00:00+00:00,-0.1292025301360361
2018-08-23 02:30:00+00:00,1.1146901456110192
2018-08-23 03:00:00+00:00,1.707315043794895
2018-08-23 03:30:00+00:00,1.7585918719462166
2018-08-23 04:00:00+00:00,1.7379217397972557
2018-08-23 04:30:00+00:00,1.7471294957152912
2018-08-23 05:00:00+00:00,1.7398589732550154
2018-08-23 05:30:00+00:00,1.736134486770739
2018-08-23 06:00:00+00:00,1.7324100002864629
2018-08-23 06:30:00+00:00,1.7286855138021866
2018-08-23 07:00:00+00:00,1.7422773036770776
2018-08-23 07:30:00+00:00,1.7442033714270535
2018-08-23 08:00:00+00:00,1.7450169614874655
2018-08-23 08:30:00+00:00,1.6911643282190965
2018-08-23 09:00:00+00:00,1.7481159683293597
2018-08-23 09:30:00+00:00,1.7391853365786294
2018-08-23 10:00:00+00:00,1.7169923237381401
2018-08-23 10:30:00+00:00,1.728296547251868
2018-08-23 11:00:00+00:00,1.6602358224529519
2018-08-23 11:30:00+00:00,1.717816112295348
2018-08-23 12:00:00+00:00,1.721089269964323
2018-08-23 12:30:00+00:00,1.7430310514826055
2018-08-23 13:00:00+00:00,1.749133143805732
2018-08-23 13:30:00+00:00,1.7459887213956382
2018-08-23 14:00:00+00:00,1.7336167957633777
2018-08-23 14:30:00+00:00,1.7453994147532292
2018-08-23 15:00:00+00:00,1.7502327120869967
2018-08-23 15:30:00+00:00,1.7557730920447459
2018-08-23 16:00:00+00:00,1.7414631051757952
2018-08-23 16:30:00+00:00,1.734003826608444
2018-08-23 17:00:00+00:00,1.7447665340600877
2018-08-23 17:30:00+00:00,1.4912924994413397
2018-08-23 18:00:00+00:00,1.7301524950213132
2018-08-23 18:30:00+00:00,1.7526846654664656
2018-08-23 19:00:00+00:00,1.7502844598452345
2018-08-23 19:30:00+00:00,1.7366569167411272
2018-08-23 20:00:00+00:00,1.6992789416521914
2018-08-23 20:30:00+00:00,1.7482370810997692
2018-08-23 21:00:00+00:00,1.7481526619940648
2018-08-23 21:30:00+00:00,1.7529575388070677
2018-08-23 22:00:00+00:00,1.7520152153231914
2018-08-23 22:30:00+00:00,1.752265158268564
2018-08-23 23:00:00+00:00,1.7462237109041967
2018-08-23 23:30:00+00:00,1.7513928904394263
2018-08-24 00:00:00+00:00,1.7541489739245517
2018-08-24 00:30:00+00:00,1.7458233108262269
2018-08-24 01:00:00+00:00,1.7398421498730905
2018-08-24 01:30:00+00:00,1.7002811514604361
2018-08-24 02:00:00+00:00,1.6607201530477815
2018-08-24 02:30:00+00:00,1.6607201530477815
2018-08-24 03:00:00+00:00,1.6607201530477815
2018-08-24 03:30:00+00:00,1.6607201530477815
2018-08-24 04:00:00+00:00,1.6607201530477815
2018-08-24 04:30:00+00:00,1.6607201530477815
2018-08-24 05:00:00+00:00,1.6607201530477815
2018-08-24 05:30:00+00:00,1.6607201530477815
2018-08-24 06:00:00+00:00,1.6607201530477815
2018-08-24 06:30:00+00:00,1.3046711673338904
2018-08-24 07:00:00+00:00,1.4800920793047647
2018-08-24 07:30:00+00:00,1.3665663558018641
2018-08-24 08:00:00+00:00,1.2587884703679153
2018-08-24 08:30:00+00:00,1.507841284407464
2018-08-24 09:00:00+00:00,1.2206726118276765
2018-08-24 09:30:00+00:00,1.686254398996807
2018-08-24 10:00:00+00:00,1.4042317053676534
2018-08-24 10:30:00+00:00,1.6731973309096388
2018-08-24 11:00:00+00:00,1.6660770007093677
2018-08-24 11:30:00+00:00,1.714024426267537
2018-08-24 12:00:00+00:00,1.7235908814793175
2018-08-24 12:30:00+00:00,1.1714114678012577
2018-08-24 13:00:00+00:00,0.6192320541231983
2018-08-24 13:30:00+00:00,0.08934709840481167
2018-08-24 14:00:00+00:00,0.4180718802977599
2018-08-24 14:30:00+00:00,0.7467966621907081
2018-08-24 15:00:00+00:00,0.7467966621907081
2018-08-24 15:30:00+00:00,0.7467966621907081
2018-08-24 16:00:00+00:00,1.7329710078695528
2018-08-24 16:30:00+00:00,1.762412800761788
2018-08-24 17:00:00+00:00,1.7622255735034256
2018-08-24 17:30:00+00:00,1.7620383462450626
2018-08-24 18:00:00+00:00,1.7620383462450626
2018-08-24 18:30:00+00:00,1.7620383462450626
2018-08-24 19:00:00+00:00,1.7620383462450626
2018-08-24 19:30:00+00:00,1.7620383462450626
2018-08-24 20:00:00+00:00,1.7620383462450626
2018-08-24 20:30:00+00:00,1.7620383462450626
2018-08-24 21:00:00+00:00,1.7607277554365237
2018-08-24 21:30:00+00:00,1.5710076882207276
2018-08-24 22:00:00+00:00,1.666861793070739
2018-08-24 22:30:00+00:00,1.7627158979207505
2018-08-24 23:00:00+00:00,1.3685422752231335
2018-08-24 23:30:00+00:00,1.5545664522904108
2018-08-25 00:00:00+00:00,1.706759210052954
2018-08-25 00:30:00+00:00,1.4933125589164826
2018-08-25 01:00:00+00:00,1.4927256585062878
2018-08-25 01:30:00+00:00,1.1767241879130381
2018-08-25 02:00:00+00:00,1.0829756634509067
2018-08-25 02:30:00+00:00,1.6853097009416678
2018-08-25 03:00:00+00:00,1.5185713869105626
2018-08-25 03:30:00+00:00,1.6153722202462166
2018-08-25 04:00:00+00:00,1.4624594714608734
2018-08-25 04:30:00+00:00,0.7897186990868603
2018-08-25 05:00:00+00:00,0.7609714241462322
2018-08-25 05:30:00+00:00,0.4527693335087714
2018-08-25 06:00:00+00:00,0.9956766322032462
2018-08-25 06:30:00+00:00,1.170158345281888
2018-08-25 07:00:00+00:00,1.1064696799510914
2018-08-25 07:30:00+00:00,1.0427810146202943
2018-08-25 08:00:00+00:00,1.081790258625322
2018-08-25 08:30:00+00:00,1.293201198874381
2018-08-25 09:00:00+00:00,1.653885615958175
2018-08-25 09:30:00+00:00,1.1946569907646936
2018-08-25 10:00:00+00:00,1.5585561826090444
2018-08-25 10:30:00+00:00,1.6651702586272497
2018-08-25 11:00:00+00:00,1.5674978323704405
2018-08-25 11:30:00+00:00,1.7470814735484772
2018-08-25 12:00:00+00:00,1.6434775300966196
2018-08-25 12:30:00+00:00,1.6985163119559499
2018-08-25 13:00:00+00:00,1.7224083394835517
2018-08-25 13:30:00+00:00,1.6846605991534223
2018-08-25 14:00:00+00:00,1.5259502452878744
2018-08-25 14:30:00+00:00,1.722488772548504
2018-08-25 15:00:00+00:00,1.7019664346057375
2018-08-25 15:30:00+00:00,1.7481303038569795
2018-08-25 16:00:00+00:00,1.7450096216532742
2018-08-25 16:30:00+00:00,1.725760054852757
2018-08-25 17:00:00+00:00,0.7721861808671405
2018-08-25 17:30:00+00:00,1.4844873783194679
2018-08-25 18:00:00+00:00,1.5807777306838846
2018-08-25 18:30:00+00:00,1.677068083048301
2018-08-25 19:00:00+00:00,1.7012917870675346
2018-08-25 19:30:00+00:00,1.7255154910867683
2018-08-25 20:00:00+00:00,1.7497391951060017
2018-08-25 20:30:00+00:00,1.7480271713667463
2018-08-25 21:00:00+00:00,1.750066863770535
2018-08-25 21:30:00+00:00,1.739373419141501
2018-08-25 22:00:00+00:00,1.7415378690682557
2018-08-25 22:30:00+00:00,1.7262403468785614
2018-08-25 23:00:00+00:00,1.721381269271964
2018-08-25 23:30:00+00:00,0.6135927550203262
2018-08-26 00:00:00+00:00,1.1409431425831904
2018-08-26 00:30:00+00:00,1.4432619212154723
2018-08-26 01:00:00+00:00,1.452163906689098
2018-08-26 01:30:00+00:00,1.4610658921627235
2018-08-26 02:00:00+00:00,1.4610658921627235
2018-08-26 02:30:00+00:00,1.4788698631099753
2018-08-26 03:00:00+00:00,1.4545611945472852
2018-08-26 03:30:00+00:00,1.4302525259845953
2018-08-26 04:00:00+00:00,1.4302525259845953
2018-08-26 04:30:00+00:00,1.4302525259845953
2018-08-26 05:00:00+00:00,1.357326520296525
2018-08-26 05:30:00+00:00,1.1970816833801843
2018-08-26 06:00:00+00:00,1.0368368464638438
2018-08-26 06:30:00+00:00,1.0368368464638438
2018-08-26 07:00:00+00:00,0.7163471726311624
2018-08-26 07:30:00+00:00,1.4231438776599434
2018-08-26 08:00:00+00:00,1.0444907936175016
2018-08-26 08:30:00+00:00,1.2238785935868142
2018-08-26 09:00:00+00:00,1.5151424600280197
2018-08-26 09:30:00+00:00,1.528393685075673
2018-08-26 10:00:00+00:00,1.5436746508907402
2018-08-26 10:30:00+00:00,1.627718549802661
2018-08-26 11:00:00+00:00,1.613324513266939
2018-08-26 11:30:00+00:00,1.6940228341524224
2018-08-26 12:00:00+00:00,1.7554667709751153
2018-08-26 12:30:00+00:00,1.6386224995853929
2018-08-26 13:00:00+00:00,1.6007078234539898
2018-08-26 13:30:00+00:00,1.6945176303966187
2018-08-26 14:00:00+00:00,1.6950693788027542
2018-08-26 14:30:00+00:00,1.7501126647763894
2018-08-26 15:00:00+00:00,1.754029699717974
2018-08-26 15:30:00+00:00,1.7504354247619824
2018-08-26 16:00:00+00:00,1.7516673826181757
2018-08-26 16:30:00+00:00,1.7260552615523082
2018-08-26 17:00:00+00:00,1.5978404729018056
2018-08-26 17:30:00+00:00,1.4784977808702424
2018-08-26 18:00:00+00:00,1.7363912219339177
2018-08-26 18:30:00+00:00,1.6228306569365853
2018-08-26 19:00:00+00:00,1.7485844082783917
2018-08-26 19:30:00+00:00,1.5424058118819552
2018-08-26 20:00:00+00:00,1.7342778837932695
2018-08-26 20:30:00+00:00,1.7466758260815116
2018-08-26 21:00:00+00:00,1.742427587195114
2018-08-26 21:30:00+00:00,1.3574069115787408
2018-08-26 22:00:00+00:00,1.4871313062644107
2018-08-26 22:30:00+00:00,1.5055619812374725
2018-08-26 23:00:00+00:00,1.5239926562105341
2018-08-26 23:30:00+00:00,1.5239926562105341
2018-08-27 00:00:00+00:00,1.5239926562105341
2018-08-27 00:30:00+00:00,1.5239926562105341
2018-08-27 01:00:00+00:00,1.5239926562105341
2018-08-27 01:30:00+00:00,1.5239926562105341
2018-08-27 02:00:00+00:00,1.5239926562105341
2018-08-27 02:30:00+00:00,1.5239926562105341
2018-08-27 03:00:00+00:00,1.5239926562105341
2018-08-27 03:30:00+00:00,1.5792846811297199
2018-08-27 04:00:00+00:00,1.6345767060489058
2018-08-27 04:30:00+00:00,1.6898687309680915
2018-08-27 05:00:00+00:00,1.7451607558872773
2018-08-27 05:30:00+00:00,1.758501379444328
2018-08-27 06:00:00+00:00,1.7494121709222468
2018-08-27 06:30:00+00:00,1.7375754584788008
2018-08-27 07:00:00+00:00,1.7429822541687674
2018-08-27 07:30:00+00:00,1.7483890498587347
2018-08-27 08:00:00+00:00,1.7205975506297722
2018-08-27 08:30:00+00:00,1.6608721882798436
2018-08-27 09:00:00+00:00,1.752157172011329
2018-08-27 09:30:00+00:00,1.7534038694163985
2018-08-27 10:00:00+00:00,1.7546505668214678
2018-08-27 10:30:00+00:00,1.7457446257576872
2018-08-27 11:00:00+00:00,1.7522784857599447
2018-08-27 11:30:00+00:00,1.7423222374482088
2018-08-27 12:00:00+00:00,1.7458808377894584
2018-08-27 12:30:00+00:00,1.421665387173093
2018-08-27 13:00:00+00:00,1.0974499365567278
2018-08-27 13:30:00+00:00,0.7732344859403625
2018-08-27 14:00:00+00:00,0.141333889118136
2018-08-27 14:30:00+00:00,0.05367792384254773
2018-08-27 15:00:00+00:00,-0.03397804143304034
2018-08-27 15:30:00+00:00,-0.28824956103962746
2018-08-27 16:00:00+00:00,-0.04797614630886549
2018-08-27 16:30:00+00:00,0.4044766803911614
2018-08-27 17:00:00+00:00,0.310496290915806
2018-08-27 17:30:00+00:00,0.11874956391093754
2018-08-27 18:00:00+00:00,-0.28138070192825554
2018-08-27 18:30:00+00:00,-0.30363899964803126
2018-08-27 19:00:00+00:00,-0.09550012825501865
2018-08-27 19:30:00+00:00,0.16327926065167667
2018-08-27 20:00:00+00:00,0.7691979518661671
2018-08-27 20:30:00+00:00,1.6904497928827544
2018-08-27 21:00:00+00:00,1.7434634522680383
2018-08-27 21:30:00+00:00,1.664942046498297
2018-08-27 22:00:00+00:00,0.6913212120173028
2018-08-27 22:30:00+00:00,1.3512968000418606
2018-08-27 23:00:00+00:00,1.3443101943459963
2018-08-27 23:30:00+00:00,1.7213371210594801
2018-08-28 00:00:00+00:00,1.6746257408320586
2018-08-28 00:30:00+00:00,1.0544717029951263
2018-08-28 01:00:00+00:00,0.90876103194337
2018-08-28 01:30:00+00:00,1.0670567231702448
2018-08-28 02:00:00+00:00,1.6721981095989953
2018-08-28 02:30:00+00:00,1.7259581737074114
2018-08-28 03:00:00+00:00,1.5202308171505616
2018-08-28 03:30:00+00:00,1.747481251045398
2018-08-28 04:00:00+00:00,1.7130586131117473
2018-08-28 04:30:00+00:00,1.626593065810861
2018-08-28 05:00:00+00:00,1.3805047800593406
2018-08-28 05:30:00+00:00,1.6110368494451124
2018-08-28 06:00:00+00:00,1.7408943932932028
2018-08-28 06:30:00+00:00,1.6848884660403614
2018-08-28 07:00:00+00:00,1.4463789893905419
2018-08-28 07:30:00+00:00,1.5607291975111077
2018-08-28 08:00:00+00:00,1.714257083642482
2018-08-28 08:30:00+00:00,1.7131721672402498
2018-08-28 09:00:00+00:00,1.7120872508380176
2018-08-28 09:30:00+00:00,1.7120872508380176
2018-08-28 10:00:00+00:00,1.7120872508380176
2018-08-28 10:30:00+00:00,1.7120872508380176
2018-08-28 11:00:00+00:00,1.7120872508380176
2018-08-28 11:30:00+00:00,1.7120872508380176
2018-08-28 12:00:00+00:00,1.7120872508380176
2018-08-28 12:30:00+00:00,1.7120872508380176
2018-08-28 13:00:00+00:00,1.7120872508380176
2018-08-28 13:30:00+00:00,1.702155230701498
2018-08-28 14:00:00+00:00,1.6922232105649782
2018-08-28 14:30:00+00:00,1.6822911904284585
2018-08-28 15:00:00+00:00,1.6723591702919387
2018-08-28 15:30:00+00:00,1.662427150155419
2018-08-28 16:00:00+00:00,1.6524951300188992
2018-08-28 16:30:00+00:00,1.6425631098823796
2018-08-28 17:00:00+00:00,1.6326310897458598
2018-08-28 17:30:00+00:00,1.6226990696093402
2018-08-28 18:00:00+00:00,1.6127670494728203
2018-08-28 18:30:00+00:00,1.6028350293363007
2018-08-28 19:00:00+00:00,1.5929030091997811
2018-08-28 19:30:00+00:00,1.5829709890632613
2018-08-28 20:00:00+00:00,1.5730389689267417
2018-08-28 20:30:00+00:00,1.5631069487902218
2018-08-28 21:00:00+00:00,1.5531749286537022
2018-08-28 21:30:00+00:00,1.5432429085171824
2018-08-28 22:00:00+00:00,1.5333108883806628
2018-08-28 22:30:00+00:00,1.523378868244143
2018-08-28 23:00:00+00:00,1.5134468481076233
2018-08-28 23:30:00+00:00,1.5035148279711035
2018-08-29 00:00:00+00:00,1.4935828078345839
2018-08-29 00:30:00+00:00,1.483650787698064
2018-08-29 01:00:00+00:00,1.4737187675615444
2018-08-29 01:30:00+00:00,1.4637867474250248
2018-08-29 02:00:00+00:00,1.453854727288505
2018-08-29 02:30:00+00:00,1.4439227071519851
2018-08-29 03:00:00+00:00,1.4339906870154655
2018-08-29 03:30:00+00:00,1.424058666878946
2018-08-29 04:00:00+00:00,1.414126646742426
2018-08-29 04:30:00+00:00,1.4041946266059064
2018-08-29 05:00:00+00:00,1.3942626064693866
2018-08-29 05:30:00+00:00,1.384330586332867
2018-08-29 06:00:00+00:00,1.3743985661963474
2018-08-29 06:30:00+00:00,1.3644665460598275
2018-08-29 07:00:00+00:00,1.3545345259233077
2018-08-29 07:30:00+00:00,1.344602505786788
2018-08-29 08:00:00+00:00,1.3346704856502685
2018-08-29 08:30:00+00:00,1.3247384655137486
2018-08-29 09:00:00+00:00,1.314806445377229
2018-08-29 09:30:00+00:00,1.3048744252407092
2018-08-29 10:00:00+00:00,1.2949424051041896
2018-08-29 10:30:00+00:00,1.2850103849676697
2018-08-29 11:00:00+00:00,1.2750783648311501
2018-08-29 11:30:00+00:00,1.2651463446946303
2018-08-29 12:00:00+00:00,1.2552143245581107
2018-08-29 12:30:00+00:00,1.245282304421591
2018-08-29 13:00:00+00:00,1.2353502842850712
2018-08-29 13:30:00+00:00,1.2254182641485514
2018-08-29 14:00:00+00:00,1.2154862440120318
2018-08-29 14:30:00+00:00,1.2055542238755121
2018-08-29 15:00:00+00:00,1.1956222037389923
2018-08-29 15:30:00+00:00,1.7206234748517677
2018-08-29 16:00:00+00:00,1.5988570016094747
2018-08-29 16:30:00+00:00,1.7509621583543147
2018-08-29 17:00:00+00:00,1.7503160574735224
2018-08-29 17:30:00+00:00,1.7489545560865085
2018-08-29 18:00:00+00:00,1.755171540873993
2018-08-29 18:30:00+00:00,1.751086653941287
2018-08-29 19:00:00+00:00,1.7539932380403698
2018-08-29 19:30:00+00:00,1.7496587185286268
2018-08-29 20:00:00+00:00,1.7504325711467756
2018-08-29 20:30:00+00:00,1.7519170030557094
2018-08-29 21:00:00+00:00,1.7535257355491753
2018-08-29 21:30:00+00:00,1.7474203594643034
2018-08-29 22:00:00+00:00,1.75112708299697
2018-08-29 22:30:00+00:00,1.7535724302503537
2018-08-29 23:00:00+00:00,1.7477622618298028
2018-08-29 23:30:00+00:00,1.6810725228608505
2018-08-30 00:00:00+00:00,1.3915649547897828
2018-08-30 00:30:00+00:00,1.752071769274848
2018-08-30 01:00:00+00:00,1.5679613173261417
2018-08-30 01:30:00+00:00,0.7156460304177148
2018-08-30 02:00:00+00:00,0.5222327653096551
2018-08-30 02:30:00+00:00,1.1906693307268537
2018-08-30 03:00:00+00:00,1.379413852326695
2018-08-30 03:30:00+00:00,1.6621264570111245
2018-08-30 04:00:00+00:00,1.279505963522641
2018-08-30 04:30:00+00:00,1.2066590597873448
2018-08-30 05:00:00+00:00,1.0443002457678605
2018-08-30 05:30:00+00:00,0.46701702637317194
2018-08-30 06:00:00+00:00,0.45930343282470304
2018-08-30 06:30:00+00:00,0.5608636782962728
2018-08-30 07:00:00+00:00,0.8284802735618672
2018-08-30 07:30:00+00:00,0.611596253730607
2018-08-30 08:00:00+00:00,0.637441495987438
2018-08-30 08:30:00+00:00,0.8843981425245603
2018-08-30 09:00:00+00:00,0.03216155428548005
2018-08-30 09:30:00+00:00,0.4976212291092692
2018-08-30 10:00:00+00:00,0.57916240535382
2018-08-30 10:30:00+00:00,1.3006405030988122
2018-08-30 11:00:00+00:00,0.954309148843963
2018-08-30 11:30:00+00:00,1.0678880276920761
2018-08-30 12:00:00+00:00,0.7130918471797256
2018-08-30 12:30:00+00:00,0.391680279444368
2018-08-30 13:00:00+00:00,-0.6596570864949168
2018-08-30 13:30:00+00:00,-0.7850144647686579
2018-08-30 14:00:00+00:00,-0.525000260481043
2018-08-30 14:30:00+00:00,1.5103827383374868
2018-08-30 15:00:00+00:00,1.513043230582429
2018-08-30 15:30:00+00:00,1.7236730457747438
2018-08-30 16:00:00+00:00,1.6229268282563956
2018-08-30 16:30:00+00:00,1.5221806107380476
2018-08-30 17:00:00+00:00,1.5221806107380476
2018-08-30 17:30:00+00:00,1.320688175701351
2018-08-30 18:00:00+00:00,1.4635249720085206
2018-08-30 18:30:00+00:00,0.9796497493371262
2018-08-30 19:00:00+00:00,1.6170426416286536
2018-08-30 19:30:00+00:00,1.4238409191928008
2018-08-30 20:00:00+00:00,1.5261103155792533
2018-08-30 20:30:00+00:00,1.720927219640787
2018-08-30 21:00:00+00:00,1.7523397447822606
2018-08-30 21:30:00+00:00,1.7492813919769705
2018-08-30 22:00:00+00:00,1.6873274546736972
2018-08-30 22:30:00+00:00,1.1740941442232573
2018-08-30 23:00:00+00:00,0.6974737516289613
2018-08-30 23:30:00+00:00,0.3594444883639857
2018-08-31 00:00:00+00:00,0.7572314839967048
2018-08-31 00:30:00+00:00,1.7105085020684638
2018-08-31 01:00:00+00:00,1.193355406762317
2018-08-31 01:30:00+00:00,0.7510490252000875
2018-08-31 02:00:00+00:00,0.829460489283897
2018-08-31 02:30:00+00:00,1.2125209468999587
2018-08-31 03:00:00+00:00,1.5237387986725979
2018-08-31 03:30:00+00:00,1.376724155220389
2018-08-31 04:00:00+00:00,0.8870897833943682
2018-08-31 04:30:00+00:00,1.5226203131112526
2018-08-31 05:00:00+00:00,1.4953669791317374
2018-08-31 05:30:00+00:00,1.4681136451522219
2018-08-31 06:00:00+00:00,1.4681136451522219
2018-08-31 06:30:00+00:00,1.4681136451522219
2018-08-31 07:00:00+00:00,1.4681136451522219
2018-08-31 07:30:00+00:00,1.4681136451522219
2018-08-31 08:00:00+00:00,1.4681136451522219
2018-08-31 08:30:00+00:00,1.4681136451522219
2018-08-31 09:00:00+00:00,1.4681136451522219
2018-08-31 09:30:00+00:00,1.4681136451522219
2018-08-31 10:00:00+00:00,1.4504721398068683
2018-08-31 10:30:00+00:00,1.432830634461515
2018-08-31 11:00:00+00:00,1.4151891291161613
2018-08-31 11:30:00+00:00,1.3975476237708078
2018-08-31 12:00:00+00:00,1.3799061184254544
2018-08-31 12:30:00+00:00,1.3622646130801008
2018-08-31 13:00:00+00:00,1.3446231077347472
2018-08-31 13:30:00+00:00,1.3269816023893939
2018-08-31 14:00:00+00:00,1.3093400970440403
2018-08-31 14:30:00+00:00,1.2916985916986867
2018-08-31 15:00:00+00:00,1.2740570863533334
2018-08-31 15:30:00+00:00,1.2564155810079798
2018-08-31 16:00:00+00:00,1.2387740756626262
2018-08-31 16:30:00+00:00,1.2211325703172728
2018-08-31 17:00:00+00:00,1.2034910649719193
2018-08-31 17:30:00+00:00,1.1858495596265657
2018-08-31 18:00:00+00:00,1.1682080542812123
2018-08-31 18:30:00+00:00,1.1505665489358587
2018-08-31 19:00:00+00:00,1.1329250435905052
2018-08-31 19:30:00+00:00,1.1152835382451518
2018-08-31 20:00:00+00:00,1.0976420328997982
2018-08-31 20:30:00+00:00,1.0800005275544446
2018-08-31 21:00:00+00:00,1.062359022209091
2018-08-31 21:30:00+00:00,1.0447175168637377
2018-08-31 22:00:00+00:00,1.0270760115183841
2018-08-31 22:30:00+00:00,1.0094345061730305
2018-08-31 23:00:00+00:00,0.9917930008276772
2018-08-31 23:30:00+00:00,0.9741514954823236
2018-09-01 00:00:00+00:00,0.9565099901369701
2018-09-01 00:30:00+00:00,0.9388684847916166
2018-09-01 01:00:00+00:00,0.9212269794462631
2018-09-01 01:30:00+00:00,0.9035854741009096
2018-09-01 02:00:00+00:00,0.885943968755556
2018-09-01 02:30:00+00:00,0.8683024634102026
2018-09-01 03:00:00+00:00,0.850660958064849
2018-09-01 03:30:00+00:00,0.8330194527194955
2018-09-01 04:00:00+00:00,0.815377947374142
2018-09-01 04:30:00+00:00,0.7977364420287885
2018-09-01 05:00:00+00:00,0.780094936683435
2018-09-01 05:30:00+00:00,0.7624534313380815
2018-09-01 06:00:00+00:00,0.7448119259927279
2018-09-01 06:30:00+00:00,0.7271704206473745
2018-09-01 07:00:00+00:00,0.709528915302021
2018-09-01 07:30:00+00:00,0.6918874099566674
2018-09-01 08:00:00+00:00,0.674245904611314
2018-09-01 08:30:00+00:00,0.6566043992659604
2018-09-01 09:00:00+00:00,0.6389628939206069
2018-09-01 09:30:00+00:00,0.6213213885752534
2018-09-01 10:00:00+00:00,0.6036798832298998
2018-09-01 10:30:00+00:00,0.5860383778845464
2018-09-01 11:00:00+00:00,0.5683968725391929
2018-09-01 11:30:00+00:00,0.5507553671938393
2018-09-01 12:00:00+00:00,0.5331138618484859
2018-09-01 12:30:00+00:00,0.5154723565031324
2018-09-01 13:00:00+00:00,0.4978308511577788
2018-09-01 13:30:00+00:00,0.48018934581242534
2018-09-01 14:00:00+00:00,0.46254784046707176
2018-09-01 14:30:00+00:00,0.46254784046707176
2018-09-01 15:00:00+00:00,0.46254784046707176
2018-09-01 15:30:00+00:00,0.46254784046707176
2018-09-01 16:00:00+00:00,0.46254784046707176
2018-09-01 16:30:00+00:00,0.46254784046707176
2018-09-01 17:00:00+00:00,0.774943685078559
2018-09-01 17:30:00+00:00,1.0873395296900463
2018-09-01 18:00:00+00:00,1.3997353743015335
2018-09-01 18:30:00+00:00,1.712131218913021
2018-09-01 19:00:00+00:00,1.1031495120765116
2018-09-01 19:30:00+00:00,0.7295207870982404
2018-09-01 20:00:00+00:00,0.6676471826584688
2018-09-01 20:30:00+00:00,0.8569575557563871
2018-09-01 21:00:00+00:00,1.1709357019314524
2018-09-01 21:30:00+00:00,1.5938248196066374
2018-09-01 22:00:00+00:00,1.3896374697916696
2018-09-01 22:30:00+00:00,0.43911334114612194
2018-09-01 23:00:00+00:00,0.5894049218200004
2018-09-01 23:30:00+00:00,1.1438491277539837
2018-09-02 00:00:00+00:00,0.40144068373458763
2018-09-02 00:30:00+00:00,0.6232542174478359
2018-09-02 01:00:00+00:00,0.6322159239929117
2018-09-02 01:30:00+00:00,0.6658855299475052
2018-09-02 02:00:00+00:00,1.3094002739256614
2018-09-02 02:30:00+00:00,1.4164243777559253
2018-09-02 03:00:00+00:00,0.42659930644260957
2018-09-02 03:30:00+00:00,0.6944344788135052
2018-09-02 04:00:00+00:00,0.8839573722310673
2018-09-02 04:30:00+00:00,0.7727779603674146
2018-09-02 05:00:00+00:00,1.027992908033806
2018-09-02 05:30:00+00:00,1.1824216086453363
2018-09-02 06:00:00+00:00,1.1635018876406258
2018-09-02 06:30:00+00:00,0.45211597580053875
2018-09-02 07:00:00+00:00,0.49407377825952525
2018-09-02 07:30:00+00:00,0.6237062959994316
2018-09-02 08:00:00+00:00,0.3058635161757985
2018-09-02 08:30:00+00:00,0.35122337056421243
2018-09-02 09:00:00+00:00,0.43489115272144696
2018-09-02 09:30:00+00:00,0.25490041456934637
2018-09-02 10:00:00+00:00,0.4121113702584949
2018-09-02 10:30:00+00:00,0.6589271499124465
2018-09-02 11:00:00+00:00,0.45503357654801774
2018-09-02 11:30:00+00:00,-0.008013349739825213
2018-09-02 12:00:00+00:00,-0.3425721711732881
2018-09-02 12:30:00+00:00,-0.18837556230019664
2018-09-02 13:00:00+00:00,-0.28542525634167937
2018-09-02 13:30:00+00:00,0.27871249054678837
2018-09-02 14:00:00+00:00,-0.07706724603898889
2018-09-02 14:30:00+00:00,0.017964212933843555
2018-09-02 15:00:00+00:00,0.5227224732972165
2018-09-02 15:30:00+00:00,0.8296968180415724
2018-09-02 16:00:00+00:00,0.7093993197737201
2018-09-02 16:30:00+00:00,0.9596571935321333
2018-09-02 17:00:00+00:00,1.7289954923998454
2018-09-02 17:30:00+00:00,1.6862969430544814
2018-09-02 18:00:00+00:00,1.7481934542987794
2018-09-02 18:30:00+00:00,1.7501080684740744
2018-09-02 19:00:00+00:00,1.7523399314048802
2018-09-02 19:30:00+00:00,1.7496507593503137
2018-09-02 20:00:00+00:00,1.7496502249379473
2018-09-02 20:30:00+00:00,1.7519783621301244
2018-09-02 21:00:00+00:00,1.7508342109483537
2018-09-02 21:30:00+00:00,1.749440694736123
2018-09-02 22:00:00+00:00,1.6470554751910331
2018-09-02 22:30:00+00:00,0.8341056879490045
2018-09-02 23:00:00+00:00,0.24572199181852833
2018-09-02 23:30:00+00:00,0.042751534769911496
2018-09-03 00:00:00+00:00,0.3547464082819723
2018-09-03 00:30:00+00:00,0.64088519489045
2018-09-03 01:00:00+00:00,0.3160624814810281
2018-09-03 01:30:00+00:00,0.07933496155220505
2018-09-03 02:00:00+00:00,0.6695945279828646
2018-09-03 02:30:00+00:00,0.9700298156700066
2018-09-03 03:00:00+00:00,0.780854913302697
2018-09-03 03:30:00+00:00,0.7327802182310896
2018-09-03 04:00:00+00:00,0.6873004574301966
2018-09-03 04:30:00+00:00,0.20422745006062817
2018-09-03 05:00:00+00:00,0.8415293193962821
2018-09-03 05:30:00+00:00,0.6137244439051474
2018-09-03 06:00:00+00:00,0.6965133380844422
2018-09-03 06:30:00+00:00,0.2426608552448002
2018-09-03 07:00:00+00:00,0.16892893503195022
2018-09-03 07:30:00+00:00,0.4202055218230529
2018-09-03 08:00:00+00:00,-0.057234104179190615
2018-09-03 08:30:00+00:00,-0.05744794043419049
2018-09-03 09:00:00+00:00,0.04062859874987045
2018-09-03 09:30:00+00:00,-0.34712443190402864
2018-09-03 10:00:00+00:00,0.2294647301655661
2018-09-03 10:30:00+00:00,0.0742252311509909
2018-09-03 11:00:00+00:00,0.0357967920339588
2018-09-03 11:30:00+00:00,0.39075024289714955
2018-09-03 12:00:00+00:00,0.09984587050735878
2018-09-03 12:30:00+00:00,0.0067986988571953665
2018-09-03 13:00:00+00:00,-0.3095518907825593
2018-09-03 13:30:00+00:00,0.15439167928550163
2018-09-03 14:00:00+00:00,0.5486389993028321
2018-09-03 14:30:00+00:00,0.5739949111956624
2018-09-03 15:00:00+00:00,-0.05019162143591224
2018-09-03 15:30:00+00:00,-0.3911888801958906
2018-09-03 16:00:00+00:00,-0.5326038025579511
2018-09-03 16:30:00+00:00,-0.5892722645372079
2018-09-03 17:00:00+00:00,-0.19881198272674167
2018-09-03 17:30:00+00:00,1.7115985683938375
2018-09-03 18:00:00+00:00,1.7475320316594152
2018-09-03 18:30:00+00:00,1.1500106439252042
2018-09-03 19:00:00+00:00,1.3681831503690387
2018-09-03 19:30:00+00:00,1.0824376462219547
2018-09-03 20:00:00+00:00,1.6251560609185483
2018-09-03 20:30:00+00:00,0.9174983859822712
2018-09-03 21:00:00+00:00,0.8293173604523209
2018-09-03 21:30:00+00:00,1.5005176377716527
2018-09-03 22:00:00+00:00,1.6780996039722873
2018-09-03 22:30:00+00:00,1.605308756944641
2018-09-03 23:00:00+00:00,1.0194501088819323
2018-09-03 23:30:00+00:00,1.1358984514172097
2018-09-04 00:00:00+00:00,0.8203110336807031
2018-09-04 00:30:00+00:00,0.7422082479295667
2018-09-04 01:00:00+00:00,0.2968276013038144
2018-09-04 01:30:00+00:00,0.33247124760363295
2018-09-04 02:00:00+00:00,0.9845732464091513
2018-09-04 02:30:00+00:00,0.5678568497235554
2018-09-04 03:00:00+00:00,-0.01804195199508713
2018-09-04 03:30:00+00:00,0.6107302776389999
2018-09-04 04:00:00+00:00,0.7962420890519769
2018-09-04 04:30:00+00:00,0.31630999985652547
2018-09-04 05:00:00+00:00,0.28039886172110956
2018-09-04 05:30:00+00:00,-0.03534943959837852
2018-09-04 06:00:00+00:00,-0.0549487203749816
2018-09-04 06:30:00+00:00,-0.0538938701432989
2018-09-04 07:00:00+00:00,-0.0656776300032494
2018-09-04 07:30:00+00:00,-0.13186563631565865
2018-09-04 08:00:00+00:00,-0.05559630893805445
2018-09-04 08:30:00+00:00,0.13146646024489003
2018-09-04 09:00:00+00:00,0.33186481247499705
2018-09-04 09:30:00+00:00,-0.2493243327649758
2018-09-04 10:00:00+00:00,0.02501007768052412
2018-09-04 10:30:00+00:00,0.18244007593548153
2018-09-04 11:00:00+00:00,-0.24865756375355644
2018-09-04 11:30:00+00:00,-0.2579632414449395
2018-09-04 12:00:00+00:00,-0.3182413868174386
2018-09-04 12:30:00+00:00,0.08699213482386073
2018-09-04 13:00:00+00:00,0.7307659134777844
2018-09-04 13:30:00+00:00,0.43041283970142363
2018-09-04 14:00:00+00:00,0.11960835417417483
2018-09-04 14:30:00+00:00,-0.0769549135797234
2018-09-04 15:00:00+00:00,-0.404093414854825
2018-09-04 15:30:00+00:00,-0.45367930997066547
2018-09-04 16:00:00+00:00,0.2360103459064003
2018-09-04 16:30:00+00:00,-0.08932438476123165
2018-09-04 17:00:00+00:00,0.11706743607340488
2018-09-04 17:30:00+00:00,1.2798898847093574
2018-09-04 18:00:00+00:00,1.6081779940277712
2018-09-04 18:30:00+00:00,1.4740610441280946
2018-09-04 19:00:00+00:00,0.7464349211671287
2018-09-04 19:30:00+00:00,0.7040857897767901
2018-09-04 20:00:00+00:00,1.403542615585189
2018-09-04 20:30:00+00:00,1.3148567265930922
2018-09-04 21:00:00+00:00,1.3055546281557409
2018-09-04 21:30:00+00:00,1.5349431879910749
2018-09-04 22:00:00+00:00,1.605581967543189
2018-09-04 22:30:00+00:00,1.7252160999977932
2018-09-04 23:00:00+00:00,1.5515942620961725
2018-09-04 23:30:00+00:00,1.4049792960972594
2018-09-05 00:00:00+00:00,0.8157258734213023
2018-09-05 00:30:00+00:00,0.3851579359287034
2018-09-05 01:00:00+00:00,0.6918190353077378
2018-09-05 01:30:00+00:00,0.6756571827742812
2018-09-05 02:00:00+00:00,0.6594953302408247
2018-09-05 02:30:00+00:00,0.6594953302408247
2018-09-05 03:00:00+00:00,0.6594953302408247
2018-09-05 03:30:00+00:00,0.6594953302408247
2018-09-05 04:00:00+00:00,0.6594953302408247
2018-09-05 04:30:00+00:00,0.6594953302408247
2018-09-05 05:00:00+00:00,0.6594953302408247
2018-09-05 05:30:00+00:00,0.6594953302408247
2018-09-05 06:00:00+00:00,0.6594953302408247
2018-09-05 06:30:00+00:00,0.6174745136538379
2018-09-05 07:00:00+00:00,0.575453697066851
2018-09-05 07:30:00+00:00,0.5334328804798641
2018-09-05 08:00:00+00:00,0.4914120638928773
2018-09-05 08:30:00+00:00,0.44939124730589036
2018-09-05 09:00:00+00:00,0.6629804904361991
2018-09-05 09:30:00+00:00,0.7402427308854779
2018-09-05 10:00:00+00:00,1.0687565153401688
2018-09-05 10:30:00+00:00,1.0652562379695683
2018-09-05 11:00:00+00:00,0.7342557820455302
2018-09-05 11:30:00+00:00,1.1969044713956598
2018-09-05 12:00:00+00:00,0.6576658665299927
2018-09-05 12:30:00+00:00,0.8192075504752973
2018-09-05 13:00:00+00:00,0.3410953097632084
2018-09-05 13:30:00+00:00,0.8849593649052617
2018-09-05 14:00:00+00:00,1.013237725531761
2018-09-05 14:30:00+00:00,0.7779040890035309
2018-09-05 15:00:00+00:00,0.2507237707338089
2018-09-05 15:30:00+00:00,0.28746319498831574
2018-09-05 16:00:00+00:00,0.6545680771063435
2018-09-05 16:30:00+00:00,0.9656650399391311
2018-09-05 17:00:00+00:00,1.3287053126075055
2018-09-05 17:30:00+00:00,1.0562468250854697
2018-09-05 18:00:00+00:00,1.5733767807638661
2018-09-05 18:30:00+00:00,1.2324962106020465
2018-09-05 19:00:00+00:00,0.6880000838967526
2018-09-05 19:30:00+00:00,1.4376613634273578
2018-09-05 20:00:00+00:00,1.739416435753605
2018-09-05 20:30:00+00:00,1.7224395030499826
2018-09-05 21:00:00+00:00,1.7505364438415265
2018-09-05 21:30:00+00:00,1.7512991608511954
2018-09-05 22:00:00+00:00,1.7540994611803058
2018-09-05 22:30:00+00:00,1.7370581041971458
2018-09-05 23:00:00+00:00,1.7279754729442083
2018-09-05 23:30:00+00:00,1.7268160740323688
2018-09-06 00:00:00+00:00,1.7230666050520311
2018-09-06 00:30:00+00:00,1.6427093198137679
2018-09-06 01:00:00+00:00,1.5419926314193109
2018-09-06 01:30:00+00:00,1.6746869923816052
2018-09-06 02:00:00+00:00,0.9826841070278807
2018-09-06 02:30:00+00:00,1.094043600889614
2018-09-06 03:00:00+00:00,1.5412591089805523
2018-09-06 03:30:00+00:00,1.3320231025650089
2018-09-06 04:00:00+00:00,1.4910659729633267
2018-09-06 04:30:00+00:00,1.2895468019568013
2018-09-06 05:00:00+00:00,0.8960134327935357
2018-09-06 05:30:00+00:00,1.1493658696463211
2018-09-06 06:00:00+00:00,0.932572827418637
2018-09-06 06:30:00+00:00,1.1103699024119156
2018-09-06 07:00:00+00:00,1.6221231860928438
2018-09-06 07:30:00+00:00,1.4269789843004146
2018-09-06 08:00:00+00:00,1.4267892191668845
2018-09-06 08:30:00+00:00,1.426599454033355
2018-09-06 09:00:00+00:00,1.426599454033355
2018-09-06 09:30:00+00:00,1.426599454033355
2018-09-06 10:00:00+00:00,1.426599454033355
2018-09-06 10:30:00+00:00,1.426599454033355
2018-09-06 11:00:00+00:00,1.426599454033355
2018-09-06 11:30:00+00:00,1.426599454033355
2018-09-06 12:00:00+00:00,1.426599454033355
2018-09-06 12:30:00+00:00,1.426599454033355
2018-09-06 13:00:00+00:00,1.4261377296251816
2018-09-06 13:30:00+00:00,1.4256760052170083
2018-09-06 14:00:00+00:00,1.4252142808088348
2018-09-06 14:30:00+00:00,1.4247525564006613
2018-09-06 15:00:00+00:00,1.424290831992488
2018-09-06 15:30:00+00:00,1.4238291075843146
2018-09-06 16:00:00+00:00,1.4233673831761413
2018-09-06 16:30:00+00:00,1.4229056587679678
2018-09-06 17:00:00+00:00,1.4224439343597943
2018-09-06 17:30:00+00:00,1.421982209951621
2018-09-06 18:00:00+00:00,1.4215204855434476
2018-09-06 18:30:00+00:00,1.421058761135274
2018-09-06 19:00:00+00:00,1.4205970367271008
2018-09-06 19:30:00+00:00,1.4201353123189273
2018-09-06 20:00:00+00:00,1.4196735879107538
2018-09-06 20:30:00+00:00,1.4192118635025806
2018-09-06 21:00:00+00:00,1.418750139094407
2018-09-06 21:30:00+00:00,1.4182884146862338
2018-09-06 22:00:00+00:00,1.4178266902780603
2018-09-06 22:30:00+00:00,1.4173649658698868
2018-09-06 23:00:00+00:00,1.4169032414617135
2018-09-06 23:30:00+00:00,1.41644151705354
2018-09-07 00:00:00+00:00,1.4159797926453666
2018-09-07 00:30:00+00:00,1.4155180682371933
2018-09-07 01:00:00+00:00,1.4150563438290198
2018-09-07 01:30:00+00:00,1.4145946194208463
2018-09-07 02:00:00+00:00,1.414132895012673
2018-09-07 02:30:00+00:00,1.4136711706044995
2018-09-07 03:00:00+00:00,1.413209446196326
2018-09-07 03:30:00+00:00,1.4127477217881528
2018-09-07 04:00:00+00:00,1.4122859973799793
2018-09-07 04:30:00+00:00,1.411824272971806
2018-09-07 05:00:00+00:00,1.4113625485636325
2018-09-07 05:30:00+00:00,1.410900824155459
2018-09-07 06:00:00+00:00,1.4104390997472858
2018-09-07 06:30:00+00:00,1.4099773753391123
2018-09-07 07:00:00+00:00,1.4095156509309388
2018-09-07 07:30:00+00:00,1.4090539265227655
2018-09-07 08:00:00+00:00,1.408592202114592
2018-09-07 08:30:00+00:00,1.4081304777064185
2018-09-07 09:00:00+00:00,1.4076687532982453
2018-09-07 09:30:00+00:00,1.4072070288900718
2018-09-07 10:00:00+00:00,1.4067453044818985
2018-09-07 10:30:00+00:00,1.406283580073725
2018-09-07 11:00:00+00:00,1.4058218556655515
2018-09-07 11:30:00+00:00,1.4053601312573782
2018-09-07 12:00:00+00:00,1.4048984068492048
2018-09-07 12:30:00+00:00,1.4044366824410313
2018-09-07 13:00:00+00:00,1.403974958032858
2018-09-07 13:30:00+00:00,1.4035132336246845
2018-09-07 14:00:00+00:00,1.403051509216511
2018-09-07 14:30:00+00:00,1.4025897848083377
2018-09-07 15:00:00+00:00,1.4021280604001642
2018-09-07 15:30:00+00:00,1.401666335991991
2018-09-07 16:00:00+00:00,1.4012046115838175
2018-09-07 16:30:00+00:00,1.400742887175644
2018-09-07 17:00:00+00:00,1.4002811627674707
2018-09-07 17:30:00+00:00,1.3998194383592972
2018-09-07 18:00:00+00:00,1.3993577139511237
2018-09-07 18:30:00+00:00,1.3988959895429505
2018-09-07 19:00:00+00:00,1.398434265134777
2018-09-07 19:30:00+00:00,1.3979725407266035
2018-09-07 20:00:00+00:00,1.3975108163184302
2018-09-07 20:30:00+00:00,1.3970490919102567
2018-09-07 21:00:00+00:00,1.3965873675020832
2018-09-07 21:30:00+00:00,1.39612564309391
2018-09-07 22:00:00+00:00,1.3956639186857365
2018-09-07 22:30:00+00:00,1.3952021942775632
2018-09-07 23:00:00+00:00,1.3947404698693897
2018-09-07 23:30:00+00:00,1.3942787454612162
2018-09-08 00:00:00+00:00,1.393817021053043
2018-09-08 00:30:00+00:00,1.3933552966448695
2018-09-08 01:00:00+00:00,1.392893572236696
2018-09-08 01:30:00+00:00,1.3924318478285227
2018-09-08 02:00:00+00:00,1.3919701234203492
2018-09-08 02:30:00+00:00,1.3915083990121757
2018-09-08 03:00:00+00:00,1.3910466746040024
2018-09-08 03:30:00+00:00,1.390584950195829
2018-09-08 04:00:00+00:00,1.3901232257876557
2018-09-08 04:30:00+00:00,1.3896615013794822
2018-09-08 05:00:00+00:00,1.3891997769713087
2018-09-08 05:30:00+00:00,1.3887380525631354
2018-09-08 06:00:00+00:00,1.388276328154962
2018-09-08 06:30:00+00:00,1.3878146037467884
2018-09-08 07:00:00+00:00,1.3873528793386152
2018-09-08 07:30:00+00:00,1.3868911549304417
2018-09-08 08:00:00+00:00,1.3864294305222682
2018-09-08 08:30:00+00:00,1.385967706114095
2018-09-08 09:00:00+00:00,1.3855059817059214
2018-09-08 09:30:00+00:00,1.3850442572977482
2018-09-08 10:00:00+00:00,1.3845825328895747
2018-09-08 10:30:00+00:00,1.3841208084814012
2018-09-08 11:00:00+00:00,1.383659084073228
2018-09-08 11:30:00+00:00,1.3831973596650544
2018-09-08 12:00:00+00:00,1.382735635256881
2018-09-08 12:30:00+00:00,1.3822739108487077
2018-09-08 13:00:00+00:00,1.3818121864405342
2018-09-08 13:30:00+00:00,1.3813504620323607
2018-09-08 14:00:00+00:00,1.3808887376241874
2018-09-08 14:30:00+00:00,1.380427013216014
2018-09-08 15:00:00+00:00,1.3799652888078406
2018-09-08 15:30:00+00:00,1.3795035643996671
2018-09-08 16:00:00+00:00,1.3790418399914937
2018-09-08 16:30:00+00:00,1.3785801155833204
2018-09-08 17:00:00+00:00,1.378118391175147
2018-09-08 17:30:00+00:00,1.3776566667669734
2018-09-08 18:00:00+00:00,1.3771949423588001
2018-09-08 18:30:00+00:00,1.3767332179506266
2018-09-08 19:00:00+00:00,1.3762714935424532
2018-09-08 19:30:00+00:00,1.3758097691342799
2018-09-08 20:00:00+00:00,1.3753480447261064
2018-09-08 20:30:00+00:00,1.374886320317933
2018-09-08 21:00:00+00:00,1.3744245959097596
2018-09-08 21:30:00+00:00,1.3739628715015861
2018-09-08 22:00:00+00:00,1.3735011470934129
2018-09-08 22:30:00+00:00,1.3730394226852394
2018-09-08 23:00:00+00:00,1.3725776982770659
2018-09-08 23:30:00+00:00,1.3721159738688926
2018-09-09 00:00:00+00:00,1.3716542494607191
2018-09-09 00:30:00+00:00,1.3711925250525456
2018-09-09 01:00:00+00:00,1.3707308006443724
2018-09-09 01:30:00+00:00,1.3702690762361989
2018-09-09 02:00:00+00:00,1.3698073518280254
2018-09-09 02:30:00+00:00,1.369345627419852
2018-09-09 03:00:00+00:00,1.3688839030116786
2018-09-09 03:30:00+00:00,1.3684221786035053
2018-09-09 04:00:00+00:00,1.3679604541953319
2018-09-09 04:30:00+00:00,1.3674987297871584
2018-09-09 05:00:00+00:00,1.367037005378985
2018-09-09 05:30:00+00:00,1.3665752809708116
2018-09-09 06:00:00+00:00,1.366113556562638
2018-09-09 06:30:00+00:00,1.3656518321544648
2018-09-09 07:00:00+00:00,1.3651901077462913
2018-09-09 07:30:00+00:00,1.3647283833381179
2018-09-09 08:00:00+00:00,1.3642666589299446
2018-09-09 08:30:00+00:00,1.363804934521771
2018-09-09 09:00:00+00:00,1.3633432101135976
2018-09-09 09:30:00+00:00,1.3628814857054243
2018-09-09 10:00:00+00:00,1.3624197612972508
2018-09-09 10:30:00+00:00,1.3619580368890776
2018-09-09 11:00:00+00:00,1.361496312480904
2018-09-09 11:30:00+00:00,1.3610345880727306
2018-09-09 12:00:00+00:00,1.3605728636645573
2018-09-09 12:30:00+00:00,1.3601111392563838
2018-09-09 13:00:00+00:00,1.3596494148482103
2018-09-09 13:30:00+00:00,1.359187690440037
2018-09-09 14:00:00+00:00,1.3587259660318636
2018-09-09 14:30:00+00:00,1.35826424162369
2018-09-09 15:00:00+00:00,1.3578025172155168
2018-09-09 15:30:00+00:00,1.3573407928073433
2018-09-09 16:00:00+00:00,1.35687906839917
2018-09-09 16:30:00+00:00,1.3564173439909966
2018-09-09 17:00:00+00:00,1.355955619582823
2018-09-09 17:30:00+00:00,1.3554938951746498
2018-09-09 18:00:00+00:00,1.3550321707664763
2018-09-09 18:30:00+00:00,1.3545704463583028
2018-09-09 19:00:00+00:00,1.3541087219501295
2018-09-09 19:30:00+00:00,1.353646997541956
2018-09-09 20:00:00+00:00,1.3531852731337826
2018-09-09 20:30:00+00:00,1.3527235487256093
2018-09-09 21:00:00+00:00,1.3522618243174358
2018-09-09 21:30:00+00:00,1.3518000999092625
2018-09-09 22:00:00+00:00,1.351338375501089
2018-09-09 22:30:00+00:00,1.3508766510929155
2018-09-09 23:00:00+00:00,1.3504149266847423
2018-09-09 23:30:00+00:00,1.3499532022765688
2018-09-10 00:00:00+00:00,1.3494914778683953
2018-09-10 00:30:00+00:00,1.349029753460222
2018-09-10 01:00:00+00:00,1.3485680290520485
2018-09-10 01:30:00+00:00,1.348106304643875
2018-09-10 02:00:00+00:00,1.3476445802357018
2018-09-10 02:30:00+00:00,1.3471828558275283
2018-09-10 03:00:00+00:00,1.346721131419355
2018-09-10 03:30:00+00:00,1.3462594070111815
2018-09-10 04:00:00+00:00,1.345797682603008
2018-09-10 04:30:00+00:00,1.3453359581948348
2018-09-10 05:00:00+00:00,1.3448742337866613
2018-09-10 05:30:00+00:00,1.3444125093784878
2018-09-10 06:00:00+00:00,1.3439507849703145
2018-09-10 06:30:00+00:00,1.343489060562141
2018-09-10 07:00:00+00:00,1.3430273361539675
2018-09-10 07:30:00+00:00,1.3425656117457943
2018-09-10 08:00:00+00:00,1.3421038873376208
2018-09-10 08:30:00+00:00,1.3416421629294475
2018-09-10 09:00:00+00:00,1.341180438521274
2018-09-10 09:30:00+00:00,1.3407187141131005
2018-09-10 10:00:00+00:00,1.3402569897049272
2018-09-10 10:30:00+00:00,1.3397952652967537
2018-09-10 11:00:00+00:00,1.3393335408885803
2018-09-10 11:30:00+00:00,1.338871816480407
2018-09-10 12:00:00+00:00,1.3384100920722335
2018-09-10 12:30:00+00:00,1.33794836766406
2018-09-10 13:00:00+00:00,1.3374866432558867
2018-09-10 13:30:00+00:00,1.3370249188477132
2018-09-10 14:00:00+00:00,1.33656319443954
2018-09-10 14:30:00+00:00,1.3361014700313665
2018-09-10 15:00:00+00:00,1.335639745623193
2018-09-10 15:30:00+00:00,1.3351780212150197
2018-09-10 16:00:00+00:00,1.3347162968068462
2018-09-10 16:30:00+00:00,1.3342545723986727
2018-09-10 17:00:00+00:00,1.3337928479904995
2018-09-10 17:30:00+00:00,1.333331123582326
2018-09-10 18:00:00+00:00,1.3328693991741525
2018-09-10 18:30:00+00:00,1.3324076747659792
2018-09-10 19:00:00+00:00,1.3319459503578057
2018-09-10 19:30:00+00:00,1.3314842259496322
2018-09-10 20:00:00+00:00,1.331022501541459
2018-09-10 20:30:00+00:00,1.3305607771332855
2018-09-10 21:00:00+00:00,1.3300990527251122
2018-09-10 21:30:00+00:00,1.3296373283169387
2018-09-10 22:00:00+00:00,1.3291756039087652
2018-09-10 22:30:00+00:00,1.328713879500592
2018-09-10 23:00:00+00:00,1.3282521550924185
2018-09-10 23:30:00+00:00,1.327790430684245
2018-09-11 00:00:00+00:00,1.3273287062760717
2018-09-11 00:30:00+00:00,1.3268669818678982
2018-09-11 01:00:00+00:00,1.3264052574597247
2018-09-11 01:30:00+00:00,1.3259435330515514
2018-09-11 02:00:00+00:00,1.325481808643378
2018-09-11 02:30:00+00:00,1.3250200842352045
2018-09-11 03:00:00+00:00,1.3245583598270312
2018-09-11 03:30:00+00:00,1.3240966354188577
2018-09-11 04:00:00+00:00,1.3236349110106844
2018-09-11 04:30:00+00:00,1.323173186602511
2018-09-11 05:00:00+00:00,1.3227114621943374
2018-09-11 05:30:00+00:00,1.3222497377861642
2018-09-11 06:00:00+00:00,1.3217880133779907
2018-09-11 06:30:00+00:00,1.3213262889698172
2018-09-11 07:00:00+00:00,1.320864564561644
2018-09-11 07:30:00+00:00,1.3204028401534704
2018-09-11 08:00:00+00:00,1.319941115745297
2018-09-11 08:30:00+00:00,1.3194793913371237
2018-09-11 09:00:00+00:00,1.3190176669289502
2018-09-11 09:30:00+00:00,1.318555942520777
2018-09-11 10:00:00+00:00,1.3180942181126034
2018-09-11 10:30:00+00:00,1.31763249370443
2018-09-11 11:00:00+00:00,1.3171707692962566
2018-09-11 11:30:00+00:00,1.3167090448880832
2018-09-11 12:00:00+00:00,1.3162473204799097
2018-09-11 12:30:00+00:00,1.3157855960717364
2018-09-11 13:00:00+00:00,1.315323871663563
2018-09-11 13:30:00+00:00,1.3148621472553894
2018-09-11 14:00:00+00:00,1.3144004228472161
2018-09-11 14:30:00+00:00,1.3139386984390427
2018-09-11 15:00:00+00:00,1.3134769740308694
2018-09-11 15:30:00+00:00,1.313015249622696
2018-09-11 16:00:00+00:00,1.3125535252145224
2018-09-11 16:30:00+00:00,1.3120918008063491
2018-09-11 17:00:00+00:00,1.3116300763981756
2018-09-11 17:30:00+00:00,1.3111683519900021
2018-09-11 18:00:00+00:00,1.3107066275818289
2018-09-11 18:30:00+00:00,1.3102449031736554
2018-09-11 19:00:00+00:00,1.309783178765482
2018-09-11 19:30:00+00:00,1.3093214543573086
2018-09-11 20:00:00+00:00,1.3088597299491351
2018-09-11 20:30:00+00:00,1.3083980055409619
2018-09-11 21:00:00+00:00,1.3079362811327884
2018-09-11 21:30:00+00:00,1.3074745567246149
2018-09-11 22:00:00+00:00,1.3070128323164416
2018-09-11 22:30:00+00:00,1.3065511079082681
2018-09-11 23:00:00+00:00,1.3060893835000946
2018-09-11 23:30:00+00:00,1.3056276590919214
2018-09-12 00:00:00+00:00,1.3051659346837479
2018-09-12 00:30:00+00:00,1.3047042102755744
2018-09-12 01:00:00+00:00,1.304242485867401
2018-09-12 01:30:00+00:00,1.3037807614592276
2018-09-12 02:00:00+00:00,1.3033190370510543
2018-09-12 02:30:00+00:00,1.3028573126428808
2018-09-12 03:00:00+00:00,1.3023955882347074
2018-09-12 03:30:00+00:00,1.301933863826534
2018-09-12 04:00:00+00:00,1.3014721394183606
2018-09-12 04:30:00+00:00,1.301010415010187
2018-09-12 05:00:00+00:00,1.3005486906020138
2018-09-12 05:30:00+00:00,1.3000869661938403
2018-09-12 06:00:00+00:00,1.2996252417856669
2018-09-12 06:30:00+00:00,1.2991635173774936
2018-09-12 07:00:00+00:00,1.29870179296932
2018-09-12 07:30:00+00:00,1.2982400685611468
2018-09-12 08:00:00+00:00,1.2977783441529733
2018-09-12 08:30:00+00:00,1.2973166197447998
2018-09-12 09:00:00+00:00,1.2968548953366266
2018-09-12 09:30:00+00:00,1.296393170928453
2018-09-12 10:00:00+00:00,1.2959314465202796
2018-09-12 10:30:00+00:00,1.2954697221121063
2018-09-12 11:00:00+00:00,1.2950079977039328
2018-09-12 11:30:00+00:00,1.2945462732957593
2018-09-12 12:00:00+00:00,1.294084548887586
2018-09-12 12:30:00+00:00,1.2936228244794126
2018-09-12 13:00:00+00:00,1.2931611000712393
2018-09-12 13:30:00+00:00,1.2926993756630658
2018-09-12 14:00:00+00:00,1.2922376512548923
2018-09-12 14:30:00+00:00,1.2917759268467188
2018-09-12 15:00:00+00:00,1.2913142024385456
2018-09-12 15:30:00+00:00,1.290852478030372
2018-09-12 16:00:00+00:00,1.2903907536221988
2018-09-12 16:30:00+00:00,1.2899290292140253
2018-09-12 17:00:00+00:00,1.2894673048058518
2018-09-12 17:30:00+00:00,1.2890055803976785
2018-09-12 18:00:00+00:00,1.288543855989505
2018-09-12 18:30:00+00:00,1.2880821315813316
2018-09-12 19:00:00+00:00,1.2876204071731583
2018-09-12 19:30:00+00:00,1.2871586827649848
2018-09-12 20:00:00+00:00,1.2866969583568113
2018-09-12 20:30:00+00:00,1.286235233948638
2018-09-12 21:00:00+00:00,1.2857735095404645
2018-09-12 21:30:00+00:00,1.2853117851322913
2018-09-12 22:00:00+00:00,1.2848500607241178
2018-09-12 22:30:00+00:00,1.2843883363159443
2018-09-12 23:00:00+00:00,1.283926611907771
2018-09-12 23:30:00+00:00,1.2834648874995975
2018-09-13 00:00:00+00:00,1.283003163091424
2018-09-13 00:30:00+00:00,1.2825414386832508
2018-09-13 01:00:00+00:00,1.2820797142750773
2018-09-13 01:30:00+00:00,1.2816179898669038
2018-09-13 02:00:00+00:00,1.2811562654587305
2018-09-13 02:30:00+00:00,1.280694541050557
2018-09-13 03:00:00+00:00,1.2802328166423838
2018-09-13 03:30:00+00:00,1.2797710922342103
2018-09-13 04:00:00+00:00,1.2793093678260368
2018-09-13 04:30:00+00:00,1.2788476434178635
2018-09-13 05:00:00+00:00,1.27838591900969
2018-09-13 05:30:00+00:00,1.2779241946015165
2018-09-13 06:00:00+00:00,1.2774624701933432
2018-09-13 06:30:00+00:00,1.2770007457851698
2018-09-13 07:00:00+00:00,1.2765390213769963
2018-09-13 07:30:00+00:00,1.276077296968823
2018-09-13 08:00:00+00:00,1.2756155725606495
2018-09-13 08:30:00+00:00,1.2751538481524762
2018-09-13 09:00:00+00:00,1.2746921237443027
2018-09-13 09:30:00+00:00,1.2742303993361292
2018-09-13 10:00:00+00:00,1.273768674927956
2018-09-13 10:30:00+00:00,1.2733069505197825
2018-09-13 11:00:00+00:00,1.272845226111609
2018-09-13 11:30:00+00:00,1.2723835017034357
2018-09-13 12:00:00+00:00,1.2719217772952622
2018-09-13 12:30:00+00:00,1.2714600528870887
2018-09-13 13:00:00+00:00,1.2709983284789155
2018-09-13 13:30:00+00:00,1.270536604070742
2018-09-13 14:00:00+00:00,1.2700748796625687
2018-09-13 14:30:00+00:00,1.2696131552543952
2018-09-13 15:00:00+00:00,1.2691514308462217
2018-09-13 15:30:00+00:00,1.2686897064380485
2018-09-13 16:00:00+00:00,1.268227982029875
2018-09-13 16:30:00+00:00,1.2677662576217015
2018-09-13 17:00:00+00:00,1.2673045332135282
2018-09-13 17:30:00+00:00,1.2668428088053547
2018-09-13 18:00:00+00:00,1.2663810843971812
2018-09-13 18:30:00+00:00,1.265919359989008
2018-09-13 19:00:00+00:00,1.2654576355808345
2018-09-13 19:30:00+00:00,1.2649959111726612
2018-09-13 20:00:00+00:00,1.2645341867644877
2018-09-13 20:30:00+00:00,1.2640724623563142
2018-09-13 21:00:00+00:00,1.263610737948141
2018-09-13 21:30:00+00:00,1.2631490135399674
2018-09-13 22:00:00+00:00,1.262687289131794
2018-09-13 22:30:00+00:00,1.2622255647236207
2018-09-13 23:00:00+00:00,1.2617638403154472
2018-09-13 23:30:00+00:00,1.2613021159072737
2018-09-14 00:00:00+00:00,1.2608403914991004
2018-09-14 00:30:00+00:00,1.260378667090927
2018-09-14 01:00:00+00:00,1.2599169426827537
2018-09-14 01:30:00+00:00,1.2594552182745802
2018-09-14 02:00:00+00:00,1.2589934938664067
2018-09-14 02:30:00+00:00,1.2585317694582334
2018-09-14 03:00:00+00:00,1.25807004505006
2018-09-14 03:30:00+00:00,1.2576083206418864
2018-09-14 04:00:00+00:00,1.2571465962337132
2018-09-14 04:30:00+00:00,1.2566848718255397
2018-09-14 05:00:00+00:00,1.2562231474173662
2018-09-14 05:30:00+00:00,1.255761423009193
2018-09-14 06:00:00+00:00,1.2552996986010194
2018-09-14 06:30:00+00:00,1.2548379741928462
2018-09-14 07:00:00+00:00,1.2543762497846727
2018-09-14 07:30:00+00:00,1.2539145253764992
2018-09-14 08:00:00+00:00,1.2534528009683257
2018-09-14 08:30:00+00:00,1.2529910765601524
2018-09-14 09:00:00+00:00,1.252529352151979
2018-09-14 09:30:00+00:00,1.2520676277438056
2018-09-14 10:00:00+00:00,1.2516059033356322
2018-09-14 10:30:00+00:00,1.2511441789274587
2018-09-14 11:00:00+00:00,1.2506824545192854
2018-09-14 11:30:00+00:00,1.250220730111112
2018-09-14 12:00:00+00:00,1.2497590057029384
2018-09-14 12:30:00+00:00,1.2492972812947651
2018-09-14 13:00:00+00:00,1.2488355568865916
2018-09-14 13:30:00+00:00,1.2483738324784182
2018-09-14 14:00:00+00:00,1.2479121080702449
2018-09-14 14:30:00+00:00,1.2474503836620714
2018-09-14 15:00:00+00:00,1.2469886592538981
2018-09-14 15:30:00+00:00,1.2465269348457246
2018-09-14 16:00:00+00:00,1.2460652104375511
2018-09-14 16:30:00+00:00,1.2456034860293779
2018-09-14 17:00:00+00:00,1.2451417616212044
2018-09-14 17:30:00+00:00,1.2446800372130309
2018-09-14 18:00:00+00:00,1.2442183128048576
2018-09-14 18:30:00+00:00,1.2437565883966841
2018-09-14 19:00:00+00:00,1.2432948639885106
2018-09-14 19:30:00+00:00,1.2428331395803374
2018-09-14 20:00:00+00:00,1.2423714151721639
2018-09-14 20:30:00+00:00,1.2419096907639906
2018-09-14 21:00:00+00:00,1.2414479663558171
2018-09-14 21:30:00+00:00,1.2409862419476436
2018-09-14 22:00:00+00:00,1.2405245175394704
2018-09-14 22:30:00+00:00,1.2400627931312969
2018-09-14 23:00:00+00:00,1.2396010687231234
2018-09-14 23:30:00+00:00,1.23913934431495
2018-09-15 00:00:00+00:00,1.2386776199067766
2018-09-15 00:30:00+00:00,1.2382158954986031
2018-09-15 01:00:00+00:00,1.2377541710904298
2018-09-15 01:30:00+00:00,1.2372924466822564
2018-09-15 02:00:00+00:00,1.236830722274083
2018-09-15 02:30:00+00:00,1.2363689978659096
2018-09-15 03:00:00+00:00,1.235907273457736
2018-09-15 03:30:00+00:00,1.2354455490495628
2018-09-15 04:00:00+00:00,1.2349838246413893
2018-09-15 04:30:00+00:00,1.2345221002332158
2018-09-15 05:00:00+00:00,1.2340603758250426
2018-09-15 05:30:00+00:00,1.233598651416869
2018-09-15 06:00:00+00:00,1.2331369270086956
2018-09-15 06:30:00+00:00,1.2326752026005223
2018-09-15 07:00:00+00:00,1.2322134781923488
2018-09-15 07:30:00+00:00,1.2317517537841756
2018-09-15 08:00:00+00:00,1.231290029376002
2018-09-15 08:30:00+00:00,1.2308283049678286
2018-09-15 09:00:00+00:00,1.2303665805596553
2018-09-15 09:30:00+00:00,1.2299048561514818
2018-09-15 10:00:00+00:00,1.2294431317433083
2018-09-15 10:30:00+00:00,1.228981407335135
2018-09-15 11:00:00+00:00,1.2285196829269616
2018-09-15 11:30:00+00:00,1.228057958518788
2018-09-15 12:00:00+00:00,1.2275962341106148
2018-09-15 12:30:00+00:00,1.2271345097024413
2018-09-15 13:00:00+00:00,1.226672785294268
2018-09-15 13:30:00+00:00,1.2262110608860946
2018-09-15 14:00:00+00:00,1.225749336477921
2018-09-15 14:30:00+00:00,1.2252876120697478
2018-09-15 15:00:00+00:00,1.2248258876615743
2018-09-15 15:30:00+00:00,1.2243641632534008
2018-09-15 16:00:00+00:00,1.2239024388452275
2018-09-15 16:30:00+00:00,1.223440714437054
2018-09-15 17:00:00+00:00,1.2229789900288806
2018-09-15 17:30:00+00:00,1.2225172656207073
2018-09-15 18:00:00+00:00,1.2220555412125338
2018-09-15 18:30:00+00:00,1.2215938168043605
2018-09-15 19:00:00+00:00,1.221132092396187
2018-09-15 19:30:00+00:00,1.2206703679880135
2018-09-15 20:00:00+00:00,1.2202086435798403
2018-09-15 20:30:00+00:00,1.2197469191716668
2018-09-15 21:00:00+00:00,1.2192851947634933
2018-09-15 21:30:00+00:00,1.21882347035532
2018-09-15 22:00:00+00:00,1.2183617459471465
2018-09-15 22:30:00+00:00,1.217900021538973
2018-09-15 23:00:00+00:00,1.2174382971307998
2018-09-15 23:30:00+00:00,1.2169765727226263
2018-09-16 00:00:00+00:00,1.216514848314453
2018-09-16 00:30:00+00:00,1.2160531239062795
2018-09-16 01:00:00+00:00,1.215591399498106
2018-09-16 01:30:00+00:00,1.2151296750899325
2018-09-16 02:00:00+00:00,1.2146679506817593
2018-09-16 02:30:00+00:00,1.2142062262735858
2018-09-16 03:00:00+00:00,1.2137445018654125
2018-09-16 03:30:00+00:00,1.213282777457239
2018-09-16 04:00:00+00:00,1.2128210530490655
2018-09-16 04:30:00+00:00,1.2123593286408922
2018-09-16 05:00:00+00:00,1.2118976042327188
2018-09-16 05:30:00+00:00,1.2114358798245453
2018-09-16 06:00:00+00:00,1.210974155416372
2018-09-16 06:30:00+00:00,1.2105124310081985
2018-09-16 07:00:00+00:00,1.210050706600025
2018-09-16 07:30:00+00:00,1.2095889821918517
2018-09-16 08:00:00+00:00,1.2091272577836782
2018-09-16 08:30:00+00:00,1.208665533375505
2018-09-16 09:00:00+00:00,1.2082038089673315
2018-09-16 09:30:00+00:00,1.207742084559158
2018-09-16 10:00:00+00:00,1.2072803601509847
2018-09-16 10:30:00+00:00,1.2068186357428112
2018-09-16 11:00:00+00:00,1.2063569113346377
2018-09-16 11:30:00+00:00,1.2058951869264645
2018-09-16 12:00:00+00:00,1.205433462518291
2018-09-16 12:30:00+00:00,1.2049717381101175
2018-09-16 13:00:00+00:00,1.2045100137019442
2018-09-16 13:30:00+00:00,1.2040482892937707
2018-09-16 14:00:00+00:00,1.2035865648855975
2018-09-16 14:30:00+00:00,1.203124840477424
2018-09-16 15:00:00+00:00,1.2026631160692505
2018-09-16 15:30:00+00:00,1.2022013916610772
2018-09-16 16:00:00+00:00,1.2017396672529037
2018-09-16 16:30:00+00:00,1.2012779428447302
2018-09-16 17:00:00+00:00,1.200816218436557
2018-09-16 17:30:00+00:00,1.2003544940283835
2018-09-16 18:00:00+00:00,1.19989276962021
2018-09-16 18:30:00+00:00,1.1994310452120367
2018-09-16 19:00:00+00:00,1.1989693208038632
2018-09-16 19:30:00+00:00,1.19850759639569
2018-09-16 20:00:00+00:00,1.1980458719875164
2018-09-16 20:30:00+00:00,1.197584147579343
2018-09-16 21:00:00+00:00,1.1971224231711697
2018-09-16 21:30:00+00:00,1.1966606987629962
2018-09-16 22:00:00+00:00,1.1961989743548227
2018-09-16 22:30:00+00:00,1.1957372499466494
2018-09-16 23:00:00+00:00,1.195275525538476
2018-09-16 23:30:00+00:00,1.1948138011303024
2018-09-17 00:00:00+00:00,1.1943520767221292
2018-09-17 00:30:00+00:00,1.1938903523139557
2018-09-17 01:00:00+00:00,1.1934286279057824
2018-09-17 01:30:00+00:00,1.192966903497609
2018-09-17 02:00:00+00:00,1.1925051790894354
2018-09-17 02:30:00+00:00,1.1920434546812622
2018-09-17 03:00:00+00:00,1.1915817302730887
2018-09-17 03:30:00+00:00,1.1911200058649152
2018-09-17 04:00:00+00:00,1.190658281456742
2018-09-17 04:30:00+00:00,1.1901965570485684
2018-09-17 05:00:00+00:00,1.189734832640395
2018-09-17 05:30:00+00:00,1.1892731082322217
2018-09-17 06:00:00+00:00,1.1888113838240482
2018-09-17 06:30:00+00:00,1.188349659415875
2018-09-17 07:00:00+00:00,1.1878879350077014
2018-09-17 07:30:00+00:00,1.187426210599528
2018-09-17 08:00:00+00:00,1.1869644861913546
2018-09-17 08:30:00+00:00,1.1865027617831811
2018-09-17 09:00:00+00:00,1.1860410373750077
2018-09-17 09:30:00+00:00,1.1855793129668344
2018-09-17 10:00:00+00:00,1.185117588558661
2018-09-17 10:30:00+00:00,1.1846558641504874
2018-09-17 11:00:00+00:00,1.1841941397423141
2018-09-17 11:30:00+00:00,1.1837324153341406
2018-09-17 12:00:00+00:00,1.1832706909259674
2018-09-17 12:30:00+00:00,1.1828089665177939
2018-09-17 13:00:00+00:00,1.1823472421096204
2018-09-17 13:30:00+00:00,1.1818855177014471
2018-09-17 14:00:00+00:00,1.1814237932932736
2018-09-17 14:30:00+00:00,1.1809620688851001
2018-09-17 15:00:00+00:00,1.1805003444769269
2018-09-17 15:30:00+00:00,1.1800386200687534
2018-09-17 16:00:00+00:00,1.1795768956605799
2018-09-17 16:30:00+00:00,1.1791151712524066
2018-09-17 17:00:00+00:00,1.1786534468442331
2018-09-17 17:30:00+00:00,1.1781917224360599
2018-09-17 18:00:00+00:00,1.1777299980278864
2018-09-17 18:30:00+00:00,1.1772682736197129
2018-09-17 19:00:00+00:00,1.1768065492115394
2018-09-17 19:30:00+00:00,1.176344824803366
2018-09-17 20:00:00+00:00,1.1758831003951926
2018-09-17 20:30:00+00:00,1.1754213759870193
2018-09-17 21:00:00+00:00,1.1749596515788459
2018-09-17 21:30:00+00:00,1.1744979271706724
2018-09-17 22:00:00+00:00,1.174036202762499
2018-09-17 22:30:00+00:00,1.1735744783543256
2018-09-17 23:00:00+00:00,1.1731127539461523
2018-09-17 23:30:00+00:00,1.1726510295379788
2018-09-18 00:00:00+00:00,1.1721893051298053
2018-09-18 00:30:00+00:00,1.1717275807216319
2018-09-18 01:00:00+00:00,1.1712658563134586
2018-09-18 01:30:00+00:00,1.170804131905285
2018-09-18 02:00:00+00:00,1.1703424074971118
2018-09-18 02:30:00+00:00,1.1698806830889383
2018-09-18 03:00:00+00:00,1.1694189586807648
2018-09-18 03:30:00+00:00,1.1689572342725916
2018-09-18 04:00:00+00:00,1.168495509864418
2018-09-18 04:30:00+00:00,1.1680337854562448
2018-09-18 05:00:00+00:00,1.1675720610480713
2018-09-18 05:30:00+00:00,1.1671103366398978
2018-09-18 06:00:00+00:00,1.1666486122317243
2018-09-18 06:30:00+00:00,1.166186887823551
2018-09-18 07:00:00+00:00,1.1657251634153776
2018-09-18 07:30:00+00:00,1.1652634390072043
2018-09-18 08:00:00+00:00,1.1648017145990308
2018-09-18 08:30:00+00:00,1.1643399901908573
2018-09-18 09:00:00+00:00,1.163878265782684
2018-09-18 09:30:00+00:00,1.1634165413745106
2018-09-18 10:00:00+00:00,1.1629548169663373
2018-09-18 10:30:00+00:00,1.1624930925581638
2018-09-18 11:00:00+00:00,1.1620313681499903
2018-09-18 11:30:00+00:00,1.1615696437418168
2018-09-18 12:00:00+00:00,1.1611079193336435
2018-09-18 12:30:00+00:00,1.16064619492547
2018-09-18 13:00:00+00:00,1.1601844705172968
2018-09-18 13:30:00+00:00,1.1597227461091233
2018-09-18 14:00:00+00:00,1.1592610217009498
2018-09-18 14:30:00+00:00,1.1587992972927765
2018-09-18 15:00:00+00:00,1.158337572884603
2018-09-18 15:30:00+00:00,1.1578758484764295
2018-09-18 16:00:00+00:00,1.1574141240682563
2018-09-18 16:30:00+00:00,1.1569523996600828
2018-09-18 17:00:00+00:00,1.1564906752519093
2018-09-18 17:30:00+00:00,1.156028950843736
2018-09-18 18:00:00+00:00,1.1555672264355625
2018-09-18 18:30:00+00:00,1.1551055020273893
2018-09-18 19:00:00+00:00,1.1546437776192158
2018-09-18 19:30:00+00:00,1.1541820532110423
2018-09-18 20:00:00+00:00,1.1537203288028688
2018-09-18 20:30:00+00:00,1.1532586043946955
2018-09-18 21:00:00+00:00,1.152796879986522
2018-09-18 21:30:00+00:00,1.1523351555783488
2018-09-18 22:00:00+00:00,1.1518734311701753
2018-09-18 22:30:00+00:00,1.1514117067620018
2018-09-18 23:00:00+00:00,1.1509499823538285
2018-09-18 23:30:00+00:00,1.150488257945655
2018-09-19 00:00:00+00:00,1.1500265335374817
2018-09-19 00:30:00+00:00,1.1495648091293083
2018-09-19 01:00:00+00:00,1.1491030847211348
2018-09-19 01:30:00+00:00,1.1486413603129613
2018-09-19 02:00:00+00:00,1.148179635904788
2018-09-19 02:30:00+00:00,1.1477179114966145
2018-09-19 03:00:00+00:00,1.1472561870884412
2018-09-19 03:30:00+00:00,1.1467944626802677
2018-09-19 04:00:00+00:00,1.1463327382720943
2018-09-19 04:30:00+00:00,1.145871013863921
2018-09-19 05:00:00+00:00,1.1454092894557475
2018-09-19 05:30:00+00:00,1.1449475650475742
2018-09-19 06:00:00+00:00,1.1444858406394007
2018-09-19 06:30:00+00:00,1.1440241162312272
2018-09-19 07:00:00+00:00,1.1435623918230537
2018-09-19 07:30:00+00:00,1.1431006674148805
2018-09-19 08:00:00+00:00,1.142638943006707
2018-09-19 08:30:00+00:00,1.1421772185985337
2018-09-19 09:00:00+00:00,1.1417154941903602
2018-09-19 09:30:00+00:00,1.1412537697821867
2018-09-19 10:00:00+00:00,1.1407920453740135
2018-09-19 10:30:00+00:00,1.14033032096584
2018-09-19 11:00:00+00:00,1.1398685965576667
2018-09-19 11:30:00+00:00,1.1394068721494932
2018-09-19 12:00:00+00:00,1.1389451477413197
2018-09-19 12:30:00+00:00,1.1384834233331462
2018-09-19 13:00:00+00:00,1.138021698924973
2018-09-19 13:30:00+00:00,1.1375599745167995
2018-09-19 14:00:00+00:00,1.1370982501086262
2018-09-19 14:30:00+00:00,1.1366365257004527
2018-09-19 15:00:00+00:00,1.1361748012922792
2018-09-19 15:30:00+00:00,1.135713076884106
2018-09-19 16:00:00+00:00,1.1352513524759325
2018-09-19 16:30:00+00:00,1.1347896280677592
2018-09-19 17:00:00+00:00,1.1343279036595857
2018-09-19 17:30:00+00:00,1.1338661792514122
2018-09-19 18:00:00+00:00,1.1334044548432387
2018-09-19 18:30:00+00:00,1.1329427304350654
2018-09-19 19:00:00+00:00,1.132481006026892
2018-09-19 19:30:00+00:00,1.1320192816187187
2018-09-19 20:00:00+00:00,1.1315575572105452
2018-09-19 20:30:00+00:00,1.1310958328023717
2018-09-19 21:00:00+00:00,1.1306341083941984
2018-09-19 21:30:00+00:00,1.130172383986025
2018-09-19 22:00:00+00:00,1.1297106595778517
2018-09-19 22:30:00+00:00,1.1292489351696782
2018-09-19 23:00:00+00:00,1.1287872107615047
2018-09-19 23:30:00+00:00,1.1283254863533312
2018-09-20 00:00:00+00:00,1.127863761945158
2018-09-20 00:30:00+00:00,1.1274020375369844
2018-09-20 01:00:00+00:00,1.1269403131288112
2018-09-20 01:30:00+00:00,1.1264785887206377
2018-09-20 02:00:00+00:00,1.1260168643124642
2018-09-20 02:30:00+00:00,1.125555139904291
2018-09-20 03:00:00+00:00,1.1250934154961174
2018-09-20 03:30:00+00:00,1.1246316910879441
2018-09-20 04:00:00+00:00,1.1241699666797706
2018-09-20 04:30:00+00:00,1.1237082422715972
2018-09-20 05:00:00+00:00,1.1232465178634237
2018-09-20 05:30:00+00:00,1.1227847934552504
2018-09-20 06:00:00+00:00,1.122323069047077
2018-09-20 06:30:00+00:00,1.1218613446389036
2018-09-20 07:00:00+00:00,1.1213996202307301
2018-09-20 07:30:00+00:00,1.1209378958225567
2018-09-20 08:00:00+00:00,1.1204761714143834
2018-09-20 08:30:00+00:00,1.12001444700621
2018-09-20 09:00:00+00:00,1.1195527225980364
2018-09-20 09:30:00+00:00,1.1190909981898631
2018-09-20 10:00:00+00:00,1.1186292737816896
2018-09-20 10:30:00+00:00,1.1181675493735161
2018-09-20 11:00:00+00:00,1.1177058249653429
2018-09-20 11:30:00+00:00,1.1172441005571694
2018-09-20 12:00:00+00:00,1.1167823761489961
2018-09-20 12:30:00+00:00,1.1163206517408226
2018-09-20 13:00:00+00:00,1.1158589273326491
2018-09-20 13:30:00+00:00,1.1153972029244756
2018-09-20 14:00:00+00:00,1.1149354785163024
2018-09-20 14:30:00+00:00,1.1144737541081289
2018-09-20 15:00:00+00:00,1.1140120296999556
2018-09-20 15:30:00+00:00,1.1135503052917821
2018-09-20 16:00:00+00:00,1.1130885808836086
2018-09-20 16:30:00+00:00,1.1126268564754354
2018-09-20 17:00:00+00:00,1.1121651320672619
2018-09-20 17:30:00+00:00,1.1117034076590886
2018-09-20 18:00:00+00:00,1.111241683250915
2018-09-20 18:30:00+00:00,1.1107799588427416
2018-09-20 19:00:00+00:00,1.1103182344345681
2018-09-20 19:30:00+00:00,1.1098565100263948
2018-09-20 20:00:00+00:00,1.1093947856182214
2018-09-20 20:30:00+00:00,1.108933061210048
2018-09-20 21:00:00+00:00,1.1084713368018746
2018-09-20 21:30:00+00:00,1.108009612393701
2018-09-20 22:00:00+00:00,1.1075478879855278
2018-09-20 22:30:00+00:00,1.1070861635773543
2018-09-20 23:00:00+00:00,1.106624439169181
2018-09-20 23:30:00+00:00,1.1061627147610076
2018-09-21 00:00:00+00:00,1.105700990352834
2018-09-21 00:30:00+00:00,1.1052392659446606
2018-09-21 01:00:00+00:00,1.1047775415364873
2018-09-21 01:30:00+00:00,1.1043158171283138
2018-09-21 02:00:00+00:00,1.1038540927201406
2018-09-21 02:30:00+00:00,1.103392368311967
2018-09-21 03:00:00+00:00,1.1029306439037936
2018-09-21 03:30:00+00:00,1.1024689194956203
2018-09-21 04:00:00+00:00,1.1020071950874468
2018-09-21 04:30:00+00:00,1.1015454706792736
2018-09-21 05:00:00+00:00,1.1010837462711
2018-09-21 05:30:00+00:00,1.1006220218629266
2018-09-21 06:00:00+00:00,1.100160297454753
2018-09-21 06:30:00+00:00,1.0996985730465798
2018-09-21 07:00:00+00:00,1.0992368486384063
2018-09-21 07:30:00+00:00,1.098775124230233
2018-09-21 08:00:00+00:00,1.0983133998220596
2018-09-21 08:30:00+00:00,1.097851675413886
2018-09-21 09:00:00+00:00,1.0973899510057128
2018-09-21 09:30:00+00:00,1.0969282265975393
2018-09-21 10:00:00+00:00,1.096466502189366
2018-09-21 10:30:00+00:00,1.0960047777811925
2018-09-21 11:00:00+00:00,1.095543053373019
2018-09-21 11:30:00+00:00,1.0950813289648456
2018-09-21 12:00:00+00:00,1.0946196045566723
2018-09-21 12:30:00+00:00,1.0941578801484988
2018-09-21 13:00:00+00:00,1.0936961557403255
2018-09-21 13:30:00+00:00,1.093234431332152
2018-09-21 14:00:00+00:00,1.0927727069239785
2018-09-21 14:30:00+00:00,1.0923109825158053
2018-09-21 15:00:00+00:00,1.0918492581076318
2018-09-21 15:30:00+00:00,1.0913875336994585
2018-09-21 16:00:00+00:00,1.090925809291285
2018-09-21 16:30:00+00:00,1.0904640848831115
2018-09-21 17:00:00+00:00,1.090002360474938
2018-09-21 17:30:00+00:00,1.0895406360667648
2018-09-21 18:00:00+00:00,1.0890789116585913
2018-09-21 18:30:00+00:00,1.088617187250418
2018-09-21 19:00:00+00:00,1.0881554628422445
2018-09-21 19:30:00+00:00,1.087693738434071
2018-09-21 20:00:00+00:00,1.0872320140258978
2018-09-21 20:30:00+00:00,1.0867702896177243
2018-09-21 21:00:00+00:00,1.086308565209551
2018-09-21 21:30:00+00:00,1.0858468408013775
2018-09-21 22:00:00+00:00,1.085385116393204
2018-09-21 22:30:00+00:00,1.0849233919850305
2018-09-21 23:00:00+00:00,1.0844616675768572
2018-09-21 23:30:00+00:00,1.0839999431686838
2018-09-22 00:00:00+00:00,1.0835382187605105
2018-09-22 00:30:00+00:00,1.083076494352337
2018-09-22 01:00:00+00:00,1.0826147699441635
2018-09-22 01:30:00+00:00,1.0821530455359902
2018-09-22 02:00:00+00:00,1.0816913211278167
2018-09-22 02:30:00+00:00,1.0812295967196432
2018-09-22 03:00:00+00:00,1.08076787231147
2018-09-22 03:30:00+00:00,1.0803061479032965
2018-09-22 04:00:00+00:00,1.079844423495123
2018-09-22 04:30:00+00:00,1.0793826990869497
2018-09-22 05:00:00+00:00,1.0789209746787762
2018-09-22 05:30:00+00:00,1.078459250270603
2018-09-22 06:00:00+00:00,1.0779975258624295
2018-09-22 06:30:00+00:00,1.077535801454256
2018-09-22 07:00:00+00:00,1.0770740770460825
2018-09-22 07:30:00+00:00,1.0766123526379092
2018-09-22 08:00:00+00:00,1.0761506282297357
2018-09-22 08:30:00+00:00,1.0756889038215625
2018-09-22 09:00:00+00:00,1.075227179413389
2018-09-22 09:30:00+00:00,1.0747654550052155
2018-09-22 10:00:00+00:00,1.0743037305970422
2018-09-22 10:30:00+00:00,1.0738420061888687
2018-09-22 11:00:00+00:00,1.0733802817806954
2018-09-22 11:30:00+00:00,1.072918557372522
2018-09-22 12:00:00+00:00,1.0724568329643485
2018-09-22 12:30:00+00:00,1.071995108556175
2018-09-22 13:00:00+00:00,1.0715333841480017
2018-09-22 13:30:00+00:00,1.0710716597398282
2018-09-22 14:00:00+00:00,1.070609935331655
2018-09-22 14:30:00+00:00,1.0701482109234814
2018-09-22 15:00:00+00:00,1.069686486515308
2018-09-22 15:30:00+00:00,1.0692247621071347
2018-09-22 16:00:00+00:00,1.0687630376989612
2018-09-22 16:30:00+00:00,1.068301313290788
2018-09-22 17:00:00+00:00,1.0678395888826144
2018-09-22 17:30:00+00:00,1.067377864474441
2018-09-22 18:00:00+00:00,1.0669161400662674
2018-09-22 18:30:00+00:00,1.0664544156580942
2018-09-22 19:00:00+00:00,1.0659926912499207
2018-09-22 19:30:00+00:00,1.0655309668417474
2018-09-22 20:00:00+00:00,1.065069242433574
2018-09-22 20:30:00+00:00,1.0646075180254004
2018-09-22 21:00:00+00:00,1.0641457936172272
2018-09-22 21:30:00+00:00,1.0636840692090537
2018-09-22 22:00:00+00:00,1.0632223448008804
2018-09-22 22:30:00+00:00,1.062760620392707
2018-09-22 23:00:00+00:00,1.0622988959845334
2018-09-22 23:30:00+00:00,1.06183717157636
2018-09-23 00:00:00+00:00,1.0613754471681867
2018-09-23 00:30:00+00:00,1.0609137227600132
2018-09-23 01:00:00+00:00,1.06045199835184
2018-09-23 01:30:00+00:00,1.0599902739436664
2018-09-23 02:00:00+00:00,1.059528549535493
2018-09-23 02:30:00+00:00,1.0590668251273196
2018-09-23 03:00:00+00:00,1.0586051007191462
2018-09-23 03:30:00+00:00,1.0581433763109729
2018-09-23 04:00:00+00:00,1.0576816519027994
2018-09-23 04:30:00+00:00,1.057219927494626
2018-09-23 05:00:00+00:00,1.0567582030864524
2018-09-23 05:30:00+00:00,1.0562964786782791
2018-09-23 06:00:00+00:00,1.0558347542701056
2018-09-23 06:30:00+00:00,1.0553730298619324
2018-09-23 07:00:00+00:00,1.0549113054537589
2018-09-23 07:30:00+00:00,1.0544495810455854
2018-09-23 08:00:00+00:00,1.0539878566374121
2018-09-23 08:30:00+00:00,1.0535261322292386
2018-09-23 09:00:00+00:00,1.0530644078210654
2018-09-23 09:30:00+00:00,1.0526026834128919
2018-09-23 10:00:00+00:00,1.0521409590047184
2018-09-23 10:30:00+00:00,1.0516792345965449
2018-09-23 11:00:00+00:00,1.0512175101883716
2018-09-23 11:30:00+00:00,1.0507557857801981
2018-09-23 12:00:00+00:00,1.0502940613720249
2018-09-23 12:30:00+00:00,1.0498323369638514
2018-09-23 13:00:00+00:00,1.0493706125556779
2018-09-23 13:30:00+00:00,1.0489088881475046
2018-09-23 14:00:00+00:00,1.0484471637393311
2018-09-23 14:30:00+00:00,1.0479854393311578
2018-09-23 15:00:00+00:00,1.0475237149229844
2018-09-23 15:30:00+00:00,1.0470619905148109
2018-09-23 16:00:00+00:00,1.0466002661066374
2018-09-23 16:30:00+00:00,1.046138541698464
2018-09-23 17:00:00+00:00,1.0456768172902906
2018-09-23 17:30:00+00:00,1.0452150928821173
2018-09-23 18:00:00+00:00,1.0447533684739438
2018-09-23 18:30:00+00:00,1.0442916440657704
2018-09-23 19:00:00+00:00,1.043829919657597
2018-09-23 19:30:00+00:00,1.0433681952494236
2018-09-23 20:00:00+00:00,1.04290647084125
2018-09-23 20:30:00+00:00,1.0424447464330768
2018-09-23 21:00:00+00:00,1.0419830220249033
2018-09-23 21:30:00+00:00,1.0415212976167298
2018-09-23 22:00:00+00:00,1.0410595732085566
2018-09-23 22:30:00+00:00,1.040597848800383
2018-09-23 23:00:00+00:00,1.0401361243922098
2018-09-23 23:30:00+00:00,1.0396743999840363
2018-09-24 00:00:00+00:00,1.0392126755758628
2018-09-24 00:30:00+00:00,1.0387509511676893
2018-09-24 01:00:00+00:00,1.038289226759516
2018-09-24 01:30:00+00:00,1.0378275023513426
2018-09-24 02:00:00+00:00,1.0373657779431693
2018-09-24 02:30:00+00:00,1.0369040535349958
2018-09-24 03:00:00+00:00,1.0364423291268223
2018-09-24 03:30:00+00:00,1.035980604718649
2018-09-24 04:00:00+00:00,1.0355188803104756
2018-09-24 04:30:00+00:00,1.0350571559023023
2018-09-24 05:00:00+00:00,1.0345954314941288
2018-09-24 05:30:00+00:00,1.0341337070859553
2018-09-24 06:00:00+00:00,1.0336719826777818
2018-09-24 06:30:00+00:00,1.0332102582696086
2018-09-24 07:00:00+00:00,1.032748533861435
2018-09-24 07:30:00+00:00,1.0322868094532618
2018-09-24 08:00:00+00:00,1.0318250850450883
2018-09-24 08:30:00+00:00,1.0313633606369148
2018-09-24 09:00:00+00:00,1.0309016362287415
2018-09-24 09:30:00+00:00,1.030439911820568
2018-09-24 10:00:00+00:00,1.0299781874123948
2018-09-24 10:30:00+00:00,1.0295164630042213
2018-09-24 11:00:00+00:00,1.0290547385960478
2018-09-24 11:30:00+00:00,1.0285930141878743
2018-09-24 12:00:00+00:00,1.028131289779701
2018-09-24 12:30:00+00:00,1.0276695653715275
2018-09-24 13:00:00+00:00,1.0272078409633543
2018-09-24 13:30:00+00:00,1.0267461165551808
2018-09-24 14:00:00+00:00,1.0262843921470073
2018-09-24 14:30:00+00:00,1.025822667738834
2018-09-24 15:00:00+00:00,1.0253609433306605
2018-09-24 15:30:00+00:00,1.0248992189224873
2018-09-24 16:00:00+00:00,1.0244374945143138
2018-09-24 16:30:00+00:00,1.0239757701061403
2018-09-24 17:00:00+00:00,1.0235140456979668
2018-09-24 17:30:00+00:00,1.0230523212897935
2018-09-24 18:00:00+00:00,1.02259059688162
2018-09-24 18:30:00+00:00,1.0221288724734467
2018-09-24 19:00:00+00:00,1.0216671480652733
2018-09-24 19:30:00+00:00,1.0212054236570998
2018-09-24 20:00:00+00:00,1.0207436992489265
2018-09-24 20:30:00+00:00,1.020281974840753
2018-09-24 21:00:00+00:00,1.0198202504325797
2018-09-24 21:30:00+00:00,1.0193585260244062
2018-09-24 22:00:00+00:00,1.0188968016162328
2018-09-24 22:30:00+00:00,1.0184350772080593
2018-09-24 23:00:00+00:00,1.017973352799886
2018-09-24 23:30:00+00:00,1.0175116283917125
2018-09-25 00:00:00+00:00,1.0170499039835392
2018-09-25 00:30:00+00:00,1.0165881795753657
2018-09-25 01:00:00+00:00,1.0161264551671922
2018-09-25 01:30:00+00:00,1.015664730759019
2018-09-25 02:00:00+00:00,1.0152030063508455
2018-09-25 02:30:00+00:00,1.0147412819426722
2018-09-25 03:00:00+00:00,1.0142795575344987
2018-09-25 03:30:00+00:00,1.0138178331263252
2018-09-25 04:00:00+00:00,1.0133561087181517
2018-09-25 04:30:00+00:00,1.0128943843099785
2018-09-25 05:00:00+00:00,1.012432659901805
2018-09-25 05:30:00+00:00,1.0119709354936317
2018-09-25 06:00:00+00:00,1.0115092110854582
2018-09-25 06:30:00+00:00,1.0110474866772847
2018-09-25 07:00:00+00:00,1.0105857622691115
2018-09-25 07:30:00+00:00,1.010124037860938
2018-09-25 08:00:00+00:00,1.0096623134527647
2018-09-25 08:30:00+00:00,1.0092005890445912
2018-09-25 09:00:00+00:00,1.0087388646364177
2018-09-25 09:30:00+00:00,1.0082771402282442
2018-09-25 10:00:00+00:00,1.007815415820071
2018-09-25 10:30:00+00:00,1.0073536914118975
2018-09-25 11:00:00+00:00,1.0068919670037242
2018-09-25 11:30:00+00:00,1.0064302425955507
2018-09-25 12:00:00+00:00,1.0059685181873772
2018-09-25 12:30:00+00:00,1.005506793779204
2018-09-25 13:00:00+00:00,1.0050450693710304
2018-09-25 13:30:00+00:00,1.004583344962857
2018-09-25 14:00:00+00:00,1.0041216205546837
2018-09-25 14:30:00+00:00,1.0036598961465102
2018-09-25 15:00:00+00:00,1.0031981717383367
2018-09-25 15:30:00+00:00,1.0027364473301634
2018-09-25 16:00:00+00:00,1.00227472292199
2018-09-25 16:30:00+00:00,1.0018129985138167
2018-09-25 17:00:00+00:00,1.0013512741056432
2018-09-25 17:30:00+00:00,1.0008895496974697
2018-09-25 18:00:00+00:00,1.0004278252892962
2018-09-25 18:30:00+00:00,0.9999661008811229
2018-09-25 19:00:00+00:00,0.9995043764729494
2018-09-25 19:30:00+00:00,0.9990426520647762
2018-09-25 20:00:00+00:00,0.9985809276566027
2018-09-25 20:30:00+00:00,0.9981192032484293
2018-09-25 21:00:00+00:00,0.9976574788402559
2018-09-25 21:30:00+00:00,0.9971957544320824
2018-09-25 22:00:00+00:00,0.996734030023909
2018-09-25 22:30:00+00:00,0.9962723056157357
2018-09-25 23:00:00+00:00,0.9958105812075622
2018-09-25 23:30:00+00:00,0.9953488567993888
2018-09-26 00:00:00+00:00,0.9948871323912154
2018-09-26 00:30:00+00:00,0.9944254079830419
2018-09-26 01:00:00+00:00,0.9939636835748686
2018-09-26 01:30:00+00:00,0.9935019591666951
2018-09-26 02:00:00+00:00,0.9930402347585218
2018-09-26 02:30:00+00:00,0.9925785103503484
2018-09-26 03:00:00+00:00,0.9921167859421749
2018-09-26 03:30:00+00:00,0.9916550615340015
2018-09-26 04:00:00+00:00,0.9911933371258281
2018-09-26 04:30:00+00:00,0.9907316127176546
2018-09-26 05:00:00+00:00,0.9902698883094813
2018-09-26 05:30:00+00:00,0.9898081639013079
2018-09-26 06:00:00+00:00,0.9893464394931344
2018-09-26 06:30:00+00:00,0.9888847150849611
2018-09-26 07:00:00+00:00,0.9884229906767876
2018-09-26 07:30:00+00:00,0.9879612662686141
2018-09-26 08:00:00+00:00,0.9874995418604409
2018-09-26 08:30:00+00:00,0.9870378174522674
2018-09-26 09:00:00+00:00,0.986576093044094
2018-09-26 09:30:00+00:00,0.9861143686359206
2018-09-26 10:00:00+00:00,0.9856526442277471
2018-09-26 10:30:00+00:00,0.9851909198195737
2018-09-26 11:00:00+00:00,0.9847291954114004
2018-09-26 11:30:00+00:00,0.9842674710032269
2018-09-26 12:00:00+00:00,0.9838057465950536
2018-09-26 12:30:00+00:00,0.9833440221868801
2018-09-26 13:00:00+00:00,0.9828822977787066
2018-09-26 13:30:00+00:00,0.9824205733705333
2018-09-26 14:00:00+00:00,0.9819588489623599
2018-09-26 14:30:00+00:00,0.9814971245541865
2018-09-26 15:00:00+00:00,0.9810354001460131
2018-09-26 15:30:00+00:00,0.9805736757378396
2018-09-26 16:00:00+00:00,0.9801119513296662
2018-09-26 16:30:00+00:00,0.9796502269214928
2018-09-26 17:00:00+00:00,0.9791885025133193
2018-09-26 17:30:00+00:00,0.978726778105146
2018-09-26 18:00:00+00:00,0.9782650536969726
2018-09-26 18:30:00+00:00,0.9778033292887991
2018-09-26 19:00:00+00:00,0.9773416048806258
2018-09-26 19:30:00+00:00,0.9768798804724523
2018-09-26 20:00:00+00:00,0.976418156064279
2018-09-26 20:30:00+00:00,0.9759564316561056
2018-09-26 21:00:00+00:00,0.9754947072479321
2018-09-26 21:30:00+00:00,0.9750329828397587
2018-09-26 22:00:00+00:00,0.9745712584315853
2018-09-26 22:30:00+00:00,0.9741095340234118
2018-09-26 23:00:00+00:00,0.9736478096152384
2018-09-26 23:30:00+00:00,0.9731860852070651
2018-09-27 00:00:00+00:00,0.9727243607988916
2018-09-27 00:30:00+00:00,0.9722626363907183
2018-09-27 01:00:00+00:00,0.9718009119825448
2018-09-27 01:30:00+00:00,0.9713391875743714
2018-09-27 02:00:00+00:00,0.970877463166198
2018-09-27 02:30:00+00:00,0.9704157387580246
2018-09-27 03:00:00+00:00,0.9699540143498512
2018-09-27 03:30:00+00:00,0.9694922899416778
2018-09-27 04:00:00+00:00,0.9690305655335043
2018-09-27 04:30:00+00:00,0.9685688411253309
2018-09-27 05:00:00+00:00,0.9681071167171575
2018-09-27 05:30:00+00:00,0.967645392308984
2018-09-27 06:00:00+00:00,0.9671836679008108
2018-09-27 06:30:00+00:00,0.9667219434926373
2018-09-27 07:00:00+00:00,0.9662602190844638
2018-09-27 07:30:00+00:00,0.9657984946762905
2018-09-27 08:00:00+00:00,0.965336770268117
2018-09-27 08:30:00+00:00,0.9648750458599437
2018-09-27 09:00:00+00:00,0.9644133214517703
2018-09-27 09:30:00+00:00,0.9639515970435968
2018-09-27 10:00:00+00:00,0.9634898726354234
2018-09-27 10:30:00+00:00,0.96302814822725
2018-09-27 11:00:00+00:00,0.9625664238190765
2018-09-27 11:30:00+00:00,0.9621046994109032
2018-09-27 12:00:00+00:00,0.9616429750027298
2018-09-27 12:30:00+00:00,0.9611812505945563
2018-09-27 13:00:00+00:00,0.960719526186383
2018-09-27 13:30:00+00:00,0.9602578017782095
2018-09-27 14:00:00+00:00,0.9597960773700361
2018-09-27 14:30:00+00:00,0.9593343529618628
2018-09-27 15:00:00+00:00,0.9588726285536893
2018-09-27 15:30:00+00:00,0.9584109041455159
2018-09-27 16:00:00+00:00,0.9579491797373425
2018-09-27 16:30:00+00:00,0.957487455329169
2018-09-27 17:00:00+00:00,0.9570257309209956
2018-09-27 17:30:00+00:00,0.9565640065128223
2018-09-27 18:00:00+00:00,0.9561022821046488
2018-09-27 18:30:00+00:00,0.9556405576964755
2018-09-27 19:00:00+00:00,0.955178833288302
2018-09-27 19:30:00+00:00,0.9547171088801286
2018-09-27 20:00:00+00:00,0.9542553844719552
2018-09-27 20:30:00+00:00,0.9537936600637817
2018-09-27 21:00:00+00:00,0.9533319356556084
2018-09-27 21:30:00+00:00,0.952870211247435
2018-09-27 22:00:00+00:00,0.9524084868392615
2018-09-27 22:30:00+00:00,0.9519467624310881
2018-09-27 23:00:00+00:00,0.9514850380229147
2018-09-27 23:30:00+00:00,0.9510233136147412
2018-09-28 00:00:00+00:00,0.950561589206568
2018-09-28 00:30:00+00:00,0.9500998647983945
2018-09-28 01:00:00+00:00,0.949638140390221
2018-09-28 01:30:00+00:00,0.9491764159820477
2018-09-28 02:00:00+00:00,0.9487146915738742
2018-09-28 02:30:00+00:00,0.9482529671657008
2018-09-28 03:00:00+00:00,0.9477912427575275
2018-09-28 03:30:00+00:00,0.947329518349354
2018-09-28 04:00:00+00:00,0.9468677939411806
2018-09-28 04:30:00+00:00,0.9464060695330072
2018-09-28 05:00:00+00:00,0.9459443451248337
2018-09-28 05:30:00+00:00,0.9454826207166604
2018-09-28 06:00:00+00:00,0.945020896308487
2018-09-28 06:30:00+00:00,0.9445591719003135
2018-09-28 07:00:00+00:00,0.9440974474921402
2018-09-28 07:30:00+00:00,0.9436357230839667
2018-09-28 08:00:00+00:00,0.9431739986757933
2018-09-28 08:30:00+00:00,0.9427122742676199
2018-09-28 09:00:00+00:00,0.9422505498594465
2018-09-28 09:30:00+00:00,0.9417888254512731
2018-09-28 10:00:00+00:00,0.9413271010430997
2018-09-28 10:30:00+00:00,0.9408653766349262
2018-09-28 11:00:00+00:00,0.9404036522267528
2018-09-28 11:30:00+00:00,0.9399419278185794
2018-09-28 12:00:00+00:00,0.939480203410406
2018-09-28 12:30:00+00:00,0.9390184790022327
2018-09-28 13:00:00+00:00,0.9385567545940592
2018-09-28 13:30:00+00:00,0.9380950301858858
2018-09-28 14:00:00+00:00,0.9376333057777124
2018-09-28 14:30:00+00:00,0.9371715813695389
2018-09-28 15:00:00+00:00,0.9367098569613656
2018-09-28 15:30:00+00:00,0.9362481325531922
2018-09-28 16:00:00+00:00,0.9357864081450187
2018-09-28 16:30:00+00:00,0.9353246837368453
2018-09-28 17:00:00+00:00,0.9348629593286719
2018-09-28 17:30:00+00:00,0.9344012349204984
2018-09-28 18:00:00+00:00,0.9339395105123252
2018-09-28 18:30:00+00:00,0.9334777861041517
2018-09-28 19:00:00+00:00,0.9330160616959783
2018-09-28 19:30:00+00:00,0.9325543372878049
2018-09-28 20:00:00+00:00,0.9320926128796314
2018-09-28 20:30:00+00:00,0.931630888471458
2018-09-28 21:00:00+00:00,0.9311691640632846
2018-09-28 21:30:00+00:00,0.9307074396551112
2018-09-28 22:00:00+00:00,0.9302457152469378
2018-09-28 22:30:00+00:00,0.9297839908387644
2018-09-28 23:00:00+00:00,0.9293222664305909
2018-09-28 23:30:00+00:00,0.9288605420224176
2018-09-29 00:00:00+00:00,0.9283988176142441
2018-09-29 00:30:00+00:00,0.9279370932060707
2018-09-29 01:00:00+00:00,0.9274753687978974
2018-09-29 01:30:00+00:00,0.9270136443897239
2018-09-29 02:00:00+00:00,0.9265519199815505
2018-09-29 02:30:00+00:00,0.9260901955733771
2018-09-29 03:00:00+00:00,0.9256284711652036
2018-09-29 03:30:00+00:00,0.9251667467570303
2018-09-29 04:00:00+00:00,0.9247050223488569
2018-09-29 04:30:00+00:00,0.9242432979406835
2018-09-29 05:00:00+00:00,0.92378157353251
2018-09-29 05:30:00+00:00,0.9233198491243366
2018-09-29 06:00:00+00:00,0.9228581247161632
2018-09-29 06:30:00+00:00,0.9223964003079898
2018-09-29 07:00:00+00:00,0.9219346758998164
2018-09-29 07:30:00+00:00,0.921472951491643
2018-09-29 08:00:00+00:00,0.9210112270834696
2018-09-29 08:30:00+00:00,0.9205495026752961
2018-09-29 09:00:00+00:00,0.9200877782671227
2018-09-29 09:30:00+00:00,0.9196260538589494
2018-09-29 10:00:00+00:00,0.9191643294507759
2018-09-29 10:30:00+00:00,0.9187026050426025
2018-09-29 11:00:00+00:00,0.9182408806344291
2018-09-29 11:30:00+00:00,0.9177791562262557
2018-09-29 12:00:00+00:00,0.9173174318180822
2018-09-29 12:30:00+00:00,0.9168557074099088
2018-09-29 13:00:00+00:00,0.9163939830017355
2018-09-29 13:30:00+00:00,0.9159322585935621
2018-09-29 14:00:00+00:00,0.9154705341853886
2018-09-29 14:30:00+00:00,0.9150088097772152
2018-09-29 15:00:00+00:00,0.9145470853690418
2018-09-29 15:30:00+00:00,0.9140853609608683
2018-09-29 16:00:00+00:00,0.913623636552695
2018-09-29 16:30:00+00:00,0.9131619121445216
2018-09-29 17:00:00+00:00,0.9127001877363482
2018-09-29 17:30:00+00:00,0.9122384633281747
2018-09-29 18:00:00+00:00,0.9117767389200013
2018-09-29 18:30:00+00:00,0.911315014511828
2018-09-29 19:00:00+00:00,0.9108532901036545
2018-09-29 19:30:00+00:00,0.9103915656954811
2018-09-29 20:00:00+00:00,0.9099298412873077
2018-09-29 20:30:00+00:00,0.9094681168791343
2018-09-29 21:00:00+00:00,0.9090063924709608
2018-09-29 21:30:00+00:00,0.9085446680627874
2018-09-29 22:00:00+00:00,0.9080829436546141
2018-09-29 22:30:00+00:00,0.9076212192464407
2018-09-29 23:00:00+00:00,0.9071594948382672
2018-09-29 23:30:00+00:00,0.9066977704300938
2018-09-30 00:00:00+00:00,0.9062360460219204
2018-09-30 00:30:00+00:00,0.9057743216137469
2018-09-30 01:00:00+00:00,0.9053125972055736
2018-09-30 01:30:00+00:00,0.9048508727974002
2018-09-30 02:00:00+00:00,0.9043891483892268
2018-09-30 02:30:00+00:00,0.9039274239810533
2018-09-30 03:00:00+00:00,0.9034656995728799
2018-09-30 03:30:00+00:00,0.9030039751647065
2018-09-30 04:00:00+00:00,0.902542250756533
2018-09-30 04:30:00+00:00,0.9020805263483597
2018-09-30 05:00:00+00:00,0.9016188019401863
2018-09-30 05:30:00+00:00,0.9011570775320129
2018-09-30 06:00:00+00:00,0.9006953531238394
2018-09-30 06:30:00+00:00,0.900233628715666
2018-09-30 07:00:00+00:00,0.8997719043074927
2018-09-30 07:30:00+00:00,0.8993101798993193
2018-09-30 08:00:00+00:00,0.8988484554911458
2018-09-30 08:30:00+00:00,0.8983867310829724
2018-09-30 09:00:00+00:00,0.897925006674799
2018-09-30 09:30:00+00:00,0.8974632822666255
2018-09-30 10:00:00+00:00,0.8970015578584521
2018-09-30 10:30:00+00:00,0.8965398334502788
2018-09-30 11:00:00+00:00,0.8960781090421054
2018-09-30 11:30:00+00:00,0.8956163846339319
2018-09-30 12:00:00+00:00,0.8951546602257585
2018-09-30 12:30:00+00:00,0.8946929358175851
2018-09-30 13:00:00+00:00,0.8942312114094116
2018-09-30 13:30:00+00:00,0.8937694870012383
2018-09-30 14:00:00+00:00,0.8933077625930649
2018-09-30 14:30:00+00:00,0.8928460381848915
2018-09-30 15:00:00+00:00,0.892384313776718
2018-09-30 15:30:00+00:00,0.8919225893685446
2018-09-30 16:00:00+00:00,0.8914608649603712
2018-09-30 16:30:00+00:00,0.8909991405521979
2018-09-30 17:00:00+00:00,0.8905374161440244
2018-09-30 17:30:00+00:00,0.890075691735851
2018-09-30 18:00:00+00:00,0.8896139673276776
2018-09-30 18:30:00+00:00,0.8891522429195041
2018-09-30 19:00:00+00:00,0.8886905185113307
2018-09-30 19:30:00+00:00,0.8882287941031574
2018-09-30 20:00:00+00:00,0.887767069694984
2018-09-30 20:30:00+00:00,0.8873053452868105
2018-09-30 21:00:00+00:00,0.8868436208786371
2018-09-30 21:30:00+00:00,0.8863818964704637
2018-09-30 22:00:00+00:00,0.8859201720622903
2018-09-30 22:30:00+00:00,0.8854584476541169
2018-09-30 23:00:00+00:00,0.8849967232459435
2018-09-30 23:30:00+00:00,0.8845349988377701
2018-10-01 00:00:00+00:00,0.8840732744295966
2018-10-01 00:30:00+00:00,0.8836115500214232
2018-10-01 01:00:00+00:00,0.8831498256132498
2018-10-01 01:30:00+00:00,0.8826881012050765
2018-10-01 02:00:00+00:00,0.882226376796903
2018-10-01 02:30:00+00:00,0.8817646523887296
2018-10-01 03:00:00+00:00,0.8813029279805562
2018-10-01 03:30:00+00:00,0.8808412035723827
2018-10-01 04:00:00+00:00,0.8803794791642093
2018-10-01 04:30:00+00:00,0.879917754756036
2018-10-01 05:00:00+00:00,0.8794560303478626
2018-10-01 05:30:00+00:00,0.8789943059396891
2018-10-01 06:00:00+00:00,0.8785325815315157
2018-10-01 06:30:00+00:00,0.8780708571233423
2018-10-01 07:00:00+00:00,0.8776091327151689
2018-10-01 07:30:00+00:00,0.8771474083069954
2018-10-01 08:00:00+00:00,0.8766856838988221
2018-10-01 08:30:00+00:00,0.8762239594906487
2018-10-01 09:00:00+00:00,0.8757622350824752
2018-10-01 09:30:00+00:00,0.8753005106743018
2018-10-01 10:00:00+00:00,0.8748387862661284
2018-10-01 10:30:00+00:00,0.874377061857955
2018-10-01 11:00:00+00:00,0.8739153374497816
2018-10-01 11:30:00+00:00,0.8734536130416082
2018-10-01 12:00:00+00:00,0.8729918886334348
2018-10-01 12:30:00+00:00,0.8725301642252613
2018-10-01 13:00:00+00:00,0.8720684398170879
2018-10-01 13:30:00+00:00,0.8716067154089145
2018-10-01 14:00:00+00:00,0.8711449910007412
2018-10-01 14:30:00+00:00,0.8706832665925677
2018-10-01 15:00:00+00:00,0.8702215421843943
2018-10-01 15:30:00+00:00,0.8697598177762209
2018-10-01 16:00:00+00:00,0.8692980933680475
2018-10-01 16:30:00+00:00,0.868836368959874
2018-10-01 17:00:00+00:00,0.8683746445517007
2018-10-01 17:30:00+00:00,0.8679129201435273
2018-10-01 18:00:00+00:00,0.8674511957353538
2018-10-01 18:30:00+00:00,0.8669894713271804
2018-10-01 19:00:00+00:00,0.866527746919007
2018-10-01 19:30:00+00:00,0.8660660225108336
2018-10-01 20:00:00+00:00,0.8656042981026602
2018-10-01 20:30:00+00:00,0.8651425736944868
2018-10-01 21:00:00+00:00,0.8646808492863134
2018-10-01 21:30:00+00:00,0.8642191248781399
2018-10-01 22:00:00+00:00,0.8637574004699665
2018-10-01 22:30:00+00:00,0.8632956760617931
2018-10-01 23:00:00+00:00,0.8628339516536198
2018-10-01 23:30:00+00:00,0.8623722272454463
2018-10-02 00:00:00+00:00,0.8619105028372729
2018-10-02 00:30:00+00:00,0.8614487784290995
2018-10-02 01:00:00+00:00,0.8609870540209261
2018-10-02 01:30:00+00:00,0.8605253296127526
2018-10-02 02:00:00+00:00,0.8600636052045793
2018-10-02 02:30:00+00:00,0.8596018807964059
2018-10-02 03:00:00+00:00,0.8591401563882324
2018-10-02 03:30:00+00:00,0.858678431980059
2018-10-02 04:00:00+00:00,0.8582167075718856
2018-10-02 04:30:00+00:00,0.8577549831637122
2018-10-02 05:00:00+00:00,0.8572932587555387
2018-10-02 05:30:00+00:00,0.8568315343473654
2018-10-02 06:00:00+00:00,0.856369809939192
2018-10-02 06:30:00+00:00,0.8559080855310185
2018-10-02 07:00:00+00:00,0.8554463611228451
2018-10-02 07:30:00+00:00,0.8549846367146717
2018-10-02 08:00:00+00:00,0.8545229123064984
2018-10-02 08:30:00+00:00,0.8540611878983249
2018-10-02 09:00:00+00:00,0.8535994634901515
2018-10-02 09:30:00+00:00,0.8531377390819781
2018-10-02 10:00:00+00:00,0.8526760146738047
2018-10-02 10:30:00+00:00,0.8522142902656312
2018-10-02 11:00:00+00:00,0.8517525658574578
2018-10-02 11:30:00+00:00,0.8512908414492845
2018-10-02 12:00:00+00:00,0.850829117041111
2018-10-02 12:30:00+00:00,0.8503673926329376
2018-10-02 13:00:00+00:00,0.8499056682247642
2018-10-02 13:30:00+00:00,0.8494439438165908
2018-10-02 14:00:00+00:00,0.8489822194084173
2018-10-02 14:30:00+00:00,0.848520495000244
2018-10-02 15:00:00+00:00,0.8480587705920706
2018-10-02 15:30:00+00:00,0.8475970461838972
2018-10-02 16:00:00+00:00,0.8471353217757237
2018-10-02 16:30:00+00:00,0.8466735973675503
2018-10-02 17:00:00+00:00,0.8462118729593769
2018-10-02 17:30:00+00:00,0.8457501485512035
2018-10-02 18:00:00+00:00,0.8452884241430301
2018-10-02 18:30:00+00:00,0.8448266997348567
2018-10-02 19:00:00+00:00,0.8443649753266833
2018-10-02 19:30:00+00:00,0.8439032509185098
2018-10-02 20:00:00+00:00,0.8434415265103364
2018-10-02 20:30:00+00:00,0.8429798021021631
2018-10-02 21:00:00+00:00,0.8425180776939896
2018-10-02 21:30:00+00:00,0.8420563532858162
2018-10-02 22:00:00+00:00,0.8415946288776428
2018-10-02 22:30:00+00:00,0.8411329044694694
2018-10-02 23:00:00+00:00,0.8406711800612959
2018-10-02 23:30:00+00:00,0.8402094556531225
2018-10-03 00:00:00+00:00,0.8397477312449492
2018-10-03 00:30:00+00:00,0.8392860068367758
2018-10-03 01:00:00+00:00,0.8388242824286023
2018-10-03 01:30:00+00:00,0.8383625580204289
2018-10-03 02:00:00+00:00,0.8379008336122555
2018-10-03 02:30:00+00:00,0.837439109204082
2018-10-03 03:00:00+00:00,0.8369773847959087
2018-10-03 03:30:00+00:00,0.8365156603877353
2018-10-03 04:00:00+00:00,0.8360539359795619
2018-10-03 04:30:00+00:00,0.8355922115713884
2018-10-03 05:00:00+00:00,0.835130487163215
2018-10-03 05:30:00+00:00,0.8346687627550416
2018-10-03 06:00:00+00:00,0.8342070383468682
2018-10-03 06:30:00+00:00,0.8337453139386948
2018-10-03 07:00:00+00:00,0.8332835895305214
2018-10-03 07:30:00+00:00,0.832821865122348
2018-10-03 08:00:00+00:00,0.8323601407141745
2018-10-03 08:30:00+00:00,0.8318984163060011
2018-10-03 09:00:00+00:00,0.8314366918978278
2018-10-03 09:30:00+00:00,0.8309749674896544
2018-10-03 10:00:00+00:00,0.8305132430814809
2018-10-03 10:30:00+00:00,0.8300515186733075
2018-10-03 11:00:00+00:00,0.8295897942651341
2018-10-03 11:30:00+00:00,0.8291280698569606
2018-10-03 12:00:00+00:00,0.8286663454487873
2018-10-03 12:30:00+00:00,0.8282046210406139
2018-10-03 13:00:00+00:00,0.8277428966324405
2018-10-03 13:30:00+00:00,0.827281172224267
2018-10-03 14:00:00+00:00,0.8268194478160936
2018-10-03 14:30:00+00:00,0.8263577234079202
2018-10-03 15:00:00+00:00,0.8258959989997467
2018-10-03 15:30:00+00:00,0.8254342745915734
2018-10-03 16:00:00+00:00,0.8249725501834
2018-10-03 16:30:00+00:00,0.8245108257752266
2018-10-03 17:00:00+00:00,0.8240491013670531
2018-10-03 17:30:00+00:00,0.8235873769588797
2018-10-03 18:00:00+00:00,0.8231256525507064
2018-10-03 18:30:00+00:00,0.822663928142533
2018-10-03 19:00:00+00:00,0.8222022037343595
2018-10-03 19:30:00+00:00,0.8217404793261861
2018-10-03 20:00:00+00:00,0.8212787549180127
2018-10-03 20:30:00+00:00,0.8208170305098392
2018-10-03 21:00:00+00:00,0.8203553061016658
2018-10-03 21:30:00+00:00,0.8198935816934925
2018-10-03 22:00:00+00:00,0.8194318572853191
2018-10-03 22:30:00+00:00,0.8189701328771456
2018-10-03 23:00:00+00:00,0.8185084084689722
2018-10-03 23:30:00+00:00,0.8180466840607988
2018-10-04 00:00:00+00:00,0.8175849596526253
2018-10-04 00:30:00+00:00,0.817123235244452
2018-10-04 01:00:00+00:00,0.8166615108362786
2018-10-04 01:30:00+00:00,0.8161997864281052
2018-10-04 02:00:00+00:00,0.8157380620199317
2018-10-04 02:30:00+00:00,0.8152763376117583
2018-10-04 03:00:00+00:00,0.814814613203585
2018-10-04 03:30:00+00:00,0.8143528887954116
2018-10-04 04:00:00+00:00,0.8138911643872381
2018-10-04 04:30:00+00:00,0.8134294399790647
2018-10-04 05:00:00+00:00,0.8129677155708913
2018-10-04 05:30:00+00:00,0.8125059911627178
2018-10-04 06:00:00+00:00,0.8120442667545444
2018-10-04 06:30:00+00:00,0.8115825423463711
2018-10-04 07:00:00+00:00,0.8111208179381977
2018-10-04 07:30:00+00:00,0.8106590935300242
2018-10-04 08:00:00+00:00,0.8101973691218508
2018-10-04 08:30:00+00:00,0.8097356447136774
2018-10-04 09:00:00+00:00,0.809273920305504
2018-10-04 09:30:00+00:00,0.8088121958973306
2018-10-04 10:00:00+00:00,0.8083504714891572
2018-10-04 10:30:00+00:00,0.8078887470809838
2018-10-04 11:00:00+00:00,0.8074270226728103
2018-10-04 11:30:00+00:00,0.8069652982646369
2018-10-04 12:00:00+00:00,0.8065035738564635
2018-10-04 12:30:00+00:00,0.8060418494482902
2018-10-04 13:00:00+00:00,0.8055801250401167
2018-10-04 13:30:00+00:00,0.8051184006319433
2018-10-04 14:00:00+00:00,0.8046566762237699
2018-10-04 14:30:00+00:00,0.8041949518155964
2018-10-04 15:00:00+00:00,0.803733227407423
2018-10-04 15:30:00+00:00,0.8032715029992497
2018-10-04 16:00:00+00:00,0.8028097785910763
2018-10-04 16:30:00+00:00,0.8023480541829028
2018-10-04 17:00:00+00:00,0.8018863297747294
2018-10-04 17:30:00+00:00,0.801424605366556
2018-10-04 18:00:00+00:00,0.8009628809583826
2018-10-04 18:30:00+00:00,0.8005011565502091
2018-10-04 19:00:00+00:00,0.8000394321420358
2018-10-04 19:30:00+00:00,0.7995777077338624
2018-10-04 20:00:00+00:00,0.7991159833256889
2018-10-04 20:30:00+00:00,0.7986542589175155
2018-10-04 21:00:00+00:00,0.7981925345093421
2018-10-04 21:30:00+00:00,0.7977308101011688
2018-10-04 22:00:00+00:00,0.7972690856929953
2018-10-04 22:30:00+00:00,0.7968073612848219
2018-10-04 23:00:00+00:00,0.7963456368766485
2018-10-04 23:30:00+00:00,0.795883912468475
2018-10-05 00:00:00+00:00,0.7954221880603016
2018-10-05 00:30:00+00:00,0.7949604636521282
2018-10-05 01:00:00+00:00,0.7944987392439549
2018-10-05 01:30:00+00:00,0.7940370148357814
2018-10-05 02:00:00+00:00,0.793575290427608
2018-10-05 02:30:00+00:00,0.7931135660194346
2018-10-05 03:00:00+00:00,0.7926518416112612
2018-10-05 03:30:00+00:00,0.7921901172030877
2018-10-05 04:00:00+00:00,0.7917283927949144
2018-10-05 04:30:00+00:00,0.791266668386741
2018-10-05 05:00:00+00:00,0.7908049439785675
2018-10-05 05:30:00+00:00,0.7903432195703941
2018-10-05 06:00:00+00:00,0.7898814951622207
2018-10-05 06:30:00+00:00,0.7894197707540473
2018-10-05 07:00:00+00:00,0.7889580463458739
2018-10-05 07:30:00+00:00,0.7884963219377005
2018-10-05 08:00:00+00:00,0.7880345975295271
2018-10-05 08:30:00+00:00,0.7875728731213536
2018-10-05 09:00:00+00:00,0.7871111487131802
2018-10-05 09:30:00+00:00,0.7866494243050068
2018-10-05 10:00:00+00:00,0.7861876998968335
2018-10-05 10:30:00+00:00,0.78572597548866
2018-10-05 11:00:00+00:00,0.7852642510804866
2018-10-05 11:30:00+00:00,0.7848025266723132
2018-10-05 12:00:00+00:00,0.7843408022641398
2018-10-05 12:30:00+00:00,0.7838790778559663
2018-10-05 13:00:00+00:00,0.783417353447793
2018-10-05 13:30:00+00:00,0.7829556290396196
2018-10-05 14:00:00+00:00,0.7824939046314461
2018-10-05 14:30:00+00:00,0.7820321802232727
2018-10-05 15:00:00+00:00,0.7815704558150993
2018-10-05 15:30:00+00:00,0.7811087314069259
2018-10-05 16:00:00+00:00,0.7806470069987524
2018-10-05 16:30:00+00:00,0.7801852825905791
2018-10-05 17:00:00+00:00,0.7797235581824057
2018-10-05 17:30:00+00:00,0.7792618337742322
2018-10-05 18:00:00+00:00,0.7788001093660588
2018-10-05 18:30:00+00:00,0.7783383849578854
2018-10-05 19:00:00+00:00,0.777876660549712
2018-10-05 19:30:00+00:00,0.7774149361415386
2018-10-05 20:00:00+00:00,0.7769532117333652
2018-10-05 20:30:00+00:00,0.7764914873251918
2018-10-05 21:00:00+00:00,0.7760297629170184
2018-10-05 21:30:00+00:00,0.7755680385088449
2018-10-05 22:00:00+00:00,0.7751063141006715
2018-10-05 22:30:00+00:00,0.7746445896924982
2018-10-05 23:00:00+00:00,0.7741828652843247
2018-10-05 23:30:00+00:00,0.7737211408761513
2018-10-06 00:00:00+00:00,0.7732594164679779
2018-10-06 00:30:00+00:00,0.7727976920598045
2018-10-06 01:00:00+00:00,0.772335967651631
2018-10-06 01:30:00+00:00,0.7718742432434577
2018-10-06 02:00:00+00:00,0.7714125188352843
2018-10-06 02:30:00+00:00,0.7709507944271109
2018-10-06 03:00:00+00:00,0.7704890700189374
2018-10-06 03:30:00+00:00,0.770027345610764
2018-10-06 04:00:00+00:00,0.7695656212025906
2018-10-06 04:30:00+00:00,0.7691038967944172
2018-10-06 05:00:00+00:00,0.7686421723862438
2018-10-06 05:30:00+00:00,0.7681804479780704
2018-10-06 06:00:00+00:00,0.767718723569897
2018-10-06 06:30:00+00:00,0.7672569991617235
2018-10-06 07:00:00+00:00,0.7667952747535501
2018-10-06 07:30:00+00:00,0.7663335503453768
2018-10-06 08:00:00+00:00,0.7658718259372033
2018-10-06 08:30:00+00:00,0.7654101015290299
2018-10-06 09:00:00+00:00,0.7649483771208565
2018-10-06 09:30:00+00:00,0.7644866527126831
2018-10-06 10:00:00+00:00,0.7640249283045096
2018-10-06 10:30:00+00:00,0.7635632038963363
2018-10-06 11:00:00+00:00,0.7631014794881629
2018-10-06 11:30:00+00:00,0.7626397550799895
2018-10-06 12:00:00+00:00,0.762178030671816
2018-10-06 12:30:00+00:00,0.7617163062636426
2018-10-06 13:00:00+00:00,0.7612545818554692
2018-10-06 13:30:00+00:00,0.7607928574472957
2018-10-06 14:00:00+00:00,0.7603311330391224
2018-10-06 14:30:00+00:00,0.759869408630949
2018-10-06 15:00:00+00:00,0.7594076842227756
2018-10-06 15:30:00+00:00,0.7589459598146021
2018-10-06 16:00:00+00:00,0.7584842354064287
2018-10-06 16:30:00+00:00,0.7580225109982553
2018-10-06 17:00:00+00:00,0.7575607865900819
2018-10-06 17:30:00+00:00,0.7570990621819085
2018-10-06 18:00:00+00:00,0.7566373377737351
2018-10-06 18:30:00+00:00,0.7561756133655617
2018-10-06 19:00:00+00:00,0.7557138889573882
2018-10-06 19:30:00+00:00,0.7552521645492148
2018-10-06 20:00:00+00:00,0.7547904401410415
2018-10-06 20:30:00+00:00,0.7543287157328681
2018-10-06 21:00:00+00:00,0.7538669913246946
2018-10-06 21:30:00+00:00,0.7534052669165212
2018-10-06 22:00:00+00:00,0.7529435425083478
2018-10-06 22:30:00+00:00,0.7524818181001743
2018-10-06 23:00:00+00:00,0.752020093692001
2018-10-06 23:30:00+00:00,0.7515583692838276
2018-10-07 00:00:00+00:00,0.7510966448756542
2018-10-07 00:30:00+00:00,0.7506349204674807
2018-10-07 01:00:00+00:00,0.7501731960593073
2018-10-07 01:30:00+00:00,0.7497114716511339
2018-10-07 02:00:00+00:00,0.7492497472429605
2018-10-07 02:30:00+00:00,0.7487880228347871
2018-10-07 03:00:00+00:00,0.7483262984266137
2018-10-07 03:30:00+00:00,0.7478645740184403
2018-10-07 04:00:00+00:00,0.7474028496102668
2018-10-07 04:30:00+00:00,0.7469411252020934
2018-10-07 05:00:00+00:00,0.7464794007939201
2018-10-07 05:30:00+00:00,0.7460176763857467
2018-10-07 06:00:00+00:00,0.7455559519775732
2018-10-07 06:30:00+00:00,0.7450942275693998
2018-10-07 07:00:00+00:00,0.7446325031612264
2018-10-07 07:30:00+00:00,0.7441707787530529
2018-10-07 08:00:00+00:00,0.7437090543448795
2018-10-07 08:30:00+00:00,0.7432473299367062
2018-10-07 09:00:00+00:00,0.7427856055285328
2018-10-07 09:30:00+00:00,0.7423238811203593
2018-10-07 10:00:00+00:00,0.7418621567121859
2018-10-07 10:30:00+00:00,0.7414004323040125
2018-10-07 11:00:00+00:00,0.740938707895839
2018-10-07 11:30:00+00:00,0.7404769834876657
2018-10-07 12:00:00+00:00,0.7400152590794923
2018-10-07 12:30:00+00:00,0.7395535346713189
2018-10-07 13:00:00+00:00,0.7390918102631454
2018-10-07 13:30:00+00:00,0.738630085854972
2018-10-07 14:00:00+00:00,0.7381683614467986
2018-10-07 14:30:00+00:00,0.7377066370386253
2018-10-07 15:00:00+00:00,0.7372449126304518
2018-10-07 15:30:00+00:00,0.7367831882222784
2018-10-07 16:00:00+00:00,0.736321463814105
2018-10-07 16:30:00+00:00,0.7358597394059315
2018-10-07 17:00:00+00:00,0.7353980149977581
2018-10-07 17:30:00+00:00,0.7349362905895848
2018-10-07 18:00:00+00:00,0.7344745661814114
2018-10-07 18:30:00+00:00,0.7340128417732379
2018-10-07 19:00:00+00:00,0.7335511173650645
2018-10-07 19:30:00+00:00,0.7330893929568911
2018-10-07 20:00:00+00:00,0.7326276685487177
2018-10-07 20:30:00+00:00,0.7321659441405443
2018-10-07 21:00:00+00:00,0.7317042197323709
2018-10-07 21:30:00+00:00,0.7312424953241975
2018-10-07 22:00:00+00:00,0.730780770916024
2018-10-07 22:30:00+00:00,0.7303190465078506
2018-10-07 23:00:00+00:00,0.7298573220996772
2018-10-07 23:30:00+00:00,0.7293955976915039
2018-10-08 00:00:00+00:00,0.7289338732833304
2018-10-08 00:30:00+00:00,0.728472148875157
2018-10-08 01:00:00+00:00,0.7280104244669836
2018-10-08 01:30:00+00:00,0.7275487000588101
2018-10-08 02:00:00+00:00,0.7270869756506367
2018-10-08 02:30:00+00:00,0.7266252512424634
2018-10-08 03:00:00+00:00,0.72616352683429
2018-10-08 03:30:00+00:00,0.7257018024261165
2018-10-08 04:00:00+00:00,0.7252400780179431
2018-10-08 04:30:00+00:00,0.7247783536097697
2018-10-08 05:00:00+00:00,0.7243166292015963
2018-10-08 05:30:00+00:00,0.7238549047934228
2018-10-08 06:00:00+00:00,0.7233931803852495
2018-10-08 06:30:00+00:00,0.7229314559770761
2018-10-08 07:00:00+00:00,0.7224697315689026
2018-10-08 07:30:00+00:00,0.7220080071607292
2018-10-08 08:00:00+00:00,0.7215462827525558
2018-10-08 08:30:00+00:00,0.7210845583443825
2018-10-08 09:00:00+00:00,0.720622833936209
2018-10-08 09:30:00+00:00,0.7201611095280356
2018-10-08 10:00:00+00:00,0.7196993851198622
2018-10-08 10:30:00+00:00,0.7192376607116887
2018-10-08 11:00:00+00:00,0.7187759363035153
2018-10-08 11:30:00+00:00,0.718314211895342
2018-10-08 12:00:00+00:00,0.7178524874871686
2018-10-08 12:30:00+00:00,0.7173907630789951
2018-10-08 13:00:00+00:00,0.7169290386708217
2018-10-08 13:30:00+00:00,0.7164673142626483
2018-10-08 14:00:00+00:00,0.7160055898544749
2018-10-08 14:30:00+00:00,0.7155438654463014
2018-10-08 15:00:00+00:00,0.7150821410381281
2018-10-08 15:30:00+00:00,0.7146204166299547
2018-10-08 16:00:00+00:00,0.7141586922217812
2018-10-08 16:30:00+00:00,0.7136969678136078
2018-10-08 17:00:00+00:00,0.7132352434054344
2018-10-08 17:30:00+00:00,0.712773518997261
2018-10-08 18:00:00+00:00,0.7123117945890876
2018-10-08 18:30:00+00:00,0.7118500701809142
2018-10-08 19:00:00+00:00,0.7113883457727408
2018-10-08 19:30:00+00:00,0.7109266213645673
2018-10-08 20:00:00+00:00,0.7104648969563939
2018-10-08 20:30:00+00:00,0.7100031725482205
2018-10-08 21:00:00+00:00,0.7095414481400472
2018-10-08 21:30:00+00:00,0.7090797237318737
2018-10-08 22:00:00+00:00,0.7086179993237003
2018-10-08 22:30:00+00:00,0.7081562749155269
2018-10-08 23:00:00+00:00,0.7076945505073535
2018-10-08 23:30:00+00:00,0.70723282609918
2018-10-09 00:00:00+00:00,0.7067711016910067
2018-10-09 00:30:00+00:00,0.7063093772828333
2018-10-09 01:00:00+00:00,0.7058476528746598
2018-10-09 01:30:00+00:00,0.7053859284664864
2018-10-09 02:00:00+00:00,0.704924204058313
2018-10-09 02:30:00+00:00,0.7044624796501396
2018-10-09 03:00:00+00:00,0.7040007552419661
2018-10-09 03:30:00+00:00,0.7035390308337928
2018-10-09 04:00:00+00:00,0.7030773064256194
2018-10-09 04:30:00+00:00,0.7026155820174459
2018-10-09 05:00:00+00:00,0.7021538576092725
2018-10-09 05:30:00+00:00,0.7016921332010991
2018-10-09 06:00:00+00:00,0.7012304087929258
2018-10-09 06:30:00+00:00,0.7007686843847523
2018-10-09 07:00:00+00:00,0.7003069599765789
2018-10-09 07:30:00+00:00,0.6998452355684055
2018-10-09 08:00:00+00:00,0.6993835111602321
2018-10-09 08:30:00+00:00,0.6989217867520586
2018-10-09 09:00:00+00:00,0.6984600623438852
2018-10-09 09:30:00+00:00,0.6979983379357119
2018-10-09 10:00:00+00:00,0.6975366135275384
2018-10-09 10:30:00+00:00,0.697074889119365
2018-10-09 11:00:00+00:00,0.6966131647111916
2018-10-09 11:30:00+00:00,0.6961514403030182
2018-10-09 12:00:00+00:00,0.6956897158948447
2018-10-09 12:30:00+00:00,0.6952279914866714
2018-10-09 13:00:00+00:00,0.694766267078498
2018-10-09 13:30:00+00:00,0.6943045426703246
2018-10-09 14:00:00+00:00,0.6938428182621511
2018-10-09 14:30:00+00:00,0.6933810938539777
2018-10-09 15:00:00+00:00,0.6929193694458043
2018-10-09 15:30:00+00:00,0.6924576450376309
2018-10-09 16:00:00+00:00,0.6919959206294575
2018-10-09 16:30:00+00:00,0.6915341962212841
2018-10-09 17:00:00+00:00,0.6910724718131107
2018-10-09 17:30:00+00:00,0.6906107474049372
2018-10-09 18:00:00+00:00,0.6901490229967638
2018-10-09 18:30:00+00:00,0.6896872985885905
2018-10-09 19:00:00+00:00,0.689225574180417
2018-10-09 19:30:00+00:00,0.6887638497722436
2018-10-09 20:00:00+00:00,0.6883021253640702
2018-10-09 20:30:00+00:00,0.6878404009558968
2018-10-09 21:00:00+00:00,0.6873786765477233
2018-10-09 21:30:00+00:00,0.68691695213955
2018-10-09 22:00:00+00:00,0.6864552277313766
2018-10-09 22:30:00+00:00,0.6859935033232032
2018-10-09 23:00:00+00:00,0.6855317789150297
2018-10-09 23:30:00+00:00,0.6850700545068563
2018-10-10 00:00:00+00:00,0.6846083300986829
2018-10-10 00:30:00+00:00,0.6841466056905094
2018-10-10 01:00:00+00:00,0.6836848812823361
2018-10-10 01:30:00+00:00,0.6832231568741627
2018-10-10 02:00:00+00:00,0.6827614324659893
2018-10-10 02:30:00+00:00,0.6822997080578158
2018-10-10 03:00:00+00:00,0.6818379836496424
2018-10-10 03:30:00+00:00,0.681376259241469
2018-10-10 04:00:00+00:00,0.6809145348332956
2018-10-10 04:30:00+00:00,0.6804528104251222
2018-10-10 05:00:00+00:00,0.6799910860169488
2018-10-10 05:30:00+00:00,0.6795293616087754
2018-10-10 06:00:00+00:00,0.6790676372006019
2018-10-10 06:30:00+00:00,0.6786059127924285
2018-10-10 07:00:00+00:00,0.6781441883842552
2018-10-10 07:30:00+00:00,0.6776824639760818
2018-10-10 08:00:00+00:00,0.6772207395679083
2018-10-10 08:30:00+00:00,0.6767590151597349
2018-10-10 09:00:00+00:00,0.6762972907515615
2018-10-10 09:30:00+00:00,0.675835566343388
2018-10-10 10:00:00+00:00,0.6753738419352147
2018-10-10 10:30:00+00:00,0.6749121175270413
2018-10-10 11:00:00+00:00,0.6744503931188679
2018-10-10 11:30:00+00:00,0.6739886687106944
2018-10-10 12:00:00+00:00,0.673526944302521
2018-10-10 12:30:00+00:00,0.6730652198943476
2018-10-10 13:00:00+00:00,0.6726034954861742
2018-10-10 13:30:00+00:00,0.6721417710780008
2018-10-10 14:00:00+00:00,0.6716800466698274
2018-10-10 14:30:00+00:00,0.671218322261654
2018-10-10 15:00:00+00:00,0.6707565978534805
2018-10-10 15:30:00+00:00,0.6702948734453071
2018-10-10 16:00:00+00:00,0.6698331490371338
2018-10-10 16:30:00+00:00,0.6693714246289604
2018-10-10 17:00:00+00:00,0.6689097002207869
2018-10-10 17:30:00+00:00,0.6684479758126135
2018-10-10 18:00:00+00:00,0.6679862514044401
2018-10-10 18:30:00+00:00,0.6675245269962666
2018-10-10 19:00:00+00:00,0.6670628025880933
2018-10-10 19:30:00+00:00,0.6666010781799199
2018-10-10 20:00:00+00:00,0.6661393537717465
2018-10-10 20:30:00+00:00,0.665677629363573
2018-10-10 21:00:00+00:00,0.6652159049553996
2018-10-10 21:30:00+00:00,0.6647541805472262
2018-10-10 22:00:00+00:00,0.6642924561390527
2018-10-10 22:30:00+00:00,0.6638307317308794
2018-10-10 23:00:00+00:00,0.663369007322706
2018-10-10 23:30:00+00:00,0.6629072829145326
2018-10-11 00:00:00+00:00,0.6624455585063591
2018-10-11 00:30:00+00:00,0.6619838340981857
2018-10-11 01:00:00+00:00,0.6615221096900123
2018-10-11 01:30:00+00:00,0.661060385281839
2018-10-11 02:00:00+00:00,0.6605986608736655
2018-10-11 02:30:00+00:00,0.6601369364654921
2018-10-11 03:00:00+00:00,0.6596752120573187
2018-10-11 03:30:00+00:00,0.6592134876491452
2018-10-11 04:00:00+00:00,0.6587517632409718
2018-10-11 04:30:00+00:00,0.6582900388327985
2018-10-11 05:00:00+00:00,0.6578283144246251
2018-10-11 05:30:00+00:00,0.6573665900164516
2018-10-11 06:00:00+00:00,0.6569048656082782
2018-10-11 06:30:00+00:00,0.6564431412001048
2018-10-11 07:00:00+00:00,0.6559814167919314
2018-10-11 07:30:00+00:00,0.655519692383758
2018-10-11 08:00:00+00:00,0.6550579679755846
2018-10-11 08:30:00+00:00,0.6545962435674112
2018-10-11 09:00:00+00:00,0.6541345191592377
2018-10-11 09:30:00+00:00,0.6536727947510643
2018-10-11 10:00:00+00:00,0.6532110703428909
2018-10-11 10:30:00+00:00,0.6527493459347176
2018-10-11 11:00:00+00:00,0.6522876215265441
2018-10-11 11:30:00+00:00,0.6518258971183707
2018-10-11 12:00:00+00:00,0.6513641727101973
2018-10-11 12:30:00+00:00,0.6509024483020238
2018-10-11 13:00:00+00:00,0.6504407238938504
2018-10-11 13:30:00+00:00,0.6499789994856771
2018-10-11 14:00:00+00:00,0.6495172750775037
2018-10-11 14:30:00+00:00,0.6490555506693302
2018-10-11 15:00:00+00:00,0.6485938262611568
2018-10-11 15:30:00+00:00,0.6481321018529834
2018-10-11 16:00:00+00:00,0.64767037744481
2018-10-11 16:30:00+00:00,0.6472086530366365
2018-10-11 17:00:00+00:00,0.6467469286284632
2018-10-11 17:30:00+00:00,0.6462852042202898
2018-10-11 18:00:00+00:00,0.6458234798121163
2018-10-11 18:30:00+00:00,0.6453617554039429
2018-10-11 19:00:00+00:00,0.6449000309957695
2018-10-11 19:30:00+00:00,0.6444383065875962
2018-10-11 20:00:00+00:00,0.6439765821794227
2018-10-11 20:30:00+00:00,0.6435148577712493
2018-10-11 21:00:00+00:00,0.6430531333630759
2018-10-11 21:30:00+00:00,0.6425914089549024
2018-10-11 22:00:00+00:00,0.642129684546729
2018-10-11 22:30:00+00:00,0.6416679601385556
2018-10-11 23:00:00+00:00,0.6412062357303823
2018-10-11 23:30:00+00:00,0.6407445113222088
2018-10-12 00:00:00+00:00,0.6402827869140354
2018-10-12 00:30:00+00:00,0.639821062505862
2018-10-12 01:00:00+00:00,0.6393593380976886
2018-10-12 01:30:00+00:00,0.6388976136895151
2018-10-12 02:00:00+00:00,0.6384358892813418
2018-10-12 02:30:00+00:00,0.6379741648731684
2018-10-12 03:00:00+00:00,0.6375124404649949
2018-10-12 03:30:00+00:00,0.6370507160568215
2018-10-12 04:00:00+00:00,0.6365889916486481
2018-10-12 04:30:00+00:00,0.6361272672404747
2018-10-12 05:00:00+00:00,0.6356655428323013
2018-10-12 05:30:00+00:00,0.6352038184241279
2018-10-12 06:00:00+00:00,0.6347420940159545
2018-10-12 06:30:00+00:00,0.634280369607781
2018-10-12 07:00:00+00:00,0.6338186451996076
2018-10-12 07:30:00+00:00,0.6333569207914342
2018-10-12 08:00:00+00:00,0.6328951963832609
2018-10-12 08:30:00+00:00,0.6324334719750874
2018-10-12 09:00:00+00:00,0.631971747566914
2018-10-12 09:30:00+00:00,0.6315100231587406
2018-10-12 10:00:00+00:00,0.6310482987505672
2018-10-12 10:30:00+00:00,0.6305865743423937
2018-10-12 11:00:00+00:00,0.6301248499342204
2018-10-12 11:30:00+00:00,0.629663125526047
2018-10-12 12:00:00+00:00,0.6292014011178735
2018-10-12 12:30:00+00:00,0.6287396767097001
2018-10-12 13:00:00+00:00,0.6282779523015267
2018-10-12 13:30:00+00:00,0.6278162278933533
2018-10-12 14:00:00+00:00,0.6273545034851798
2018-10-12 14:30:00+00:00,0.6268927790770065
2018-10-12 15:00:00+00:00,0.6264310546688331
2018-10-12 15:30:00+00:00,0.6259693302606596
2018-10-12 16:00:00+00:00,0.6255076058524862
2018-10-12 16:30:00+00:00,0.6250458814443128
2018-10-12 17:00:00+00:00,0.6245841570361395
2018-10-12 17:30:00+00:00,0.624122432627966
2018-10-12 18:00:00+00:00,0.6236607082197926
2018-10-12 18:30:00+00:00,0.6231989838116192
2018-10-12 19:00:00+00:00,0.6227372594034458
2018-10-12 19:30:00+00:00,0.6222755349952723
2018-10-12 20:00:00+00:00,0.621813810587099
2018-10-12 20:30:00+00:00,0.6213520861789256
2018-10-12 21:00:00+00:00,0.6208903617707521
2018-10-12 21:30:00+00:00,0.6204286373625787
2018-10-12 22:00:00+00:00,0.6199669129544053
2018-10-12 22:30:00+00:00,0.6195051885462319
2018-10-12 23:00:00+00:00,0.6190434641380584
2018-10-12 23:30:00+00:00,0.6185817397298851
2018-10-13 00:00:00+00:00,0.6181200153217117
2018-10-13 00:30:00+00:00,0.6176582909135383
2018-10-13 01:00:00+00:00,0.6171965665053648
2018-10-13 01:30:00+00:00,0.6167348420971914
2018-10-13 02:00:00+00:00,0.616273117689018
2018-10-13 02:30:00+00:00,0.6158113932808446
2018-10-13 03:00:00+00:00,0.6153496688726712
2018-10-13 03:30:00+00:00,0.6148879444644978
2018-10-13 04:00:00+00:00,0.6144262200563244
2018-10-13 04:30:00+00:00,0.6139644956481509
2018-10-13 05:00:00+00:00,0.6135027712399775
2018-10-13 05:30:00+00:00,0.6130410468318042
2018-10-13 06:00:00+00:00,0.6125793224236307
2018-10-13 06:30:00+00:00,0.6121175980154573
2018-10-13 07:00:00+00:00,0.6116558736072839
2018-10-13 07:30:00+00:00,0.6111941491991105
2018-10-13 08:00:00+00:00,0.610732424790937
2018-10-13 08:30:00+00:00,0.6102707003827637
2018-10-13 09:00:00+00:00,0.6098089759745903
2018-10-13 09:30:00+00:00,0.6093472515664169
2018-10-13 10:00:00+00:00,0.6088855271582434
2018-10-13 10:30:00+00:00,0.60842380275007
2018-10-13 11:00:00+00:00,0.6079620783418966
2018-10-13 11:30:00+00:00,0.6075003539337231
2018-10-13 12:00:00+00:00,0.6070386295255498
2018-10-13 12:30:00+00:00,0.6065769051173764
2018-10-13 13:00:00+00:00,0.606115180709203
2018-10-13 13:30:00+00:00,0.6056534563010295
2018-10-13 14:00:00+00:00,0.6051917318928561
2018-10-13 14:30:00+00:00,0.6047300074846828
2018-10-13 15:00:00+00:00,0.6042682830765093
2018-10-13 15:30:00+00:00,0.6038065586683359
2018-10-13 16:00:00+00:00,0.6033448342601625
2018-10-13 16:30:00+00:00,0.6028831098519891
2018-10-13 17:00:00+00:00,0.6024213854438156
2018-10-13 17:30:00+00:00,0.6019596610356422
2018-10-13 18:00:00+00:00,0.6014979366274689
2018-10-13 18:30:00+00:00,0.6010362122192955
2018-10-13 19:00:00+00:00,0.600574487811122
2018-10-13 19:30:00+00:00,0.6001127634029486
2018-10-13 20:00:00+00:00,0.5996510389947752
2018-10-13 20:30:00+00:00,0.5991893145866017
2018-10-13 21:00:00+00:00,0.5987275901784284
2018-10-13 21:30:00+00:00,0.598265865770255
2018-10-13 22:00:00+00:00,0.5978041413620816
2018-10-13 22:30:00+00:00,0.5973424169539081
2018-10-13 23:00:00+00:00,0.5968806925457347
2018-10-13 23:30:00+00:00,0.5964189681375613
2018-10-14 00:00:00+00:00,0.5959572437293879
2018-10-14 00:30:00+00:00,0.5954955193212145
2018-10-14 01:00:00+00:00,0.5950337949130411
2018-10-14 01:30:00+00:00,0.5945720705048677
2018-10-14 02:00:00+00:00,0.5941103460966942
2018-10-14 02:30:00+00:00,0.5936486216885208
2018-10-14 03:00:00+00:00,0.5931868972803475
2018-10-14 03:30:00+00:00,0.5927251728721741
2018-10-14 04:00:00+00:00,0.5922634484640006
2018-10-14 04:30:00+00:00,0.5918017240558272
2018-10-14 05:00:00+00:00,0.5913399996476538
2018-10-14 05:30:00+00:00,0.5908782752394803
2018-10-14 06:00:00+00:00,0.590416550831307
2018-10-14 06:30:00+00:00,0.5899548264231336
2018-10-14 07:00:00+00:00,0.5894931020149602
2018-10-14 07:30:00+00:00,0.5890313776067867
2018-10-14 08:00:00+00:00,0.5885696531986133
2018-10-14 08:30:00+00:00,0.5881079287904399
2018-10-14 09:00:00+00:00,0.5876462043822664
2018-10-14 09:30:00+00:00,0.5871844799740931
2018-10-14 10:00:00+00:00,0.5867227555659197
2018-10-14 10:30:00+00:00,0.5862610311577463
2018-10-14 11:00:00+00:00,0.5857993067495728
2018-10-14 11:30:00+00:00,0.5853375823413994
2018-10-14 12:00:00+00:00,0.584875857933226
2018-10-14 12:30:00+00:00,0.5844141335250527
2018-10-14 13:00:00+00:00,0.5839524091168792
2018-10-14 13:30:00+00:00,0.5834906847087058
2018-10-14 14:00:00+00:00,0.5830289603005324
2018-10-14 14:30:00+00:00,0.5825672358923589
2018-10-14 15:00:00+00:00,0.5821055114841855
2018-10-14 15:30:00+00:00,0.5816437870760122
2018-10-14 16:00:00+00:00,0.5811820626678388
2018-10-14 16:30:00+00:00,0.5807203382596653
2018-10-14 17:00:00+00:00,0.5802586138514919
2018-10-14 17:30:00+00:00,0.5797968894433185
2018-10-14 18:00:00+00:00,0.5793351650351451
2018-10-14 18:30:00+00:00,0.5788734406269717
2018-10-14 19:00:00+00:00,0.5784117162187983
2018-10-14 19:30:00+00:00,0.5779499918106249
2018-10-14 20:00:00+00:00,0.5774882674024514
2018-10-14 20:30:00+00:00,0.577026542994278
2018-10-14 21:00:00+00:00,0.5765648185861046
2018-10-14 21:30:00+00:00,0.5761030941779313
2018-10-14 22:00:00+00:00,0.5756413697697578
2018-10-14 22:30:00+00:00,0.5751796453615844
2018-10-14 23:00:00+00:00,0.574717920953411
2018-10-14 23:30:00+00:00,0.5742561965452375
2018-10-15 00:00:00+00:00,0.5737944721370641
2018-10-15 00:30:00+00:00,0.5733327477288908
2018-10-15 01:00:00+00:00,0.5728710233207174
2018-10-15 01:30:00+00:00,0.5724092989125439
2018-10-15 02:00:00+00:00,0.5719475745043705
2018-10-15 02:30:00+00:00,0.5714858500961971
2018-10-15 03:00:00+00:00,0.5710241256880237
2018-10-15 03:30:00+00:00,0.5705624012798503
2018-10-15 04:00:00+00:00,0.5701006768716769
2018-10-15 04:30:00+00:00,0.5696389524635035
2018-10-15 05:00:00+00:00,0.56917722805533
2018-10-15 05:30:00+00:00,0.5687155036471566
2018-10-15 06:00:00+00:00,0.5682537792389832
2018-10-15 06:30:00+00:00,0.5677920548308099
2018-10-15 07:00:00+00:00,0.5673303304226364
2018-10-15 07:30:00+00:00,0.566868606014463
2018-10-15 08:00:00+00:00,0.5664068816062896
2018-10-15 08:30:00+00:00,0.5659451571981161
2018-10-15 09:00:00+00:00,0.5654834327899427
2018-10-15 09:30:00+00:00,0.5650217083817693
2018-10-15 10:00:00+00:00,0.564559983973596
2018-10-15 10:30:00+00:00,0.5640982595654225
2018-10-15 11:00:00+00:00,0.5636365351572491
2018-10-15 11:30:00+00:00,0.5631748107490757
2018-10-15 12:00:00+00:00,0.5627130863409023
2018-10-15 12:30:00+00:00,0.5622513619327288
2018-10-15 13:00:00+00:00,0.5617896375245555
2018-10-15 13:30:00+00:00,0.5613279131163821
2018-10-15 14:00:00+00:00,0.5608661887082086
2018-10-15 14:30:00+00:00,0.5604044643000352
2018-10-15 15:00:00+00:00,0.5599427398918618
2018-10-15 15:30:00+00:00,0.5594810154836884
2018-10-15 16:00:00+00:00,0.559019291075515
2018-10-15 16:30:00+00:00,0.5585575666673416
2018-10-15 17:00:00+00:00,0.5580958422591682
2018-10-15 17:30:00+00:00,0.5576341178509947
2018-10-15 18:00:00+00:00,0.5571723934428213
2018-10-15 18:30:00+00:00,0.5567106690346479
2018-10-15 19:00:00+00:00,0.5562489446264746
2018-10-15 19:30:00+00:00,0.5557872202183011
2018-10-15 20:00:00+00:00,0.5553254958101277
2018-10-15 20:30:00+00:00,0.5548637714019543
2018-10-15 21:00:00+00:00,0.5544020469937809
2018-10-15 21:30:00+00:00,0.5539403225856074
2018-10-15 22:00:00+00:00,0.5534785981774341
2018-10-15 22:30:00+00:00,0.5530168737692607
2018-10-15 23:00:00+00:00,0.5525551493610872
2018-10-15 23:30:00+00:00,0.5520934249529138
2018-10-16 00:00:00+00:00,0.5516317005447404
2018-10-16 00:30:00+00:00,0.551169976136567
2018-10-16 01:00:00+00:00,0.5507082517283935
2018-10-16 01:30:00+00:00,0.5502465273202202
2018-10-16 02:00:00+00:00,0.5497848029120468
2018-10-16 02:30:00+00:00,0.5493230785038733
2018-10-16 03:00:00+00:00,0.5488613540956999
2018-10-16 03:30:00+00:00,0.5483996296875265
2018-10-16 04:00:00+00:00,0.5479379052793532
2018-10-16 04:30:00+00:00,0.5474761808711797
2018-10-16 05:00:00+00:00,0.5470144564630063
2018-10-16 05:30:00+00:00,0.5465527320548329
2018-10-16 06:00:00+00:00,0.5460910076466595
2018-10-16 06:30:00+00:00,0.545629283238486
2018-10-16 07:00:00+00:00,0.5451675588303126
2018-10-16 07:30:00+00:00,0.5447058344221393
2018-10-16 08:00:00+00:00,0.5442441100139658
2018-10-16 08:30:00+00:00,0.5437823856057924
2018-10-16 09:00:00+00:00,0.543320661197619
2018-10-16 09:30:00+00:00,0.5428589367894456
2018-10-16 10:00:00+00:00,0.5423972123812721
2018-10-16 10:30:00+00:00,0.5419354879730988
2018-10-16 11:00:00+00:00,0.5414737635649254
2018-10-16 11:30:00+00:00,0.541012039156752
2018-10-16 12:00:00+00:00,0.5405503147485785
2018-10-16 12:30:00+00:00,0.5400885903404051
2018-10-16 13:00:00+00:00,0.5396268659322317
2018-10-16 13:30:00+00:00,0.5391651415240583
2018-10-16 14:00:00+00:00,0.5387034171158849
2018-10-16 14:30:00+00:00,0.5382416927077115
2018-10-16 15:00:00+00:00,0.5377799682995381
2018-10-16 15:30:00+00:00,0.5373182438913646
2018-10-16 16:00:00+00:00,0.5368565194831912
2018-10-16 16:30:00+00:00,0.5363947950750179
2018-10-16 17:00:00+00:00,0.5359330706668444
2018-10-16 17:30:00+00:00,0.535471346258671
2018-10-16 18:00:00+00:00,0.5350096218504976
2018-10-16 18:30:00+00:00,0.5345478974423242
2018-10-16 19:00:00+00:00,0.5340861730341507
2018-10-16 19:30:00+00:00,0.5336244486259774
2018-10-16 20:00:00+00:00,0.533162724217804
2018-10-16 20:30:00+00:00,0.5327009998096306
2018-10-16 21:00:00+00:00,0.5322392754014571
2018-10-16 21:30:00+00:00,0.5317775509932837
2018-10-16 22:00:00+00:00,0.5313158265851103
2018-10-16 22:30:00+00:00,0.5308541021769368
2018-10-16 23:00:00+00:00,0.5303923777687635
2018-10-16 23:30:00+00:00,0.5299306533605901
2018-10-17 00:00:00+00:00,0.5294689289524167
2018-10-17 00:30:00+00:00,0.5290072045442432
2018-10-17 01:00:00+00:00,0.5285454801360698
2018-10-17 01:30:00+00:00,0.5280837557278965
2018-10-17 02:00:00+00:00,0.527622031319723
2018-10-17 02:30:00+00:00,0.5271603069115496
2018-10-17 03:00:00+00:00,0.5266985825033762
2018-10-17 03:30:00+00:00,0.5262368580952028
2018-10-17 04:00:00+00:00,0.5257751336870293
2018-10-17 04:30:00+00:00,0.525313409278856
2018-10-17 05:00:00+00:00,0.5248516848706826
2018-10-17 05:30:00+00:00,0.5243899604625092
2018-10-17 06:00:00+00:00,0.5239282360543357
2018-10-17 06:30:00+00:00,0.5234665116461623
2018-10-17 07:00:00+00:00,0.5230047872379889
2018-10-17 07:30:00+00:00,0.5225430628298154
2018-10-17 08:00:00+00:00,0.5220813384216421
2018-10-17 08:30:00+00:00,0.5216196140134687
2018-10-17 09:00:00+00:00,0.5211578896052953
2018-10-17 09:30:00+00:00,0.5206961651971218
2018-10-17 10:00:00+00:00,0.5202344407889484
2018-10-17 10:30:00+00:00,0.519772716380775
2018-10-17 11:00:00+00:00,0.5193109919726016
2018-10-17 11:30:00+00:00,0.5188492675644282
2018-10-17 12:00:00+00:00,0.5183875431562548
2018-10-17 12:30:00+00:00,0.5179258187480814
2018-10-17 13:00:00+00:00,0.5174640943399079
2018-10-17 13:30:00+00:00,0.5170023699317345
2018-10-17 14:00:00+00:00,0.5165406455235612
2018-10-17 14:30:00+00:00,0.5160789211153878
2018-10-17 15:00:00+00:00,0.5156171967072143
2018-10-17 15:30:00+00:00,0.5151554722990409
2018-10-17 16:00:00+00:00,0.5146937478908675
2018-10-17 16:30:00+00:00,0.514232023482694
2018-10-17 17:00:00+00:00,0.5137702990745207
2018-10-17 17:30:00+00:00,0.5133085746663473
2018-10-17 18:00:00+00:00,0.5128468502581739
2018-10-17 18:30:00+00:00,0.5123851258500004
2018-10-17 19:00:00+00:00,0.511923401441827
2018-10-17 19:30:00+00:00,0.5114616770336536
2018-10-17 20:00:00+00:00,0.5109999526254801
2018-10-17 20:30:00+00:00,0.5105382282173068
2018-10-17 21:00:00+00:00,0.5100765038091334
2018-10-17 21:30:00+00:00,0.50961477940096
2018-10-17 22:00:00+00:00,0.5091530549927865
2018-10-17 22:30:00+00:00,0.5086913305846131
2018-10-17 23:00:00+00:00,0.5082296061764398
2018-10-17 23:30:00+00:00,0.5077678817682664
2018-10-18 00:00:00+00:00,0.5073061573600929
2018-10-18 00:30:00+00:00,0.5068444329519195
2018-10-18 01:00:00+00:00,0.5063827085437461
2018-10-18 01:30:00+00:00,0.5059209841355726
2018-10-18 02:00:00+00:00,0.5054592597273992
2018-10-18 02:30:00+00:00,0.5049975353192259
2018-10-18 03:00:00+00:00,0.5045358109110525
2018-10-18 03:30:00+00:00,0.504074086502879
2018-10-18 04:00:00+00:00,0.5036123620947056
2018-10-18 04:30:00+00:00,0.5031506376865322
2018-10-18 05:00:00+00:00,0.5026889132783589
2018-10-18 05:30:00+00:00,0.5022271888701854
2018-10-18 06:00:00+00:00,0.501765464462012
2018-10-18 06:30:00+00:00,0.5013037400538386
2018-10-18 07:00:00+00:00,0.5008420156456651
2018-10-18 07:30:00+00:00,0.5003802912374917
2018-10-18 08:00:00+00:00,0.49991856682931834
2018-10-18 08:30:00+00:00,0.49945684242114496
2018-10-18 09:00:00+00:00,0.4989951180129715
2018-10-18 09:30:00+00:00,0.4985333936047981
2018-10-18 10:00:00+00:00,0.4980716691966247
2018-10-18 10:30:00+00:00,0.4976099447884512
2018-10-18 11:00:00+00:00,0.49714822038027784
2018-10-18 11:30:00+00:00,0.49668649597210446
2018-10-18 12:00:00+00:00,0.4962247715639311
2018-10-18 12:30:00+00:00,0.4957630471557576
2018-10-18 13:00:00+00:00,0.4953013227475842
2018-10-18 13:30:00+00:00,0.4948395983394108
2018-10-18 14:00:00+00:00,0.49437787393123744
2018-10-18 14:30:00+00:00,0.49391614952306395
2018-10-18 15:00:00+00:00,0.49345442511489057
2018-10-18 15:30:00+00:00,0.4929927007067172
2018-10-18 16:00:00+00:00,0.4925309762985437
2018-10-18 16:30:00+00:00,0.4920692518903703
2018-10-18 17:00:00+00:00,0.49160752748219694
2018-10-18 17:30:00+00:00,0.49114580307402356
2018-10-18 18:00:00+00:00,0.49068407866585007
2018-10-18 18:30:00+00:00,0.4902223542576767
2018-10-18 19:00:00+00:00,0.4897606298495033
2018-10-18 19:30:00+00:00,0.4892989054413298
2018-10-18 20:00:00+00:00,0.48883718103315643
2018-10-18 20:30:00+00:00,0.48837545662498305
2018-10-18 21:00:00+00:00,0.48791373221680967
2018-10-18 21:30:00+00:00,0.4874520078086362
2018-10-18 22:00:00+00:00,0.4869902834004628
2018-10-18 22:30:00+00:00,0.4865285589922894
2018-10-18 23:00:00+00:00,0.48606683458411604
2018-10-18 23:30:00+00:00,0.48560511017594254
2018-10-19 00:00:00+00:00,0.48514338576776916
2018-10-19 00:30:00+00:00,0.4846816613595958
2018-10-19 01:00:00+00:00,0.4842199369514223
2018-10-19 01:30:00+00:00,0.4837582125432489
2018-10-19 02:00:00+00:00,0.48329648813507553
2018-10-19 02:30:00+00:00,0.48283476372690215
2018-10-19 03:00:00+00:00,0.48237303931872866
2018-10-19 03:30:00+00:00,0.4819113149105553
2018-10-19 04:00:00+00:00,0.4814495905023819
2018-10-19 04:30:00+00:00,0.4809878660942084
2018-10-19 05:00:00+00:00,0.480526141686035
2018-10-19 05:30:00+00:00,0.48006441727786164
2018-10-19 06:00:00+00:00,0.47960269286968826
2018-10-19 06:30:00+00:00,0.47914096846151477
2018-10-19 07:00:00+00:00,0.4786792440533414
2018-10-19 07:30:00+00:00,0.478217519645168
2018-10-19 08:00:00+00:00,0.47775579523699463
2018-10-19 08:30:00+00:00,0.47729407082882114
2018-10-19 09:00:00+00:00,0.47683234642064776
2018-10-19 09:30:00+00:00,0.4763706220124744
2018-10-19 10:00:00+00:00,0.4759088976043009
2018-10-19 10:30:00+00:00,0.4754471731961275
2018-10-19 11:00:00+00:00,0.4749854487879541
2018-10-19 11:30:00+00:00,0.47452372437978074
2018-10-19 12:00:00+00:00,0.47406199997160725
2018-10-19 12:30:00+00:00,0.47360027556343387
2018-10-19 13:00:00+00:00,0.4731385511552605
2018-10-19 13:30:00+00:00,0.472676826747087
2018-10-19 14:00:00+00:00,0.4722151023389136
2018-10-19 14:30:00+00:00,0.47175337793074024
2018-10-19 15:00:00+00:00,0.47129165352256686
2018-10-19 15:30:00+00:00,0.47082992911439336
2018-10-19 16:00:00+00:00,0.47036820470622
2018-10-19 16:30:00+00:00,0.4699064802980466
2018-10-19 17:00:00+00:00,0.4694447558898732
2018-10-19 17:30:00+00:00,0.46898303148169973
2018-10-19 18:00:00+00:00,0.46852130707352635
2018-10-19 18:30:00+00:00,0.46805958266535297
2018-10-19 19:00:00+00:00,0.4675978582571795
2018-10-19 19:30:00+00:00,0.4671361338490061
2018-10-19 20:00:00+00:00,0.4666744094408327
2018-10-19 20:30:00+00:00,0.46621268503265934
2018-10-19 21:00:00+00:00,0.46575096062448584
2018-10-19 21:30:00+00:00,0.46528923621631246
2018-10-19 22:00:00+00:00,0.4648275118081391
2018-10-19 22:30:00+00:00,0.4643657873999657
2018-10-19 23:00:00+00:00,0.4639040629917922
2018-10-19 23:30:00+00:00,0.46344233858361883
2018-10-20 00:00:00+00:00,0.46298061417544545
2018-10-20 00:30:00+00:00,0.46251888976727196
2018-10-20 01:00:00+00:00,0.4620571653590986
2018-10-20 01:30:00+00:00,0.4615954409509252
2018-10-20 02:00:00+00:00,0.4611337165427518
2018-10-20 02:30:00+00:00,0.4606719921345783
2018-10-20 03:00:00+00:00,0.46021026772640494
2018-10-20 03:30:00+00:00,0.45974854331823156
2018-10-20 04:00:00+00:00,0.45928681891005807
2018-10-20 04:30:00+00:00,0.4588250945018847
2018-10-20 05:00:00+00:00,0.4583633700937113
2018-10-20 05:30:00+00:00,0.45790164568553793
2018-10-20 06:00:00+00:00,0.45743992127736444
2018-10-20 06:30:00+00:00,0.45697819686919106
2018-10-20 07:00:00+00:00,0.4565164724610177
2018-10-20 07:30:00+00:00,0.4560547480528443
2018-10-20 08:00:00+00:00,0.4555930236446708
2018-10-20 08:30:00+00:00,0.4551312992364974
2018-10-20 09:00:00+00:00,0.45466957482832404
2018-10-20 09:30:00+00:00,0.45420785042015055
2018-10-20 10:00:00+00:00,0.45374612601197717
2018-10-20 10:30:00+00:00,0.4532844016038038
2018-10-20 11:00:00+00:00,0.4528226771956304
2018-10-20 11:30:00+00:00,0.4523609527874569
2018-10-20 12:00:00+00:00,0.45189922837928354
2018-10-20 12:30:00+00:00,0.45143750397111015
2018-10-20 13:00:00+00:00,0.45097577956293666
2018-10-20 13:30:00+00:00,0.4505140551547633
2018-10-20 14:00:00+00:00,0.4500523307465899
2018-10-20 14:30:00+00:00,0.4495906063384165
2018-10-20 15:00:00+00:00,0.44912888193024303
2018-10-20 15:30:00+00:00,0.44866715752206965
2018-10-20 16:00:00+00:00,0.44820543311389627
2018-10-20 16:30:00+00:00,0.4477437087057229
2018-10-20 17:00:00+00:00,0.4472819842975494
2018-10-20 17:30:00+00:00,0.446820259889376
2018-10-20 18:00:00+00:00,0.44635853548120263
2018-10-20 18:30:00+00:00,0.44589681107302914
2018-10-20 19:00:00+00:00,0.44543508666485576
2018-10-20 19:30:00+00:00,0.4449733622566824
2018-10-20 20:00:00+00:00,0.444511637848509
2018-10-20 20:30:00+00:00,0.4440499134403355
2018-10-20 21:00:00+00:00,0.44358818903216213
2018-10-20 21:30:00+00:00,0.44312646462398875
2018-10-20 22:00:00+00:00,0.44266474021581526
2018-10-20 22:30:00+00:00,0.4422030158076419
2018-10-20 23:00:00+00:00,0.4417412913994685
2018-10-20 23:30:00+00:00,0.4412795669912951
2018-10-21 00:00:00+00:00,0.4408178425831216
2018-10-21 00:30:00+00:00,0.44035611817494824
2018-10-21 01:00:00+00:00,0.43989439376677486
2018-10-21 01:30:00+00:00,0.4394326693586015
2018-10-21 02:00:00+00:00,0.438970944950428
2018-10-21 02:30:00+00:00,0.4385092205422546
2018-10-21 03:00:00+00:00,0.4380474961340812
2018-10-21 03:30:00+00:00,0.43758577172590774
2018-10-21 04:00:00+00:00,0.43712404731773435
2018-10-21 04:30:00+00:00,0.436662322909561
2018-10-21 05:00:00+00:00,0.4362005985013876
2018-10-21 05:30:00+00:00,0.4357388740932141
2018-10-21 06:00:00+00:00,0.4352771496850407
2018-10-21 06:30:00+00:00,0.43481542527686734
2018-10-21 07:00:00+00:00,0.43435370086869385
2018-10-21 07:30:00+00:00,0.43389197646052047
2018-10-21 08:00:00+00:00,0.4334302520523471
2018-10-21 08:30:00+00:00,0.4329685276441737
2018-10-21 09:00:00+00:00,0.4325068032360002
2018-10-21 09:30:00+00:00,0.43204507882782683
2018-10-21 10:00:00+00:00,0.43158335441965345
2018-10-21 10:30:00+00:00,0.4311216300114801
2018-10-21 11:00:00+00:00,0.4306599056033066
2018-10-21 11:30:00+00:00,0.4301981811951332
2018-10-21 12:00:00+00:00,0.4297364567869598
2018-10-21 12:30:00+00:00,0.42927473237878633
2018-10-21 13:00:00+00:00,0.42881300797061295
2018-10-21 13:30:00+00:00,0.42835128356243957
2018-10-21 14:00:00+00:00,0.4278895591542662
2018-10-21 14:30:00+00:00,0.4274278347460927
2018-10-21 15:00:00+00:00,0.4269661103379193
2018-10-21 15:30:00+00:00,0.42650438592974593
2018-10-21 16:00:00+00:00,0.42604266152157244
2018-10-21 16:30:00+00:00,0.42558093711339917
2018-10-21 17:00:00+00:00,0.4251192127052257
2018-10-21 17:30:00+00:00,0.4246574882970522
2018-10-21 18:00:00+00:00,0.4241957638888789
2018-10-21 18:30:00+00:00,0.4237340394807054
2018-10-21 19:00:00+00:00,0.42327231507253193
2018-10-21 19:30:00+00:00,0.42281059066435867
2018-10-21 20:00:00+00:00,0.4223488662561852
2018-10-21 20:30:00+00:00,0.4218871418480119
2018-10-21 21:00:00+00:00,0.4214254174398384
2018-10-21 21:30:00+00:00,0.4209636930316649
2018-10-21 22:00:00+00:00,0.42050196862349165
2018-10-21 22:30:00+00:00,0.42004024421531816
2018-10-21 23:00:00+00:00,0.41957851980714467
2018-10-21 23:30:00+00:00,0.4191167953989714
2018-10-22 00:00:00+00:00,0.4186550709907979
2018-10-22 00:30:00+00:00,0.4181933465826244
2018-10-22 01:00:00+00:00,0.41773162217445114
2018-10-22 01:30:00+00:00,0.41726989776627765
2018-10-22 02:00:00+00:00,0.41680817335810416
2018-10-22 02:30:00+00:00,0.4163464489499309
2018-10-22 03:00:00+00:00,0.4158847245417574
2018-10-22 03:30:00+00:00,0.41542300013358413
2018-10-22 04:00:00+00:00,0.41496127572541064
2018-10-22 04:30:00+00:00,0.41449955131723715
2018-10-22 05:00:00+00:00,0.4140378269090639
2018-10-22 05:30:00+00:00,0.4135761025008904
2018-10-22 06:00:00+00:00,0.4131143780927169
2018-10-22 06:30:00+00:00,0.4126526536845436
2018-10-22 07:00:00+00:00,0.41219092927637013
2018-10-22 07:30:00+00:00,0.41172920486819664
2018-10-22 08:00:00+00:00,0.41126748046002337
2018-10-22 08:30:00+00:00,0.4108057560518499
2018-10-22 09:00:00+00:00,0.4103440316436766
2018-10-22 09:30:00+00:00,0.4098823072355031
2018-10-22 10:00:00+00:00,0.4094205828273296
2018-10-22 10:30:00+00:00,0.40895885841915636
2018-10-22 11:00:00+00:00,0.40849713401098287
2018-10-22 11:30:00+00:00,0.4080354096028094
2018-10-22 12:00:00+00:00,0.4075736851946361
2018-10-22 12:30:00+00:00,0.4071119607864626
2018-10-22 13:00:00+00:00,0.4066502363782891
2018-10-22 13:30:00+00:00,0.40618851197011585
2018-10-22 14:00:00+00:00,0.40572678756194236
2018-10-22 14:30:00+00:00,0.4052650631537691
2018-10-22 15:00:00+00:00,0.4048033387455956
2018-10-22 15:30:00+00:00,0.4043416143374221
2018-10-22 16:00:00+00:00,0.40387988992924884
2018-10-22 16:30:00+00:00,0.40341816552107534
2018-10-22 17:00:00+00:00,0.40295644111290185
2018-10-22 17:30:00+00:00,0.4024947167047286
2018-10-22 18:00:00+00:00,0.4020329922965551
2018-10-22 18:30:00+00:00,0.4015712678883816
2018-10-22 19:00:00+00:00,0.40110954348020833
2018-10-22 19:30:00+00:00,0.40064781907203484
2018-10-22 20:00:00+00:00,0.40018609466386135
2018-10-22 20:30:00+00:00,0.3997243702556881
2018-10-22 21:00:00+00:00,0.3992626458475146
2018-10-22 21:30:00+00:00,0.3988009214393413
2018-10-22 22:00:00+00:00,0.3983391970311678
2018-10-22 22:30:00+00:00,0.39787747262299433
2018-10-22 23:00:00+00:00,0.39741574821482106
2018-10-22 23:30:00+00:00,0.39695402380664757
2018-10-23 00:00:00+00:00,0.3964922993984741
2018-10-23 00:30:00+00:00,0.3960305749903008
2018-10-23 01:00:00+00:00,0.3955688505821273
2018-10-23 01:30:00+00:00,0.3951071261739538
2018-10-23 02:00:00+00:00,0.39464540176578056
2018-10-23 02:30:00+00:00,0.39418367735760707
2018-10-23 03:00:00+00:00,0.3937219529494338
2018-10-23 03:30:00+00:00,0.3932602285412603
2018-10-23 04:00:00+00:00,0.3927985041330868
2018-10-23 04:30:00+00:00,0.39233677972491354
2018-10-23 05:00:00+00:00,0.39187505531674005
2018-10-23 05:30:00+00:00,0.39141333090856656
2018-10-23 06:00:00+00:00,0.3909516065003933
2018-10-23 06:30:00+00:00,0.3904898820922198
2018-10-23 07:00:00+00:00,0.3900281576840463
2018-10-23 07:30:00+00:00,0.38956643327587304
2018-10-23 08:00:00+00:00,0.38910470886769954
2018-10-23 08:30:00+00:00,0.3886429844595263
2018-10-23 09:00:00+00:00,0.3881812600513528
2018-10-23 09:30:00+00:00,0.3877195356431793
2018-10-23 10:00:00+00:00,0.387257811235006
2018-10-23 10:30:00+00:00,0.38679608682683253
2018-10-23 11:00:00+00:00,0.38633436241865904
2018-10-23 11:30:00+00:00,0.38587263801048577
2018-10-23 12:00:00+00:00,0.3854109136023123
2018-10-23 12:30:00+00:00,0.3849491891941388
2018-10-23 13:00:00+00:00,0.3844874647859655
2018-10-23 13:30:00+00:00,0.384025740377792
2018-10-23 14:00:00+00:00,0.38356401596961875
2018-10-23 14:30:00+00:00,0.38310229156144526
2018-10-23 15:00:00+00:00,0.38264056715327177
2018-10-23 15:30:00+00:00,0.3821788427450985
2018-10-23 16:00:00+00:00,0.381717118336925
2018-10-23 16:30:00+00:00,0.3812553939287515
2018-10-23 17:00:00+00:00,0.38079366952057825
2018-10-23 17:30:00+00:00,0.38033194511240476
2018-10-23 18:00:00+00:00,0.37987022070423127
2018-10-23 18:30:00+00:00,0.379408496296058
2018-10-23 19:00:00+00:00,0.3789467718878845
2018-10-23 19:30:00+00:00,0.378485047479711
2018-10-23 20:00:00+00:00,0.37802332307153774
2018-10-23 20:30:00+00:00,0.37756159866336425
2018-10-23 21:00:00+00:00,0.377099874255191
2018-10-23 21:30:00+00:00,0.3766381498470175
2018-10-23 22:00:00+00:00,0.376176425438844
2018-10-23 22:30:00+00:00,0.37571470103067073
2018-10-23 23:00:00+00:00,0.37525297662249724
2018-10-23 23:30:00+00:00,0.37479125221432374
2018-10-24 00:00:00+00:00,0.3743295278061505
2018-10-24 00:30:00+00:00,0.373867803397977
2018-10-24 01:00:00+00:00,0.3734060789898035
2018-10-24 01:30:00+00:00,0.3729443545816302
2018-10-24 02:00:00+00:00,0.37248263017345673
2018-10-24 02:30:00+00:00,0.37202090576528346
2018-10-24 03:00:00+00:00,0.37155918135710997
2018-10-24 03:30:00+00:00,0.3710974569489365
2018-10-24 04:00:00+00:00,0.3706357325407632
2018-10-24 04:30:00+00:00,0.3701740081325897
2018-10-24 05:00:00+00:00,0.3697122837244162
2018-10-24 05:30:00+00:00,0.36925055931624295
2018-10-24 06:00:00+00:00,0.36878883490806946
2018-10-24 06:30:00+00:00,0.36832711049989597
2018-10-24 07:00:00+00:00,0.3678653860917227
2018-10-24 07:30:00+00:00,0.3674036616835492
2018-10-24 08:00:00+00:00,0.36694193727537594
2018-10-24 08:30:00+00:00,0.36648021286720245
2018-10-24 09:00:00+00:00,0.36601848845902896
2018-10-24 09:30:00+00:00,0.3655567640508557
2018-10-24 10:00:00+00:00,0.3650950396426822
2018-10-24 10:30:00+00:00,0.3646333152345087
2018-10-24 11:00:00+00:00,0.36417159082633543
2018-10-24 11:30:00+00:00,0.36370986641816194
2018-10-24 12:00:00+00:00,0.36324814200998845
2018-10-24 12:30:00+00:00,0.3627864176018152
2018-10-24 13:00:00+00:00,0.3623246931936417
2018-10-24 13:30:00+00:00,0.3618629687854682
2018-10-24 14:00:00+00:00,0.36140124437729493
2018-10-24 14:30:00+00:00,0.36093951996912144
2018-10-24 15:00:00+00:00,0.36047779556094817
2018-10-24 15:30:00+00:00,0.3600160711527747
2018-10-24 16:00:00+00:00,0.3595543467446012
2018-10-24 16:30:00+00:00,0.3590926223364279
2018-10-24 17:00:00+00:00,0.3586308979282544
2018-10-24 17:30:00+00:00,0.35816917352008093
2018-10-24 18:00:00+00:00,0.35770744911190766
2018-10-24 18:30:00+00:00,0.35724572470373417
2018-10-24 19:00:00+00:00,0.3567840002955607
2018-10-24 19:30:00+00:00,0.3563222758873874
2018-10-24 20:00:00+00:00,0.3558605514792139
2018-10-24 20:30:00+00:00,0.35539882707104065
2018-10-24 21:00:00+00:00,0.35493710266286715
2018-10-24 21:30:00+00:00,0.35447537825469366
2018-10-24 22:00:00+00:00,0.3540136538465204
2018-10-24 22:30:00+00:00,0.3535519294383469
2018-10-24 23:00:00+00:00,0.3530902050301734
2018-10-24 23:30:00+00:00,0.35262848062200014
2018-10-25 00:00:00+00:00,0.35216675621382665
2018-10-25 00:30:00+00:00,0.35170503180565316
2018-10-25 01:00:00+00:00,0.3512433073974799
2018-10-25 01:30:00+00:00,0.3507815829893064
2018-10-25 02:00:00+00:00,0.3503198585811331
2018-10-25 02:30:00+00:00,0.34985813417295963
2018-10-25 03:00:00+00:00,0.34939640976478614
2018-10-25 03:30:00+00:00,0.3489346853566129
2018-10-25 04:00:00+00:00,0.3484729609484394
2018-10-25 04:30:00+00:00,0.3480112365402659
2018-10-25 05:00:00+00:00,0.3475495121320926
2018-10-25 05:30:00+00:00,0.34708778772391913
2018-10-25 06:00:00+00:00,0.34662606331574564
2018-10-25 06:30:00+00:00,0.34616433890757237
2018-10-25 07:00:00+00:00,0.3457026144993989
2018-10-25 07:30:00+00:00,0.3452408900912256
2018-10-25 08:00:00+00:00,0.3447791656830521
2018-10-25 08:30:00+00:00,0.3443174412748786
2018-10-25 09:00:00+00:00,0.34385571686670535
2018-10-25 09:30:00+00:00,0.34339399245853186
2018-10-25 10:00:00+00:00,0.34293226805035837
2018-10-25 10:30:00+00:00,0.3424705436421851
2018-10-25 11:00:00+00:00,0.3420088192340116
2018-10-25 11:30:00+00:00,0.3415470948258381
2018-10-25 12:00:00+00:00,0.34108537041766485
2018-10-25 12:30:00+00:00,0.34062364600949135
2018-10-25 13:00:00+00:00,0.34016192160131786
2018-10-25 13:30:00+00:00,0.3397001971931446
2018-10-25 14:00:00+00:00,0.3392384727849711
2018-10-25 14:30:00+00:00,0.33877674837679783
2018-10-25 15:00:00+00:00,0.33831502396862434
2018-10-25 15:30:00+00:00,0.33785329956045085
2018-10-25 16:00:00+00:00,0.3373915751522776
2018-10-25 16:30:00+00:00,0.3369298507441041
2018-10-25 17:00:00+00:00,0.3364681263359306
2018-10-25 17:30:00+00:00,0.3360064019277573
2018-10-25 18:00:00+00:00,0.33554467751958383
2018-10-25 18:30:00+00:00,0.33508295311141034
2018-10-25 19:00:00+00:00,0.3346212287032371
2018-10-25 19:30:00+00:00,0.3341595042950636
2018-10-25 20:00:00+00:00,0.3336977798868903
2018-10-25 20:30:00+00:00,0.3332360554787168
2018-10-25 21:00:00+00:00,0.3327743310705433
2018-10-25 21:30:00+00:00,0.33231260666237006
2018-10-25 22:00:00+00:00,0.33185088225419657
2018-10-25 22:30:00+00:00,0.3313891578460231
2018-10-25 23:00:00+00:00,0.3309274334378498
2018-10-25 23:30:00+00:00,0.3304657090296763
2018-10-26 00:00:00+00:00,0.3300039846215028
2018-10-26 00:30:00+00:00,0.32954226021332955
2018-10-26 01:00:00+00:00,0.32908053580515606
2018-10-26 01:30:00+00:00,0.3286188113969828
2018-10-26 02:00:00+00:00,0.3281570869888093
2018-10-26 02:30:00+00:00,0.3276953625806358
2018-10-26 03:00:00+00:00,0.32723363817246254
2018-10-26 03:30:00+00:00,0.32677191376428905
2018-10-26 04:00:00+00:00,0.32631018935611555
2018-10-26 04:30:00+00:00,0.3258484649479423
2018-10-26 05:00:00+00:00,0.3253867405397688
2018-10-26 05:30:00+00:00,0.3249250161315953
2018-10-26 06:00:00+00:00,0.32446329172342203
2018-10-26 06:30:00+00:00,0.32400156731524854
2018-10-26 07:00:00+00:00,0.32353984290707505
2018-10-26 07:30:00+00:00,0.3230781184989018
2018-10-26 08:00:00+00:00,0.3226163940907283
2018-10-26 08:30:00+00:00,0.322154669682555
2018-10-26 09:00:00+00:00,0.3216929452743815
2018-10-26 09:30:00+00:00,0.32123122086620803
2018-10-26 10:00:00+00:00,0.32076949645803476
2018-10-26 10:30:00+00:00,0.3203077720498613
2018-10-26 11:00:00+00:00,0.3198460476416878
2018-10-26 11:30:00+00:00,0.3193843232335145
2018-10-26 12:00:00+00:00,0.318922598825341
2018-10-26 12:30:00+00:00,0.3184608744171675
2018-10-26 13:00:00+00:00,0.31799915000899426
2018-10-26 13:30:00+00:00,0.31753742560082077
2018-10-26 14:00:00+00:00,0.3170757011926475
2018-10-26 14:30:00+00:00,0.316613976784474
2018-10-26 15:00:00+00:00,0.3161522523763005
2018-10-26 15:30:00+00:00,0.31569052796812724
2018-10-26 16:00:00+00:00,0.31522880355995375
2018-10-26 16:30:00+00:00,0.31476707915178026
2018-10-26 17:00:00+00:00,0.314305354743607
2018-10-26 17:30:00+00:00,0.3138436303354335
2018-10-26 18:00:00+00:00,0.31338190592726
2018-10-26 18:30:00+00:00,0.31292018151908674
2018-10-26 19:00:00+00:00,0.31245845711091325
2018-10-26 19:30:00+00:00,0.31199673270274
2018-10-26 20:00:00+00:00,0.3115350082945665
2018-10-26 20:30:00+00:00,0.311073283886393
2018-10-26 21:00:00+00:00,0.3106115594782197
2018-10-26 21:30:00+00:00,0.31014983507004623
2018-10-26 22:00:00+00:00,0.30968811066187274
2018-10-26 22:30:00+00:00,0.30922638625369947
2018-10-26 23:00:00+00:00,0.308764661845526
2018-10-26 23:30:00+00:00,0.3083029374373525
2018-10-27 00:00:00+00:00,0.3078412130291792
2018-10-27 00:30:00+00:00,0.3073794886210057
2018-10-27 01:00:00+00:00,0.30691776421283246
2018-10-27 01:30:00+00:00,0.30645603980465896
2018-10-27 02:00:00+00:00,0.3059943153964855
2018-10-27 02:30:00+00:00,0.3055325909883122
2018-10-27 03:00:00+00:00,0.3050708665801387
2018-10-27 03:30:00+00:00,0.3046091421719652
2018-10-27 04:00:00+00:00,0.30414741776379195
2018-10-27 04:30:00+00:00,0.30368569335561846
2018-10-27 05:00:00+00:00,0.30322396894744497
2018-10-27 05:30:00+00:00,0.3027622445392717
2018-10-27 06:00:00+00:00,0.3023005201310982
2018-10-27 06:30:00+00:00,0.3018387957229247
2018-10-27 07:00:00+00:00,0.30137707131475144
2018-10-27 07:30:00+00:00,0.30091534690657795
2018-10-27 08:00:00+00:00,0.3004536224984047
2018-10-27 08:30:00+00:00,0.2999918980902312
2018-10-27 09:00:00+00:00,0.2995301736820577
2018-10-27 09:30:00+00:00,0.29906844927388443
2018-10-27 10:00:00+00:00,0.29860672486571094
2018-10-27 10:30:00+00:00,0.29814500045753745
2018-10-27 11:00:00+00:00,0.2976832760493642
2018-10-27 11:30:00+00:00,0.2972215516411907
2018-10-27 12:00:00+00:00,0.2967598272330172
2018-10-27 12:30:00+00:00,0.2962981028248439
2018-10-27 13:00:00+00:00,0.29583637841667043
2018-10-27 13:30:00+00:00,0.29537465400849716
2018-10-27 14:00:00+00:00,0.29491292960032367
2018-10-27 14:30:00+00:00,0.2944512051921502
2018-10-27 15:00:00+00:00,0.2939894807839769
2018-10-27 15:30:00+00:00,0.2935277563758034
2018-10-27 16:00:00+00:00,0.2930660319676299
2018-10-27 16:30:00+00:00,0.29260430755945666
2018-10-27 17:00:00+00:00,0.29214258315128316
2018-10-27 17:30:00+00:00,0.29168085874310967
2018-10-27 18:00:00+00:00,0.2912191343349364
2018-10-27 18:30:00+00:00,0.2907574099267629
2018-10-27 19:00:00+00:00,0.29029568551858964
2018-10-27 19:30:00+00:00,0.28983396111041615
2018-10-27 20:00:00+00:00,0.28937223670224266
2018-10-27 20:30:00+00:00,0.2889105122940694
2018-10-27 21:00:00+00:00,0.2884487878858959
2018-10-27 21:30:00+00:00,0.2879870634777224
2018-10-27 22:00:00+00:00,0.28752533906954914
2018-10-27 22:30:00+00:00,0.28706361466137564
2018-10-27 23:00:00+00:00,0.28660189025320215
2018-10-27 23:30:00+00:00,0.2861401658450289
2018-10-28 00:00:00+00:00,0.2856784414368554
2018-10-28 00:30:00+00:00,0.2852167170286819
2018-10-28 01:00:00+00:00,0.28475499262050863
2018-10-28 01:30:00+00:00,0.28429326821233514
2018-10-28 02:00:00+00:00,0.28383154380416187
2018-10-28 02:30:00+00:00,0.2833698193959884
2018-10-28 03:00:00+00:00,0.2829080949878149
2018-10-28 03:30:00+00:00,0.2824463705796416
2018-10-28 04:00:00+00:00,0.2819846461714681
2018-10-28 04:30:00+00:00,0.28152292176329463
2018-10-28 05:00:00+00:00,0.28106119735512136
2018-10-28 05:30:00+00:00,0.28059947294694787
2018-10-28 06:00:00+00:00,0.2801377485387744
2018-10-28 06:30:00+00:00,0.2796760241306011
2018-10-28 07:00:00+00:00,0.2792142997224276
2018-10-28 07:30:00+00:00,0.27875257531425435
2018-10-28 08:00:00+00:00,0.27829085090608086
2018-10-28 08:30:00+00:00,0.27782912649790736
2018-10-28 09:00:00+00:00,0.2773674020897341
2018-10-28 09:30:00+00:00,0.2769056776815606
2018-10-28 10:00:00+00:00,0.2764439532733871
2018-10-28 10:30:00+00:00,0.27598222886521384
2018-10-28 11:00:00+00:00,0.27552050445704035
2018-10-28 11:30:00+00:00,0.27505878004886686
2018-10-28 12:00:00+00:00,0.2745970556406936
2018-10-28 12:30:00+00:00,0.2741353312325201
2018-10-28 13:00:00+00:00,0.2736736068243468
2018-10-28 13:30:00+00:00,0.27321188241617334
2018-10-28 14:00:00+00:00,0.27275015800799984
2018-10-28 14:30:00+00:00,0.2722884335998266
2018-10-28 15:00:00+00:00,0.2718267091916531
2018-10-28 15:30:00+00:00,0.2713649847834796
2018-10-28 16:00:00+00:00,0.2709032603753063
2018-10-28 16:30:00+00:00,0.27044153596713283
2018-10-28 17:00:00+00:00,0.26997981155895934
2018-10-28 17:30:00+00:00,0.26951808715078607
2018-10-28 18:00:00+00:00,0.2690563627426126
2018-10-28 18:30:00+00:00,0.2685946383344393
2018-10-28 19:00:00+00:00,0.2681329139262658
2018-10-28 19:30:00+00:00,0.2676711895180923
2018-10-28 20:00:00+00:00,0.26720946510991905
2018-10-28 20:30:00+00:00,0.26674774070174556
2018-10-28 21:00:00+00:00,0.26628601629357207
2018-10-28 21:30:00+00:00,0.2658242918853988
2018-10-28 22:00:00+00:00,0.2653625674772253
2018-10-28 22:30:00+00:00,0.2649008430690518
2018-10-28 23:00:00+00:00,0.26443911866087855
2018-10-28 23:30:00+00:00,0.26397739425270506
2018-10-29 00:00:00+00:00,0.26351566984453156
2018-10-29 00:30:00+00:00,0.2630539454363583
2018-10-29 01:00:00+00:00,0.2625922210281848
2018-10-29 01:30:00+00:00,0.26213049662001153
2018-10-29 02:00:00+00:00,0.26166877221183804
2018-10-29 02:30:00+00:00,0.26120704780366455
2018-10-29 03:00:00+00:00,0.2607453233954913
2018-10-29 03:30:00+00:00,0.2602835989873178
2018-10-29 04:00:00+00:00,0.2598218745791443
2018-10-29 04:30:00+00:00,0.259360150170971
2018-10-29 05:00:00+00:00,0.25889842576279753
2018-10-29 05:30:00+00:00,0.25843670135462404
2018-10-29 06:00:00+00:00,0.2579749769464508
2018-10-29 06:30:00+00:00,0.2575132525382773
2018-10-29 07:00:00+00:00,0.257051528130104
2018-10-29 07:30:00+00:00,0.2565898037219305
2018-10-29 08:00:00+00:00,0.25612807931375703
2018-10-29 08:30:00+00:00,0.25566635490558376
2018-10-29 09:00:00+00:00,0.25520463049741027
2018-10-29 09:30:00+00:00,0.2547429060892368
2018-10-29 10:00:00+00:00,0.2542811816810635
2018-10-29 10:30:00+00:00,0.25381945727289
2018-10-29 11:00:00+00:00,0.2533577328647165
2018-10-29 11:30:00+00:00,0.25289600845654325
2018-10-29 12:00:00+00:00,0.25243428404836976
2018-10-29 12:30:00+00:00,0.2519725596401965
2018-10-29 13:00:00+00:00,0.251510835232023
2018-10-29 13:30:00+00:00,0.2510491108238495
2018-10-29 14:00:00+00:00,0.25058738641567624
2018-10-29 14:30:00+00:00,0.25012566200750275
2018-10-29 15:00:00+00:00,0.24966393759932926
2018-10-29 15:30:00+00:00,0.24920221319115599
2018-10-29 16:00:00+00:00,0.2487404887829825
2018-10-29 16:30:00+00:00,0.248278764374809
2018-10-29 17:00:00+00:00,0.24781703996663573
2018-10-29 17:30:00+00:00,0.24735531555846224
2018-10-29 18:00:00+00:00,0.24689359115028875
2018-10-29 18:30:00+00:00,0.24643186674211548
2018-10-29 19:00:00+00:00,0.245970142333942
2018-10-29 19:30:00+00:00,0.24550841792576872
2018-10-29 20:00:00+00:00,0.24504669351759523
2018-10-29 20:30:00+00:00,0.24458496910942173
2018-10-29 21:00:00+00:00,0.24412324470124847
2018-10-29 21:30:00+00:00,0.24366152029307497
2018-10-29 22:00:00+00:00,0.24319979588490148
2018-10-29 22:30:00+00:00,0.2427380714767282
2018-10-29 23:00:00+00:00,0.24227634706855472
2018-10-29 23:30:00+00:00,0.24181462266038123
2018-10-30 00:00:00+00:00,0.24135289825220796
2018-10-30 00:30:00+00:00,0.24089117384403447
2018-10-30 01:00:00+00:00,0.2404294494358612
2018-10-30 01:30:00+00:00,0.2399677250276877
2018-10-30 02:00:00+00:00,0.23950600061951421
2018-10-30 02:30:00+00:00,0.23904427621134094
2018-10-30 03:00:00+00:00,0.23858255180316745
2018-10-30 03:30:00+00:00,0.23812082739499396
2018-10-30 04:00:00+00:00,0.2376591029868207
2018-10-30 04:30:00+00:00,0.2371973785786472
2018-10-30 05:00:00+00:00,0.2367356541704737
2018-10-30 05:30:00+00:00,0.23627392976230044
2018-10-30 06:00:00+00:00,0.23581220535412695
2018-10-30 06:30:00+00:00,0.23535048094595368
2018-10-30 07:00:00+00:00,0.23488875653778019
2018-10-30 07:30:00+00:00,0.2344270321296067
2018-10-30 08:00:00+00:00,0.23396530772143342
2018-10-30 08:30:00+00:00,0.23350358331325993
2018-10-30 09:00:00+00:00,0.23304185890508644
2018-10-30 09:30:00+00:00,0.23258013449691317
2018-10-30 10:00:00+00:00,0.23211841008873968
2018-10-30 10:30:00+00:00,0.2316566856805662
2018-10-30 11:00:00+00:00,0.23119496127239292
2018-10-30 11:30:00+00:00,0.23073323686421943
2018-10-30 12:00:00+00:00,0.23027151245604616
2018-10-30 12:30:00+00:00,0.22980978804787267
2018-10-30 13:00:00+00:00,0.22934806363969917
2018-10-30 13:30:00+00:00,0.2288863392315259
2018-10-30 14:00:00+00:00,0.2284246148233524
2018-10-30 14:30:00+00:00,0.22796289041517892
2018-10-30 15:00:00+00:00,0.22750116600700565
2018-10-30 15:30:00+00:00,0.22703944159883216
2018-10-30 16:00:00+00:00,0.22657771719065867
2018-10-30 16:30:00+00:00,0.2261159927824854
2018-10-30 17:00:00+00:00,0.2256542683743119
2018-10-30 17:30:00+00:00,0.22519254396613841
2018-10-30 18:00:00+00:00,0.22473081955796514
2018-10-30 18:30:00+00:00,0.22426909514979165
2018-10-30 19:00:00+00:00,0.22380737074161838
2018-10-30 19:30:00+00:00,0.2233456463334449
2018-10-30 20:00:00+00:00,0.2228839219252714
2018-10-30 20:30:00+00:00,0.22242219751709813
2018-10-30 21:00:00+00:00,0.22196047310892464
2018-10-30 21:30:00+00:00,0.22149874870075115
2018-10-30 22:00:00+00:00,0.22103702429257788
2018-10-30 22:30:00+00:00,0.22057529988440439
2018-10-30 23:00:00+00:00,0.2201135754762309
2018-10-30 23:30:00+00:00,0.21965185106805762
2018-10-31 00:00:00+00:00,0.21919012665988413
2018-10-31 00:30:00+00:00,0.21872840225171086
2018-10-31 01:00:00+00:00,0.21826667784353737
2018-10-31 01:30:00+00:00,0.21780495343536388
2018-10-31 02:00:00+00:00,0.2173432290271906
2018-10-31 02:30:00+00:00,0.21688150461901712
2018-10-31 03:00:00+00:00,0.21641978021084363
2018-10-31 03:30:00+00:00,0.21595805580267036
2018-10-31 04:00:00+00:00,0.21549633139449687
2018-10-31 04:30:00+00:00,0.21503460698632337
2018-10-31 05:00:00+00:00,0.2145728825781501
2018-10-31 05:30:00+00:00,0.2141111581699766
2018-10-31 06:00:00+00:00,0.21364943376180334
2018-10-31 06:30:00+00:00,0.21318770935362985
2018-10-31 07:00:00+00:00,0.21272598494545636
2018-10-31 07:30:00+00:00,0.2122642605372831
2018-10-31 08:00:00+00:00,0.2118025361291096
2018-10-31 08:30:00+00:00,0.2113408117209361
2018-10-31 09:00:00+00:00,0.21087908731276284
2018-10-31 09:30:00+00:00,0.21041736290458934
2018-10-31 10:00:00+00:00,0.20995563849641585
2018-10-31 10:30:00+00:00,0.20949391408824258
2018-10-31 11:00:00+00:00,0.2090321896800691
2018-10-31 11:30:00+00:00,0.2085704652718956
2018-10-31 12:00:00+00:00,0.20810874086372233
2018-10-31 12:30:00+00:00,0.20764701645554884
2018-10-31 13:00:00+00:00,0.20718529204737557
2018-10-31 13:30:00+00:00,0.20672356763920208
2018-10-31 14:00:00+00:00,0.20626184323102859
2018-10-31 14:30:00+00:00,0.20580011882285532
2018-10-31 15:00:00+00:00,0.20533839441468182
2018-10-31 15:30:00+00:00,0.20487667000650833
2018-10-31 16:00:00+00:00,0.20441494559833506
2018-10-31 16:30:00+00:00,0.20395322119016157
2018-10-31 17:00:00+00:00,0.20349149678198808
2018-10-31 17:30:00+00:00,0.2030297723738148
2018-10-31 18:00:00+00:00,0.20256804796564132
2018-10-31 18:30:00+00:00,0.20210632355746805
2018-10-31 19:00:00+00:00,0.20164459914929456
2018-10-31 19:30:00+00:00,0.20118287474112106
2018-10-31 20:00:00+00:00,0.2007211503329478
2018-10-31 20:30:00+00:00,0.2002594259247743
2018-10-31 21:00:00+00:00,0.1997977015166008
2018-10-31 21:30:00+00:00,0.19933597710842754
2018-10-31 22:00:00+00:00,0.19887425270025405
2018-10-31 22:30:00+00:00,0.19841252829208056
2018-10-31 23:00:00+00:00,0.1979508038839073
2018-10-31 23:30:00+00:00,0.1974890794757338
2018-11-01 00:00:00+00:00,0.19702735506756053
2018-11-01 00:30:00+00:00,0.19656563065938704
2018-11-01 01:00:00+00:00,0.19610390625121354
2018-11-01 01:30:00+00:00,0.19564218184304027
2018-11-01 02:00:00+00:00,0.19518045743486678
2018-11-01 02:30:00+00:00,0.1947187330266933
2018-11-01 03:00:00+00:00,0.19425700861852002
2018-11-01 03:30:00+00:00,0.19379528421034653
2018-11-01 04:00:00+00:00,0.19333355980217304
2018-11-01 04:30:00+00:00,0.19287183539399977
2018-11-01 05:00:00+00:00,0.19241011098582628
2018-11-01 05:30:00+00:00,0.191948386577653
2018-11-01 06:00:00+00:00,0.19148666216947952
2018-11-01 06:30:00+00:00,0.19102493776130602
2018-11-01 07:00:00+00:00,0.19056321335313275
2018-11-01 07:30:00+00:00,0.19010148894495926
2018-11-01 08:00:00+00:00,0.18963976453678577
2018-11-01 08:30:00+00:00,0.1891780401286125
2018-11-01 09:00:00+00:00,0.188716315720439
2018-11-01 09:30:00+00:00,0.18825459131226552
2018-11-01 10:00:00+00:00,0.18779286690409225
2018-11-01 10:30:00+00:00,0.18733114249591876
2018-11-01 11:00:00+00:00,0.18686941808774526
2018-11-01 11:30:00+00:00,0.186407693679572
2018-11-01 12:00:00+00:00,0.1859459692713985
2018-11-01 12:30:00+00:00,0.18548424486322523
2018-11-01 13:00:00+00:00,0.18502252045505174
2018-11-01 13:30:00+00:00,0.18456079604687825
2018-11-01 14:00:00+00:00,0.18409907163870498
2018-11-01 14:30:00+00:00,0.1836373472305315
2018-11-01 15:00:00+00:00,0.183175622822358
2018-11-01 15:30:00+00:00,0.18271389841418473
2018-11-01 16:00:00+00:00,0.18225217400601124
2018-11-01 16:30:00+00:00,0.18179044959783774
2018-11-01 17:00:00+00:00,0.18132872518966447
2018-11-01 17:30:00+00:00,0.18086700078149098
2018-11-01 18:00:00+00:00,0.1804052763733177
2018-11-01 18:30:00+00:00,0.17994355196514422
2018-11-01 19:00:00+00:00,0.17948182755697073
2018-11-01 19:30:00+00:00,0.17902010314879746
2018-11-01 20:00:00+00:00,0.17855837874062397
2018-11-01 20:30:00+00:00,0.17809665433245048
2018-11-01 21:00:00+00:00,0.1776349299242772
2018-11-01 21:30:00+00:00,0.17717320551610372
2018-11-01 22:00:00+00:00,0.17671148110793022
2018-11-01 22:30:00+00:00,0.17624975669975695
2018-11-01 23:00:00+00:00,0.17578803229158346
2018-11-01 23:30:00+00:00,0.1753263078834102
2018-11-02 00:00:00+00:00,0.1748645834752367
2018-11-02 00:30:00+00:00,0.1744028590670632
2018-11-02 01:00:00+00:00,0.17394113465888994
2018-11-02 01:30:00+00:00,0.17347941025071645
2018-11-02 02:00:00+00:00,0.17301768584254296
2018-11-02 02:30:00+00:00,0.1725559614343697
2018-11-02 03:00:00+00:00,0.1720942370261962
2018-11-02 03:30:00+00:00,0.1716325126180227
2018-11-02 04:00:00+00:00,0.17117078820984943
2018-11-02 04:30:00+00:00,0.17070906380167594
2018-11-02 05:00:00+00:00,0.17024733939350245
2018-11-02 05:30:00+00:00,0.16978561498532918
2018-11-02 06:00:00+00:00,0.1693238905771557
2018-11-02 06:30:00+00:00,0.16886216616898242
2018-11-02 07:00:00+00:00,0.16840044176080893
2018-11-02 07:30:00+00:00,0.16793871735263544
2018-11-02 08:00:00+00:00,0.16747699294446217
2018-11-02 08:30:00+00:00,0.16701526853628867
2018-11-02 09:00:00+00:00,0.16655354412811518
2018-11-02 09:30:00+00:00,0.1660918197199419
2018-11-02 10:00:00+00:00,0.16563009531176842
2018-11-02 10:30:00+00:00,0.16516837090359493
2018-11-02 11:00:00+00:00,0.16470664649542166
2018-11-02 11:30:00+00:00,0.16424492208724817
2018-11-02 12:00:00+00:00,0.1637831976790749
2018-11-02 12:30:00+00:00,0.1633214732709014
2018-11-02 13:00:00+00:00,0.16285974886272792
2018-11-02 13:30:00+00:00,0.16239802445455465
2018-11-02 14:00:00+00:00,0.16193630004638115
2018-11-02 14:30:00+00:00,0.16147457563820766
2018-11-02 15:00:00+00:00,0.1610128512300344
2018-11-02 15:30:00+00:00,0.1605511268218609
2018-11-02 16:00:00+00:00,0.1600894024136874
2018-11-02 16:30:00+00:00,0.15962767800551414
2018-11-02 17:00:00+00:00,0.15916595359734065
2018-11-02 17:30:00+00:00,0.15870422918916738
2018-11-02 18:00:00+00:00,0.1582425047809939
2018-11-02 18:30:00+00:00,0.1577807803728204
2018-11-02 19:00:00+00:00,0.15731905596464713
2018-11-02 19:30:00+00:00,0.15685733155647363
2018-11-02 20:00:00+00:00,0.15639560714830014
2018-11-02 20:30:00+00:00,0.15593388274012687
2018-11-02 21:00:00+00:00,0.15547215833195338
2018-11-02 21:30:00+00:00,0.1550104339237799
2018-11-02 22:00:00+00:00,0.15454870951560662
2018-11-02 22:30:00+00:00,0.15408698510743313
2018-11-02 23:00:00+00:00,0.15362526069925986
2018-11-02 23:30:00+00:00,0.15316353629108637
2018-11-03 00:00:00+00:00,0.15270181188291287
2018-11-03 00:30:00+00:00,0.1522400874747396
2018-11-03 01:00:00+00:00,0.1517783630665661
2018-11-03 01:30:00+00:00,0.15131663865839262
2018-11-03 02:00:00+00:00,0.15085491425021935
2018-11-03 02:30:00+00:00,0.15039318984204586
2018-11-03 03:00:00+00:00,0.14993146543387237
2018-11-03 03:30:00+00:00,0.1494697410256991
2018-11-03 04:00:00+00:00,0.1490080166175256
2018-11-03 04:30:00+00:00,0.14854629220935212
2018-11-03 05:00:00+00:00,0.14808456780117885
2018-11-03 05:30:00+00:00,0.14762284339300535
2018-11-03 06:00:00+00:00,0.14716111898483208
2018-11-03 06:30:00+00:00,0.1466993945766586
2018-11-03 07:00:00+00:00,0.1462376701684851
2018-11-03 07:30:00+00:00,0.14577594576031183
2018-11-03 08:00:00+00:00,0.14531422135213834
2018-11-03 08:30:00+00:00,0.14485249694396485
2018-11-03 09:00:00+00:00,0.14439077253579158
2018-11-03 09:30:00+00:00,0.1439290481276181
2018-11-03 10:00:00+00:00,0.1434673237194446
2018-11-03 10:30:00+00:00,0.14300559931127133
2018-11-03 11:00:00+00:00,0.14254387490309783
2018-11-03 11:30:00+00:00,0.14208215049492456
2018-11-03 12:00:00+00:00,0.14162042608675107
2018-11-03 12:30:00+00:00,0.14115870167857758
2018-11-03 13:00:00+00:00,0.1406969772704043
2018-11-03 13:30:00+00:00,0.14023525286223082
2018-11-03 14:00:00+00:00,0.13977352845405733
2018-11-03 14:30:00+00:00,0.13931180404588406
2018-11-03 15:00:00+00:00,0.13885007963771057
2018-11-03 15:30:00+00:00,0.13838835522953707
2018-11-03 16:00:00+00:00,0.1379266308213638
2018-11-03 16:30:00+00:00,0.1374649064131903
2018-11-03 17:00:00+00:00,0.13700318200501704
2018-11-03 17:30:00+00:00,0.13654145759684355
2018-11-03 18:00:00+00:00,0.13607973318867006
2018-11-03 18:30:00+00:00,0.1356180087804968
2018-11-03 19:00:00+00:00,0.1351562843723233
2018-11-03 19:30:00+00:00,0.1346945599641498
2018-11-03 20:00:00+00:00,0.13423283555597654
2018-11-03 20:30:00+00:00,0.13377111114780305
2018-11-03 21:00:00+00:00,0.13330938673962955
2018-11-03 21:30:00+00:00,0.13284766233145628
2018-11-03 22:00:00+00:00,0.1323859379232828
2018-11-03 22:30:00+00:00,0.1319242135151093
2018-11-03 23:00:00+00:00,0.13146248910693603
2018-11-03 23:30:00+00:00,0.13100076469876254
2018-11-04 00:00:00+00:00,0.13053904029058927
2018-11-04 00:30:00+00:00,0.13007731588241578
2018-11-04 01:00:00+00:00,0.1296155914742423
2018-11-04 01:30:00+00:00,0.12915386706606902
2018-11-04 02:00:00+00:00,0.12869214265789553
2018-11-04 02:30:00+00:00,0.12823041824972203
2018-11-04 03:00:00+00:00,0.12776869384154876
2018-11-04 03:30:00+00:00,0.12730696943337527
2018-11-04 04:00:00+00:00,0.12684524502520178
2018-11-04 04:30:00+00:00,0.1263835206170285
2018-11-04 05:00:00+00:00,0.12592179620885502
2018-11-04 05:30:00+00:00,0.12546007180068175
2018-11-04 06:00:00+00:00,0.12499834739250826
2018-11-04 06:30:00+00:00,0.12453662298433477
2018-11-04 07:00:00+00:00,0.1240748985761615
2018-11-04 07:30:00+00:00,0.123613174167988
2018-11-04 08:00:00+00:00,0.12315144975981451
2018-11-04 08:30:00+00:00,0.12268972535164124
2018-11-04 09:00:00+00:00,0.12222800094346775
2018-11-04 09:30:00+00:00,0.12176627653529426
2018-11-04 10:00:00+00:00,0.12130455212712099
2018-11-04 10:30:00+00:00,0.1208428277189475
2018-11-04 11:00:00+00:00,0.12038110331077423
2018-11-04 11:30:00+00:00,0.11991937890260074
2018-11-04 12:00:00+00:00,0.11945765449442725
2018-11-04 12:30:00+00:00,0.11899593008625398
2018-11-04 13:00:00+00:00,0.11853420567808048
2018-11-04 13:30:00+00:00,0.11807248126990699
2018-11-04 14:00:00+00:00,0.11761075686173372
2018-11-04 14:30:00+00:00,0.11714903245356023
2018-11-04 15:00:00+00:00,0.11668730804538674
2018-11-04 15:30:00+00:00,0.11622558363721347
2018-11-04 16:00:00+00:00,0.11576385922903998
2018-11-04 16:30:00+00:00,0.11530213482086671
2018-11-04 17:00:00+00:00,0.11484041041269322
2018-11-04 17:30:00+00:00,0.11437868600451973
2018-11-04 18:00:00+00:00,0.11391696159634646
2018-11-04 18:30:00+00:00,0.11345523718817296
2018-11-04 19:00:00+00:00,0.11299351277999947
2018-11-04 19:30:00+00:00,0.1125317883718262
2018-11-04 20:00:00+00:00,0.11207006396365271
2018-11-04 20:30:00+00:00,0.11160833955547922
2018-11-04 21:00:00+00:00,0.11114661514730595
2018-11-04 21:30:00+00:00,0.11068489073913246
2018-11-04 22:00:00+00:00,0.11022316633095897
2018-11-04 22:30:00+00:00,0.1097614419227857
2018-11-04 23:00:00+00:00,0.1092997175146122
2018-11-04 23:30:00+00:00,0.10883799310643893
2018-11-05 00:00:00+00:00,0.10837626869826544
2018-11-05 00:30:00+00:00,0.10791454429009195
2018-11-05 01:00:00+00:00,0.10745281988191868
2018-11-05 01:30:00+00:00,0.10699109547374519
2018-11-05 02:00:00+00:00,0.1065293710655717
2018-11-05 02:30:00+00:00,0.10606764665739843
2018-11-05 03:00:00+00:00,0.10560592224922494
2018-11-05 03:30:00+00:00,0.10514419784105145
2018-11-05 04:00:00+00:00,0.10468247343287818
2018-11-05 04:30:00+00:00,0.10422074902470468
2018-11-05 05:00:00+00:00,0.10375902461653141
2018-11-05 05:30:00+00:00,0.10329730020835792
2018-11-05 06:00:00+00:00,0.10283557580018443
2018-11-05 06:30:00+00:00,0.10237385139201116
2018-11-05 07:00:00+00:00,0.10191212698383767
2018-11-05 07:30:00+00:00,0.10145040257566418
2018-11-05 08:00:00+00:00,0.10098867816749091
2018-11-05 08:30:00+00:00,0.10052695375931742
2018-11-05 09:00:00+00:00,0.10006522935114393
2018-11-05 09:30:00+00:00,0.09960350494297066
2018-11-05 10:00:00+00:00,0.09914178053479716
2018-11-05 10:30:00+00:00,0.0986800561266239
2018-11-05 11:00:00+00:00,0.0982183317184504
2018-11-05 11:30:00+00:00,0.09775660731027691
2018-11-05 12:00:00+00:00,0.09729488290210364
2018-11-05 12:30:00+00:00,0.09683315849393015
2018-11-05 13:00:00+00:00,0.09637143408575666
2018-11-05 13:30:00+00:00,0.09590970967758339
2018-11-05 14:00:00+00:00,0.0954479852694099
2018-11-05 14:30:00+00:00,0.0949862608612364
2018-11-05 15:00:00+00:00,0.09452453645306313
2018-11-05 15:30:00+00:00,0.09406281204488964
2018-11-05 16:00:00+00:00,0.09360108763671615
2018-11-05 16:30:00+00:00,0.09313936322854288
2018-11-05 17:00:00+00:00,0.09267763882036939
2018-11-05 17:30:00+00:00,0.09221591441219612
2018-11-05 18:00:00+00:00,0.09175419000402263
2018-11-05 18:30:00+00:00,0.09129246559584914
2018-11-05 19:00:00+00:00,0.09083074118767587
2018-11-05 19:30:00+00:00,0.09036901677950238
2018-11-05 20:00:00+00:00,0.08990729237132888
2018-11-05 20:30:00+00:00,0.08944556796315561
2018-11-05 21:00:00+00:00,0.08898384355498212
2018-11-05 21:30:00+00:00,0.08852211914680863
2018-11-05 22:00:00+00:00,0.08806039473863536
2018-11-05 22:30:00+00:00,0.08759867033046187
2018-11-05 23:00:00+00:00,0.0871369459222886
2018-11-05 23:30:00+00:00,0.08667522151411511
2018-11-06 00:00:00+00:00,0.08621349710594162
2018-11-06 00:30:00+00:00,0.08575177269776835
2018-11-06 01:00:00+00:00,0.08529004828959486
2018-11-06 01:30:00+00:00,0.08482832388142136
2018-11-06 02:00:00+00:00,0.0843665994732481
2018-11-06 02:30:00+00:00,0.0839048750650746
2018-11-06 03:00:00+00:00,0.08344315065690111
2018-11-06 03:30:00+00:00,0.08298142624872784
2018-11-06 04:00:00+00:00,0.08251970184055435
2018-11-06 04:30:00+00:00,0.08205797743238108
2018-11-06 05:00:00+00:00,0.08159625302420759
2018-11-06 05:30:00+00:00,0.0811345286160341
2018-11-06 06:00:00+00:00,0.08067280420786083
2018-11-06 06:30:00+00:00,0.08021107979968733
2018-11-06 07:00:00+00:00,0.07974935539151384
2018-11-06 07:30:00+00:00,0.07928763098334057
2018-11-06 08:00:00+00:00,0.07882590657516708
2018-11-06 08:30:00+00:00,0.07836418216699359
2018-11-06 09:00:00+00:00,0.07790245775882032
2018-11-06 09:30:00+00:00,0.07744073335064683
2018-11-06 10:00:00+00:00,0.07697900894247356
2018-11-06 10:30:00+00:00,0.07651728453430007
2018-11-06 11:00:00+00:00,0.07605556012612658
2018-11-06 11:30:00+00:00,0.0755938357179533
2018-11-06 12:00:00+00:00,0.07513211130977981
2018-11-06 12:30:00+00:00,0.07467038690160632
2018-11-06 13:00:00+00:00,0.07420866249343305
2018-11-06 13:30:00+00:00,0.07374693808525956
2018-11-06 14:00:00+00:00,0.07328521367708607
2018-11-06 14:30:00+00:00,0.0728234892689128
2018-11-06 15:00:00+00:00,0.07236176486073931
2018-11-06 15:30:00+00:00,0.07190004045256582
2018-11-06 16:00:00+00:00,0.07143831604439255
2018-11-06 16:30:00+00:00,0.07097659163621906
2018-11-06 17:00:00+00:00,0.07051486722804579
2018-11-06 17:30:00+00:00,0.0700531428198723
2018-11-06 18:00:00+00:00,0.0695914184116988
2018-11-06 18:30:00+00:00,0.06912969400352553
2018-11-06 19:00:00+00:00,0.06866796959535204
2018-11-06 19:30:00+00:00,0.06820624518717855
2018-11-06 20:00:00+00:00,0.06774452077900528
2018-11-06 20:30:00+00:00,0.06728279637083179
2018-11-06 21:00:00+00:00,0.0668210719626583
2018-11-06 21:30:00+00:00,0.06635934755448503
2018-11-06 22:00:00+00:00,0.06589762314631153
2018-11-06 22:30:00+00:00,0.06543589873813827
2018-11-06 23:00:00+00:00,0.06497417432996477
2018-11-06 23:30:00+00:00,0.06451244992179128
2018-11-07 00:00:00+00:00,0.06405072551361801
2018-11-07 00:30:00+00:00,0.06358900110544452
2018-11-07 01:00:00+00:00,0.06312727669727103
2018-11-07 01:30:00+00:00,0.06266555228909776
2018-11-07 02:00:00+00:00,0.06220382788092427
2018-11-07 02:30:00+00:00,0.061742103472750776
2018-11-07 03:00:00+00:00,0.061280379064577506
2018-11-07 03:30:00+00:00,0.060818654656404014
2018-11-07 04:00:00+00:00,0.060356930248230745
2018-11-07 04:30:00+00:00,0.05989520584005725
2018-11-07 05:00:00+00:00,0.05943348143188376
2018-11-07 05:30:00+00:00,0.05897175702371049
2018-11-07 06:00:00+00:00,0.058510032615537
2018-11-07 06:30:00+00:00,0.05804830820736351
2018-11-07 07:00:00+00:00,0.05758658379919024
2018-11-07 07:30:00+00:00,0.05712485939101675
2018-11-07 08:00:00+00:00,0.056663134982843255
2018-11-07 08:30:00+00:00,0.056201410574669985
2018-11-07 09:00:00+00:00,0.055739686166496494
2018-11-07 09:30:00+00:00,0.055277961758323
2018-11-07 10:00:00+00:00,0.05481623735014973
2018-11-07 10:30:00+00:00,0.05435451294197624
2018-11-07 11:00:00+00:00,0.05389278853380297
2018-11-07 11:30:00+00:00,0.05343106412562948
2018-11-07 12:00:00+00:00,0.05296933971745599
2018-11-07 12:30:00+00:00,0.05250761530928272
2018-11-07 13:00:00+00:00,0.052045890901109226
2018-11-07 13:30:00+00:00,0.051584166492935735
2018-11-07 14:00:00+00:00,0.051122442084762465
2018-11-07 14:30:00+00:00,0.05066071767658897
2018-11-07 15:00:00+00:00,0.05019899326841548
2018-11-07 15:30:00+00:00,0.04973726886024221
2018-11-07 16:00:00+00:00,0.04927554445206872
2018-11-07 16:30:00+00:00,0.04881382004389545
2018-11-07 17:00:00+00:00,0.04835209563572196
2018-11-07 17:30:00+00:00,0.04789037122754847
2018-11-07 18:00:00+00:00,0.0474286468193752
2018-11-07 18:30:00+00:00,0.046966922411201706
2018-11-07 19:00:00+00:00,0.046505198003028214
2018-11-07 19:30:00+00:00,0.046043473594854945
2018-11-07 20:00:00+00:00,0.04558174918668145
2018-11-07 20:30:00+00:00,0.04512002477850796
2018-11-07 21:00:00+00:00,0.04465830037033469
2018-11-07 21:30:00+00:00,0.0441965759621612
2018-11-07 22:00:00+00:00,0.04373485155398793
2018-11-07 22:30:00+00:00,0.04327312714581444
2018-11-07 23:00:00+00:00,0.04281140273764095
2018-11-07 23:30:00+00:00,0.04234967832946768
2018-11-08 00:00:00+00:00,0.041887953921294185
2018-11-08 00:30:00+00:00,0.041426229513120694
2018-11-08 01:00:00+00:00,0.040964505104947424
2018-11-08 01:30:00+00:00,0.04050278069677393
2018-11-08 02:00:00+00:00,0.04004105628860044
2018-11-08 02:30:00+00:00,0.03957933188042717
2018-11-08 03:00:00+00:00,0.03911760747225368
2018-11-08 03:30:00+00:00,0.03865588306408041
2018-11-08 04:00:00+00:00,0.03819415865590692
2018-11-08 04:30:00+00:00,0.037732434247733426
2018-11-08 05:00:00+00:00,0.03727070983956016
2018-11-08 05:30:00+00:00,0.036808985431386665
2018-11-08 06:00:00+00:00,0.03634726102321317
2018-11-08 06:30:00+00:00,0.035885536615039904
2018-11-08 07:00:00+00:00,0.03542381220686641
2018-11-08 07:30:00+00:00,0.03496208779869292
2018-11-08 08:00:00+00:00,0.03450036339051965
2018-11-08 08:30:00+00:00,0.03403863898234616
2018-11-08 09:00:00+00:00,0.03357691457417267
2018-11-08 09:30:00+00:00,0.0331151901659994
2018-11-08 10:00:00+00:00,0.032653465757825906
2018-11-08 10:30:00+00:00,0.032191741349652636
2018-11-08 11:00:00+00:00,0.031730016941479144
2018-11-08 11:30:00+00:00,0.03126829253330565
2018-11-08 12:00:00+00:00,0.030806568125132383
2018-11-08 12:30:00+00:00,0.03034484371695889
2018-11-08 13:00:00+00:00,0.0298831193087854
2018-11-08 13:30:00+00:00,0.02942139490061213
2018-11-08 14:00:00+00:00,0.02895967049243864
2018-11-08 14:30:00+00:00,0.028497946084265147
2018-11-08 15:00:00+00:00,0.028036221676091877
2018-11-08 15:30:00+00:00,0.027574497267918385
2018-11-08 16:00:00+00:00,0.027112772859745116
2018-11-08 16:30:00+00:00,0.026651048451571624
2018-11-08 17:00:00+00:00,0.026189324043398132
2018-11-08 17:30:00+00:00,0.025727599635224863
2018-11-08 18:00:00+00:00,0.02526587522705137
2018-11-08 18:30:00+00:00,0.02480415081887788
2018-11-08 19:00:00+00:00,0.02434242641070461
2018-11-08 19:30:00+00:00,0.023880702002531118
2018-11-08 20:00:00+00:00,0.023418977594357626
2018-11-08 20:30:00+00:00,0.022957253186184357
2018-11-08 21:00:00+00:00,0.022495528778010865
2018-11-08 21:30:00+00:00,0.022033804369837595
2018-11-08 22:00:00+00:00,0.021572079961664103
2018-11-08 22:30:00+00:00,0.021110355553490612
2018-11-08 23:00:00+00:00,0.020648631145317342
2018-11-08 23:30:00+00:00,0.02018690673714385
2018-11-09 00:00:00+00:00,0.01972518232897036
2018-11-09 00:30:00+00:00,0.01926345792079709
2018-11-09 01:00:00+00:00,0.018801733512623597
2018-11-09 01:30:00+00:00,0.018340009104450106
2018-11-09 02:00:00+00:00,0.017878284696276836
2018-11-09 02:30:00+00:00,0.017416560288103344
2018-11-09 03:00:00+00:00,0.016954835879929853
2018-11-09 03:30:00+00:00,0.016493111471756583
2018-11-09 04:00:00+00:00,0.01603138706358309
2018-11-09 04:30:00+00:00,0.015569662655409822
2018-11-09 05:00:00+00:00,0.01510793824723633
2018-11-09 05:30:00+00:00,0.014646213839062838
2018-11-09 06:00:00+00:00,0.014184489430889569
2018-11-09 06:30:00+00:00,0.013722765022716077
2018-11-09 07:00:00+00:00,0.013261040614542585
2018-11-09 07:30:00+00:00,0.012799316206369316
2018-11-09 08:00:00+00:00,0.012337591798195824
2018-11-09 08:30:00+00:00,0.011875867390022332
2018-11-09 09:00:00+00:00,0.011414142981849063
2018-11-09 09:30:00+00:00,0.01095241857367557
2018-11-09 10:00:00+00:00,0.010490694165502301
2018-11-09 10:30:00+00:00,0.01002896975732881
2018-11-09 11:00:00+00:00,0.009567245349155318
2018-11-09 11:30:00+00:00,0.009105520940982048
2018-11-09 12:00:00+00:00,0.008643796532808556
2018-11-09 12:30:00+00:00,0.008182072124635065
2018-11-09 13:00:00+00:00,0.007720347716461795
2018-11-09 13:30:00+00:00,0.007258623308288303
2018-11-09 14:00:00+00:00,0.006796898900114812
2018-11-09 14:30:00+00:00,0.006335174491941542
2018-11-09 15:00:00+00:00,0.00587345008376805
2018-11-09 15:30:00+00:00,0.005411725675594781
2018-11-09 16:00:00+00:00,0.004950001267421289
2018-11-09 16:30:00+00:00,0.004488276859247797
2018-11-09 17:00:00+00:00,0.004026552451074528
2018-11-09 17:30:00+00:00,0.003564828042901036
2018-11-09 18:00:00+00:00,0.0031031036347275442
2018-11-09 18:30:00+00:00,0.0026413792265542746
2018-11-09 19:00:00+00:00,0.002179654818380783
2018-11-09 19:30:00+00:00,0.0017179304102072912
2018-11-09 20:00:00+00:00,0.0012562060020340216
2018-11-09 20:30:00+00:00,0.0007944815938605299
2018-11-09 21:00:00+00:00,0.0003327571856872602
2018-11-09 21:30:00+00:00,-0.0001289672224862315
2018-11-09 22:00:00+00:00,-0.0005906916306597232
2018-11-09 22:30:00+00:00,-0.0010524160388329928
2018-11-09 23:00:00+00:00,-0.0015141404470064845
2018-11-09 23:30:00+00:00,-0.0019758648551799762
2018-11-10 00:00:00+00:00,-0.002437589263353246
2018-11-10 00:30:00+00:00,-0.0028993136715267376
2018-11-10 01:00:00+00:00,-0.0033610380797002293
2018-11-10 01:30:00+00:00,-0.003822762487873499
2018-11-10 02:00:00+00:00,-0.004284486896046991
2018-11-10 02:30:00+00:00,-0.004746211304220482
2018-11-10 03:00:00+00:00,-0.005207935712393752
2018-11-10 03:30:00+00:00,-0.005669660120567244
2018-11-10 04:00:00+00:00,-0.006131384528740513
2018-11-10 04:30:00+00:00,-0.006593108936914005
2018-11-10 05:00:00+00:00,-0.007054833345087497
2018-11-10 05:30:00+00:00,-0.007516557753260766
2018-11-10 06:00:00+00:00,-0.007978282161434258
2018-11-10 06:30:00+00:00,-0.00844000656960775
2018-11-10 07:00:00+00:00,-0.00890173097778102
2018-11-10 07:30:00+00:00,-0.009363455385954511
2018-11-10 08:00:00+00:00,-0.009825179794128003
2018-11-10 08:30:00+00:00,-0.010286904202301272
2018-11-10 09:00:00+00:00,-0.010748628610474764
2018-11-10 09:30:00+00:00,-0.011210353018648034
2018-11-10 10:00:00+00:00,-0.011672077426821525
2018-11-10 10:30:00+00:00,-0.012133801834995017
2018-11-10 11:00:00+00:00,-0.012595526243168287
2018-11-10 11:30:00+00:00,-0.013057250651341779
2018-11-10 12:00:00+00:00,-0.01351897505951527
2018-11-10 12:30:00+00:00,-0.01398069946768854
2018-11-10 13:00:00+00:00,-0.014442423875862032
2018-11-10 13:30:00+00:00,-0.014904148284035523
2018-11-10 14:00:00+00:00,-0.015365872692208793
2018-11-10 14:30:00+00:00,-0.015827597100382285
2018-11-10 15:00:00+00:00,-0.016289321508555554
2018-11-10 15:30:00+00:00,-0.016751045916729046
2018-11-10 16:00:00+00:00,-0.017212770324902538
2018-11-10 16:30:00+00:00,-0.017674494733075807
2018-11-10 17:00:00+00:00,-0.0181362191412493
2018-11-10 17:30:00+00:00,-0.01859794354942279
2018-11-10 18:00:00+00:00,-0.01905966795759606
2018-11-10 18:30:00+00:00,-0.019521392365769552
2018-11-10 19:00:00+00:00,-0.019983116773943044
2018-11-10 19:30:00+00:00,-0.020444841182116313
2018-11-10 20:00:00+00:00,-0.020906565590289805
2018-11-10 20:30:00+00:00,-0.021368289998463297
2018-11-10 21:00:00+00:00,-0.021830014406636566
2018-11-10 21:30:00+00:00,-0.022291738814810058
2018-11-10 22:00:00+00:00,-0.022753463222983328
2018-11-10 22:30:00+00:00,-0.02321518763115682
2018-11-10 23:00:00+00:00,-0.02367691203933031
2018-11-10 23:30:00+00:00,-0.02413863644750358
2018-11-11 00:00:00+00:00,-0.024600360855677073
2018-11-11 00:30:00+00:00,-0.025062085263850564
2018-11-11 01:00:00+00:00,-0.025523809672023834
2018-11-11 01:30:00+00:00,-0.025985534080197326
2018-11-11 02:00:00+00:00,-0.026447258488370817
2018-11-11 02:30:00+00:00,-0.026908982896544087
2018-11-11 03:00:00+00:00,-0.02737070730471758
2018-11-11 03:30:00+00:00,-0.02783243171289085
2018-11-11 04:00:00+00:00,-0.02829415612106434
2018-11-11 04:30:00+00:00,-0.02875588052923783
2018-11-11 05:00:00+00:00,-0.0292176049374111
2018-11-11 05:30:00+00:00,-0.029679329345584593
2018-11-11 06:00:00+00:00,-0.030141053753758085
2018-11-11 06:30:00+00:00,-0.030602778161931354
2018-11-11 07:00:00+00:00,-0.031064502570104846
2018-11-11 07:30:00+00:00,-0.03152622697827834
2018-11-11 08:00:00+00:00,-0.03198795138645161
2018-11-11 08:30:00+00:00,-0.0324496757946251
2018-11-11 09:00:00+00:00,-0.03291140020279837
2018-11-11 09:30:00+00:00,-0.03337312461097186
2018-11-11 10:00:00+00:00,-0.03383484901914535
2018-11-11 10:30:00+00:00,-0.03429657342731862
2018-11-11 11:00:00+00:00,-0.034758297835492113
2018-11-11 11:30:00+00:00,-0.035220022243665605
2018-11-11 12:00:00+00:00,-0.035681746651838875
2018-11-11 12:30:00+00:00,-0.03614347106001237
2018-11-11 13:00:00+00:00,-0.03660519546818586
2018-11-11 13:30:00+00:00,-0.03706691987635913
2018-11-11 14:00:00+00:00,-0.03752864428453262
2018-11-11 14:30:00+00:00,-0.03799036869270589
2018-11-11 15:00:00+00:00,-0.03845209310087938
2018-11-11 15:30:00+00:00,-0.03891381750905287
2018-11-11 16:00:00+00:00,-0.03937554191722614
2018-11-11 16:30:00+00:00,-0.039837266325399634
2018-11-11 17:00:00+00:00,-0.040298990733573126
2018-11-11 17:30:00+00:00,-0.040760715141746395
2018-11-11 18:00:00+00:00,-0.04122243954991989
2018-11-11 18:30:00+00:00,-0.04168416395809338
2018-11-11 19:00:00+00:00,-0.04214588836626665
2018-11-11 19:30:00+00:00,-0.04260761277444014
2018-11-11 20:00:00+00:00,-0.04306933718261363
2018-11-11 20:30:00+00:00,-0.0435310615907869
2018-11-11 21:00:00+00:00,-0.04399278599896039
2018-11-11 21:30:00+00:00,-0.04445451040713366
2018-11-11 22:00:00+00:00,-0.044916234815307154
2018-11-11 22:30:00+00:00,-0.045377959223480646
2018-11-11 23:00:00+00:00,-0.045839683631653916
2018-11-11 23:30:00+00:00,-0.04630140803982741
2018-11-12 00:00:00+00:00,-0.0467631324480009
2018-11-12 00:30:00+00:00,-0.04722485685617417
2018-11-12 01:00:00+00:00,-0.04768658126434766
2018-11-12 01:30:00+00:00,-0.04814830567252115
2018-11-12 02:00:00+00:00,-0.04861003008069442
2018-11-12 02:30:00+00:00,-0.049071754488867914
2018-11-12 03:00:00+00:00,-0.04953347889704118
2018-11-12 03:30:00+00:00,-0.049995203305214675
2018-11-12 04:00:00+00:00,-0.05045692771338817
2018-11-12 04:30:00+00:00,-0.050918652121561436
2018-11-12 05:00:00+00:00,-0.05138037652973493
2018-11-12 05:30:00+00:00,-0.05184210093790842
2018-11-12 06:00:00+00:00,-0.05230382534608169
2018-11-12 06:30:00+00:00,-0.05276554975425518
2018-11-12 07:00:00+00:00,-0.05322727416242867
2018-11-12 07:30:00+00:00,-0.05368899857060194
2018-11-12 08:00:00+00:00,-0.054150722978775434
2018-11-12 08:30:00+00:00,-0.054612447386948704
2018-11-12 09:00:00+00:00,-0.055074171795122195
2018-11-12 09:30:00+00:00,-0.05553589620329569
2018-11-12 10:00:00+00:00,-0.05599762061146896
2018-11-12 10:30:00+00:00,-0.05645934501964245
2018-11-12 11:00:00+00:00,-0.05692106942781594
2018-11-12 11:30:00+00:00,-0.05738279383598921
2018-11-12 12:00:00+00:00,-0.0578445182441627
2018-11-12 12:30:00+00:00,-0.05830624265233619
2018-11-12 13:00:00+00:00,-0.05876796706050946
2018-11-12 13:30:00+00:00,-0.059229691468682955
2018-11-12 14:00:00+00:00,-0.059691415876856446
2018-11-12 14:30:00+00:00,-0.060153140285029716
2018-11-12 15:00:00+00:00,-0.06061486469320321
2018-11-12 15:30:00+00:00,-0.06107658910137648
2018-11-12 16:00:00+00:00,-0.06153831350954997
2018-11-12 16:30:00+00:00,-0.06200003791772346
2018-11-12 17:00:00+00:00,-0.06246176232589673
2018-11-12 17:30:00+00:00,-0.06292348673407022
2018-11-12 18:00:00+00:00,-0.06338521114224371
2018-11-12 18:30:00+00:00,-0.06384693555041698
2018-11-12 19:00:00+00:00,-0.06430865995859048
2018-11-12 19:30:00+00:00,-0.06477038436676397
2018-11-12 20:00:00+00:00,-0.06523210877493724
2018-11-12 20:30:00+00:00,-0.06569383318311073
2018-11-12 21:00:00+00:00,-0.066155557591284
2018-11-12 21:30:00+00:00,-0.06661728199945749
2018-11-12 22:00:00+00:00,-0.06707900640763098
2018-11-12 22:30:00+00:00,-0.06754073081580425
2018-11-12 23:00:00+00:00,-0.06800245522397774
2018-11-12 23:30:00+00:00,-0.06846417963215123
2018-11-13 00:00:00+00:00,-0.0689259040403245
2018-11-13 00:30:00+00:00,-0.069387628448498
2018-11-13 01:00:00+00:00,-0.06984935285667149
2018-11-13 01:30:00+00:00,-0.07031107726484476
2018-11-13 02:00:00+00:00,-0.07077280167301825
2018-11-13 02:30:00+00:00,-0.07123452608119152
2018-11-13 03:00:00+00:00,-0.07169625048936501
2018-11-13 03:30:00+00:00,-0.0721579748975385
2018-11-13 04:00:00+00:00,-0.07261969930571177
2018-11-13 04:30:00+00:00,-0.07308142371388526
2018-11-13 05:00:00+00:00,-0.07354314812205875
2018-11-13 05:30:00+00:00,-0.07400487253023202
2018-11-13 06:00:00+00:00,-0.07446659693840552
2018-11-13 06:30:00+00:00,-0.07492832134657901
2018-11-13 07:00:00+00:00,-0.07539004575475228
2018-11-13 07:30:00+00:00,-0.07585177016292577
2018-11-13 08:00:00+00:00,-0.07631349457109904
2018-11-13 08:30:00+00:00,-0.07677521897927253
2018-11-13 09:00:00+00:00,-0.07723694338744602
2018-11-13 09:30:00+00:00,-0.07769866779561929
2018-11-13 10:00:00+00:00,-0.07816039220379278
2018-11-13 10:30:00+00:00,-0.07862211661196628
2018-11-13 11:00:00+00:00,-0.07908384102013954
2018-11-13 11:30:00+00:00,-0.07954556542831304
2018-11-13 12:00:00+00:00,-0.08000728983648653
2018-11-13 12:30:00+00:00,-0.0804690142446598
2018-11-13 13:00:00+00:00,-0.08093073865283329
2018-11-13 13:30:00+00:00,-0.08139246306100678
2018-11-13 14:00:00+00:00,-0.08185418746918005
2018-11-13 14:30:00+00:00,-0.08231591187735354
2018-11-13 15:00:00+00:00,-0.08277763628552681
2018-11-13 15:30:00+00:00,-0.0832393606937003
2018-11-13 16:00:00+00:00,-0.0837010851018738
2018-11-13 16:30:00+00:00,-0.08416280951004707
2018-11-13 17:00:00+00:00,-0.08462453391822056
2018-11-13 17:30:00+00:00,-0.08508625832639405
2018-11-13 18:00:00+00:00,-0.08554798273456732
2018-11-13 18:30:00+00:00,-0.08600970714274081
2018-11-13 19:00:00+00:00,-0.0864714315509143
2018-11-13 19:30:00+00:00,-0.08693315595908757
2018-11-13 20:00:00+00:00,-0.08739488036726106
2018-11-13 20:30:00+00:00,-0.08785660477543433
2018-11-13 21:00:00+00:00,-0.08831832918360782
2018-11-13 21:30:00+00:00,-0.08878005359178132
2018-11-13 22:00:00+00:00,-0.08924177799995459
2018-11-13 22:30:00+00:00,-0.08970350240812808
2018-11-13 23:00:00+00:00,-0.09016522681630157
2018-11-13 23:30:00+00:00,-0.09062695122447484
2018-11-14 00:00:00+00:00,-0.09108867563264833
2018-11-14 00:30:00+00:00,-0.09155040004082182
2018-11-14 01:00:00+00:00,-0.09201212444899509
2018-11-14 01:30:00+00:00,-0.09247384885716858
2018-11-14 02:00:00+00:00,-0.09293557326534185
2018-11-14 02:30:00+00:00,-0.09339729767351534
2018-11-14 03:00:00+00:00,-0.09385902208168884
2018-11-14 03:30:00+00:00,-0.0943207464898621
2018-11-14 04:00:00+00:00,-0.0947824708980356
2018-11-14 04:30:00+00:00,-0.09524419530620909
2018-11-14 05:00:00+00:00,-0.09570591971438236
2018-11-14 05:30:00+00:00,-0.09616764412255585
2018-11-14 06:00:00+00:00,-0.09662936853072934
2018-11-14 06:30:00+00:00,-0.09709109293890261
2018-11-14 07:00:00+00:00,-0.0975528173470761
2018-11-14 07:30:00+00:00,-0.0980145417552496
2018-11-14 08:00:00+00:00,-0.09847626616342287
2018-11-14 08:30:00+00:00,-0.09893799057159636
2018-11-14 09:00:00+00:00,-0.09939971497976963
2018-11-14 09:30:00+00:00,-0.09986143938794312
2018-11-14 10:00:00+00:00,-0.10032316379611661
2018-11-14 10:30:00+00:00,-0.10078488820428988
2018-11-14 11:00:00+00:00,-0.10124661261246337
2018-11-14 11:30:00+00:00,-0.10170833702063686
2018-11-14 12:00:00+00:00,-0.10217006142881013
2018-11-14 12:30:00+00:00,-0.10263178583698362
2018-11-14 13:00:00+00:00,-0.10309351024515712
2018-11-14 13:30:00+00:00,-0.10355523465333039
2018-11-14 14:00:00+00:00,-0.10401695906150388
2018-11-14 14:30:00+00:00,-0.10447868346967715
2018-11-14 15:00:00+00:00,-0.10494040787785064
2018-11-14 15:30:00+00:00,-0.10540213228602413
2018-11-14 16:00:00+00:00,-0.1058638566941974
2018-11-14 16:30:00+00:00,-0.10632558110237089
2018-11-14 17:00:00+00:00,-0.10678730551054438
2018-11-14 17:30:00+00:00,-0.10724902991871765
2018-11-14 18:00:00+00:00,-0.10771075432689114
2018-11-14 18:30:00+00:00,-0.10817247873506464
2018-11-14 19:00:00+00:00,-0.1086342031432379
2018-11-14 19:30:00+00:00,-0.1090959275514114
2018-11-14 20:00:00+00:00,-0.10955765195958467
2018-11-14 20:30:00+00:00,-0.11001937636775816
2018-11-14 21:00:00+00:00,-0.11048110077593165
2018-11-14 21:30:00+00:00,-0.11094282518410492
2018-11-14 22:00:00+00:00,-0.11140454959227841
2018-11-14 22:30:00+00:00,-0.1118662740004519
2018-11-14 23:00:00+00:00,-0.11232799840862517
2018-11-14 23:30:00+00:00,-0.11278972281679867
2018-11-15 00:00:00+00:00,-0.11325144722497216
2018-11-15 00:30:00+00:00,-0.11371317163314543
2018-11-15 01:00:00+00:00,-0.11417489604131892
2018-11-15 01:30:00+00:00,-0.11463662044949219
2018-11-15 02:00:00+00:00,-0.11509834485766568
2018-11-15 02:30:00+00:00,-0.11556006926583917
2018-11-15 03:00:00+00:00,-0.11602179367401244
2018-11-15 03:30:00+00:00,-0.11648351808218593
2018-11-15 04:00:00+00:00,-0.11694524249035942
2018-11-15 04:30:00+00:00,-0.1174069668985327
2018-11-15 05:00:00+00:00,-0.11786869130670619
2018-11-15 05:30:00+00:00,-0.11833041571487968
2018-11-15 06:00:00+00:00,-0.11879214012305295
2018-11-15 06:30:00+00:00,-0.11925386453122644
2018-11-15 07:00:00+00:00,-0.11971558893939993
2018-11-15 07:30:00+00:00,-0.1201773133475732
2018-11-15 08:00:00+00:00,-0.12063903775574669
2018-11-15 08:30:00+00:00,-0.12110076216391996
2018-11-15 09:00:00+00:00,-0.12156248657209345
2018-11-15 09:30:00+00:00,-0.12202421098026695
2018-11-15 10:00:00+00:00,-0.12248593538844021
2018-11-15 10:30:00+00:00,-0.1229476597966137
2018-11-15 11:00:00+00:00,-0.1234093842047872
2018-11-15 11:30:00+00:00,-0.12387110861296047
2018-11-15 12:00:00+00:00,-0.12433283302113396
2018-11-15 12:30:00+00:00,-0.12479455742930745
2018-11-15 13:00:00+00:00,-0.12525628183748072
2018-11-15 13:30:00+00:00,-0.1257180062456542
2018-11-15 14:00:00+00:00,-0.12617973065382748
2018-11-15 14:30:00+00:00,-0.12664145506200097
2018-11-15 15:00:00+00:00,-0.12710317947017447
2018-11-15 15:30:00+00:00,-0.12756490387834774
2018-11-15 16:00:00+00:00,-0.12802662828652123
2018-11-15 16:30:00+00:00,-0.12848835269469472
2018-11-15 17:00:00+00:00,-0.128950077102868
2018-11-15 17:30:00+00:00,-0.12941180151104148
2018-11-15 18:00:00+00:00,-0.12987352591921497
2018-11-15 18:30:00+00:00,-0.13033525032738824
2018-11-15 19:00:00+00:00,-0.13079697473556173
2018-11-15 19:30:00+00:00,-0.131258699143735
2018-11-15 20:00:00+00:00,-0.1317204235519085
2018-11-15 20:30:00+00:00,-0.13218214796008199
2018-11-15 21:00:00+00:00,-0.13264387236825526
2018-11-15 21:30:00+00:00,-0.13310559677642875
2018-11-15 22:00:00+00:00,-0.13356732118460224
2018-11-15 22:30:00+00:00,-0.1340290455927755
2018-11-15 23:00:00+00:00,-0.134490770000949
2018-11-15 23:30:00+00:00,-0.1349524944091225
2018-11-16 00:00:00+00:00,-0.13541421881729576
2018-11-16 00:30:00+00:00,-0.13587594322546925
2018-11-16 01:00:00+00:00,-0.13633766763364275
2018-11-16 01:30:00+00:00,-0.13679939204181601
2018-11-16 02:00:00+00:00,-0.1372611164499895
2018-11-16 02:30:00+00:00,-0.13772284085816278
2018-11-16 03:00:00+00:00,-0.13818456526633627
2018-11-16 03:30:00+00:00,-0.13864628967450976
2018-11-16 04:00:00+00:00,-0.13910801408268303
2018-11-16 04:30:00+00:00,-0.13956973849085652
2018-11-16 05:00:00+00:00,-0.14003146289903
2018-11-16 05:30:00+00:00,-0.14049318730720328
2018-11-16 06:00:00+00:00,-0.14095491171537677
2018-11-16 06:30:00+00:00,-0.14141663612355027
2018-11-16 07:00:00+00:00,-0.14187836053172354
2018-11-16 07:30:00+00:00,-0.14234008493989703
2018-11-16 08:00:00+00:00,-0.1428018093480703
2018-11-16 08:30:00+00:00,-0.1432635337562438
2018-11-16 09:00:00+00:00,-0.14372525816441728
2018-11-16 09:30:00+00:00,-0.14418698257259055
2018-11-16 10:00:00+00:00,-0.14464870698076404
2018-11-16 10:30:00+00:00,-0.14511043138893753
2018-11-16 11:00:00+00:00,-0.1455721557971108
2018-11-16 11:30:00+00:00,-0.1460338802052843
2018-11-16 12:00:00+00:00,-0.14649560461345779
2018-11-16 12:30:00+00:00,-0.14695732902163106
2018-11-16 13:00:00+00:00,-0.14741905342980455
2018-11-16 13:30:00+00:00,-0.14788077783797782
2018-11-16 14:00:00+00:00,-0.1483425022461513
2018-11-16 14:30:00+00:00,-0.1488042266543248
2018-11-16 15:00:00+00:00,-0.14926595106249807
2018-11-16 15:30:00+00:00,-0.14972767547067156
2018-11-16 16:00:00+00:00,-0.15018939987884505
2018-11-16 16:30:00+00:00,-0.15065112428701832
2018-11-16 17:00:00+00:00,-0.15111284869519181
2018-11-16 17:30:00+00:00,-0.1515745731033653
2018-11-16 18:00:00+00:00,-0.15203629751153858
2018-11-16 18:30:00+00:00,-0.15249802191971207
2018-11-16 19:00:00+00:00,-0.15295974632788534
2018-11-16 19:30:00+00:00,-0.15342147073605883
2018-11-16 20:00:00+00:00,-0.15388319514423232
2018-11-16 20:30:00+00:00,-0.1543449195524056
2018-11-16 21:00:00+00:00,-0.15480664396057908
2018-11-16 21:30:00+00:00,-0.15526836836875257
2018-11-16 22:00:00+00:00,-0.15573009277692584
2018-11-16 22:30:00+00:00,-0.15619181718509934
2018-11-16 23:00:00+00:00,-0.15665354159327283
2018-11-16 23:30:00+00:00,-0.1571152660014461
2018-11-17 00:00:00+00:00,-0.1575769904096196
2018-11-17 00:30:00+00:00,-0.15803871481779308
2018-11-17 01:00:00+00:00,-0.15850043922596635
2018-11-17 01:30:00+00:00,-0.15896216363413984
2018-11-17 02:00:00+00:00,-0.1594238880423131
2018-11-17 02:30:00+00:00,-0.1598856124504866
2018-11-17 03:00:00+00:00,-0.1603473368586601
2018-11-17 03:30:00+00:00,-0.16080906126683336
2018-11-17 04:00:00+00:00,-0.16127078567500686
2018-11-17 04:30:00+00:00,-0.16173251008318035
2018-11-17 05:00:00+00:00,-0.16219423449135362
2018-11-17 05:30:00+00:00,-0.1626559588995271
2018-11-17 06:00:00+00:00,-0.1631176833077006
2018-11-17 06:30:00+00:00,-0.16357940771587387
2018-11-17 07:00:00+00:00,-0.16404113212404736
2018-11-17 07:30:00+00:00,-0.16450285653222063
2018-11-17 08:00:00+00:00,-0.16496458094039412
2018-11-17 08:30:00+00:00,-0.16542630534856761
2018-11-17 09:00:00+00:00,-0.16588802975674088
2018-11-17 09:30:00+00:00,-0.16634975416491438
2018-11-17 10:00:00+00:00,-0.16681147857308787
2018-11-17 10:30:00+00:00,-0.16727320298126114
2018-11-17 11:00:00+00:00,-0.16773492738943463
2018-11-17 11:30:00+00:00,-0.16819665179760812
2018-11-17 12:00:00+00:00,-0.1686583762057814
2018-11-17 12:30:00+00:00,-0.16912010061395488
2018-11-17 13:00:00+00:00,-0.16958182502212815
2018-11-17 13:30:00+00:00,-0.17004354943030164
2018-11-17 14:00:00+00:00,-0.17050527383847514
2018-11-17 14:30:00+00:00,-0.1709669982466484
2018-11-17 15:00:00+00:00,-0.1714287226548219
2018-11-17 15:30:00+00:00,-0.1718904470629954
2018-11-17 16:00:00+00:00,-0.17235217147116866
2018-11-17 16:30:00+00:00,-0.17281389587934215
2018-11-17 17:00:00+00:00,-0.17327562028751564
2018-11-17 17:30:00+00:00,-0.1737373446956889
2018-11-17 18:00:00+00:00,-0.1741990691038624
2018-11-17 18:30:00+00:00,-0.1746607935120359
2018-11-17 19:00:00+00:00,-0.17512251792020916
2018-11-17 19:30:00+00:00,-0.17558424232838266
2018-11-17 20:00:00+00:00,-0.17604596673655593
2018-11-17 20:30:00+00:00,-0.17650769114472942
2018-11-17 21:00:00+00:00,-0.1769694155529029
2018-11-17 21:30:00+00:00,-0.17743113996107618
2018-11-17 22:00:00+00:00,-0.17789286436924967
2018-11-17 22:30:00+00:00,-0.17835458877742316
2018-11-17 23:00:00+00:00,-0.17881631318559643
2018-11-17 23:30:00+00:00,-0.17927803759376992
2018-11-18 00:00:00+00:00,-0.17973976200194342
2018-11-18 00:30:00+00:00,-0.18020148641011668
2018-11-18 01:00:00+00:00,-0.18066321081829018
2018-11-18 01:30:00+00:00,-0.18112493522646345
2018-11-18 02:00:00+00:00,-0.18158665963463694
2018-11-18 02:30:00+00:00,-0.18204838404281043
2018-11-18 03:00:00+00:00,-0.1825101084509837
2018-11-18 03:30:00+00:00,-0.1829718328591572
2018-11-18 04:00:00+00:00,-0.18343355726733068
2018-11-18 04:30:00+00:00,-0.18389528167550395
2018-11-18 05:00:00+00:00,-0.18435700608367744
2018-11-18 05:30:00+00:00,-0.18481873049185094
2018-11-18 06:00:00+00:00,-0.1852804549000242
2018-11-18 06:30:00+00:00,-0.1857421793081977
2018-11-18 07:00:00+00:00,-0.18620390371637097
2018-11-18 07:30:00+00:00,-0.18666562812454446
2018-11-18 08:00:00+00:00,-0.18712735253271795
2018-11-18 08:30:00+00:00,-0.18758907694089122
2018-11-18 09:00:00+00:00,-0.1880508013490647
2018-11-18 09:30:00+00:00,-0.1885125257572382
2018-11-18 10:00:00+00:00,-0.18897425016541147
2018-11-18 10:30:00+00:00,-0.18943597457358496
2018-11-18 11:00:00+00:00,-0.18989769898175846
2018-11-18 11:30:00+00:00,-0.19035942338993173
2018-11-18 12:00:00+00:00,-0.19082114779810522
2018-11-18 12:30:00+00:00,-0.1912828722062785
2018-11-18 13:00:00+00:00,-0.19174459661445198
2018-11-18 13:30:00+00:00,-0.19220632102262547
2018-11-18 14:00:00+00:00,-0.19266804543079874
2018-11-18 14:30:00+00:00,-0.19312976983897223
2018-11-18 15:00:00+00:00,-0.19359149424714572
2018-11-18 15:30:00+00:00,-0.194053218655319
2018-11-18 16:00:00+00:00,-0.19451494306349248
2018-11-18 16:30:00+00:00,-0.19497666747166598
2018-11-18 17:00:00+00:00,-0.19543839187983925
2018-11-18 17:30:00+00:00,-0.19590011628801274
2018-11-18 18:00:00+00:00,-0.19636184069618623
2018-11-18 18:30:00+00:00,-0.1968235651043595
2018-11-18 19:00:00+00:00,-0.197285289512533
2018-11-18 19:30:00+00:00,-0.19774701392070626
2018-11-18 20:00:00+00:00,-0.19820873832887975
2018-11-18 20:30:00+00:00,-0.19867046273705324
2018-11-18 21:00:00+00:00,-0.1991321871452265
2018-11-18 21:30:00+00:00,-0.1995939115534
2018-11-18 22:00:00+00:00,-0.2000556359615735
2018-11-18 22:30:00+00:00,-0.20051736036974677
2018-11-18 23:00:00+00:00,-0.20097908477792026
2018-11-18 23:30:00+00:00,-0.20144080918609375
2018-11-19 00:00:00+00:00,-0.20190253359426702
2018-11-19 00:30:00+00:00,-0.2023642580024405
2018-11-19 01:00:00+00:00,-0.20282598241061378
2018-11-19 01:30:00+00:00,-0.20328770681878727
2018-11-19 02:00:00+00:00,-0.20374943122696076
2018-11-19 02:30:00+00:00,-0.20421115563513403
2018-11-19 03:00:00+00:00,-0.20467288004330753
2018-11-19 03:30:00+00:00,-0.20513460445148102
2018-11-19 04:00:00+00:00,-0.2055963288596543
2018-11-19 04:30:00+00:00,-0.20605805326782778
2018-11-19 05:00:00+00:00,-0.20651977767600127
2018-11-19 05:30:00+00:00,-0.20698150208417454
2018-11-19 06:00:00+00:00,-0.20744322649234803
2018-11-19 06:30:00+00:00,-0.2079049509005213
2018-11-19 07:00:00+00:00,-0.2083666753086948
2018-11-19 07:30:00+00:00,-0.20882839971686828
2018-11-19 08:00:00+00:00,-0.20929012412504155
2018-11-19 08:30:00+00:00,-0.20975184853321505
2018-11-19 09:00:00+00:00,-0.21021357294138854
2018-11-19 09:30:00+00:00,-0.2106752973495618
2018-11-19 10:00:00+00:00,-0.2111370217577353
2018-11-19 10:30:00+00:00,-0.2115987461659088
2018-11-19 11:00:00+00:00,-0.21206047057408206
2018-11-19 11:30:00+00:00,-0.21252219498225555
2018-11-19 12:00:00+00:00,-0.21298391939042904
2018-11-19 12:30:00+00:00,-0.2134456437986023
2018-11-19 13:00:00+00:00,-0.2139073682067758
2018-11-19 13:30:00+00:00,-0.21436909261494907
2018-11-19 14:00:00+00:00,-0.21483081702312257
2018-11-19 14:30:00+00:00,-0.21529254143129606
2018-11-19 15:00:00+00:00,-0.21575426583946933
2018-11-19 15:30:00+00:00,-0.21621599024764282
2018-11-19 16:00:00+00:00,-0.2166777146558163
2018-11-19 16:30:00+00:00,-0.21713943906398958
2018-11-19 17:00:00+00:00,-0.21760116347216307
2018-11-19 17:30:00+00:00,-0.21806288788033656
2018-11-19 18:00:00+00:00,-0.21852461228850983
2018-11-19 18:30:00+00:00,-0.21898633669668333
2018-11-19 19:00:00+00:00,-0.2194480611048566
2018-11-19 19:30:00+00:00,-0.2199097855130301
2018-11-19 20:00:00+00:00,-0.22037150992120358
2018-11-19 20:30:00+00:00,-0.22083323432937685
2018-11-19 21:00:00+00:00,-0.22129495873755034
2018-11-19 21:30:00+00:00,-0.22175668314572383
2018-11-19 22:00:00+00:00,-0.2222184075538971
2018-11-19 22:30:00+00:00,-0.2226801319620706
2018-11-19 23:00:00+00:00,-0.22314185637024408
2018-11-19 23:30:00+00:00,-0.22360358077841735
2018-11-20 00:00:00+00:00,-0.22406530518659085
2018-11-20 00:30:00+00:00,-0.22452702959476412
2018-11-20 01:00:00+00:00,-0.2249887540029376
2018-11-20 01:30:00+00:00,-0.2254504784111111
2018-11-20 02:00:00+00:00,-0.22591220281928437
2018-11-20 02:30:00+00:00,-0.22637392722745786
2018-11-20 03:00:00+00:00,-0.22683565163563135
2018-11-20 03:30:00+00:00,-0.22729737604380462
2018-11-20 04:00:00+00:00,-0.2277591004519781
2018-11-20 04:30:00+00:00,-0.2282208248601516
2018-11-20 05:00:00+00:00,-0.22868254926832488
2018-11-20 05:30:00+00:00,-0.22914427367649837
2018-11-20 06:00:00+00:00,-0.22960599808467164
2018-11-20 06:30:00+00:00,-0.23006772249284513
2018-11-20 07:00:00+00:00,-0.23052944690101862
2018-11-20 07:30:00+00:00,-0.2309911713091919
2018-11-20 08:00:00+00:00,-0.23145289571736538
2018-11-20 08:30:00+00:00,-0.23191462012553887
2018-11-20 09:00:00+00:00,-0.23237634453371214
2018-11-20 09:30:00+00:00,-0.23283806894188563
2018-11-20 10:00:00+00:00,-0.23329979335005913
2018-11-20 10:30:00+00:00,-0.2337615177582324
2018-11-20 11:00:00+00:00,-0.2342232421664059
2018-11-20 11:30:00+00:00,-0.23468496657457938
2018-11-20 12:00:00+00:00,-0.23514669098275265
2018-11-20 12:30:00+00:00,-0.23560841539092614
2018-11-20 13:00:00+00:00,-0.2360701397990994
2018-11-20 13:30:00+00:00,-0.2365318642072729
2018-11-20 14:00:00+00:00,-0.2369935886154464
2018-11-20 14:30:00+00:00,-0.23745531302361966
2018-11-20 15:00:00+00:00,-0.23791703743179315
2018-11-20 15:30:00+00:00,-0.23837876183996665
2018-11-20 16:00:00+00:00,-0.23884048624813992
2018-11-20 16:30:00+00:00,-0.2393022106563134
2018-11-20 17:00:00+00:00,-0.2397639350644869
2018-11-20 17:30:00+00:00,-0.24022565947266017
2018-11-20 18:00:00+00:00,-0.24068738388083366
2018-11-20 18:30:00+00:00,-0.24114910828900693
2018-11-20 19:00:00+00:00,-0.24161083269718042
2018-11-20 19:30:00+00:00,-0.2420725571053539
2018-11-20 20:00:00+00:00,-0.24253428151352718
2018-11-20 20:30:00+00:00,-0.24299600592170068
2018-11-20 21:00:00+00:00,-0.24345773032987417
2018-11-20 21:30:00+00:00,-0.24391945473804744
2018-11-20 22:00:00+00:00,-0.24438117914622093
2018-11-20 22:30:00+00:00,-0.24484290355439442
2018-11-20 23:00:00+00:00,-0.2453046279625677
2018-11-20 23:30:00+00:00,-0.24576635237074118
2018-11-21 00:00:00+00:00,-0.24622807677891445
2018-11-21 00:30:00+00:00,-0.24668980118708794
2018-11-21 01:00:00+00:00,-0.24715152559526143
2018-11-21 01:30:00+00:00,-0.2476132500034347
2018-11-21 02:00:00+00:00,-0.2480749744116082
2018-11-21 02:30:00+00:00,-0.2485366988197817
2018-11-21 03:00:00+00:00,-0.24899842322795496
2018-11-21 03:30:00+00:00,-0.24946014763612845
2018-11-21 04:00:00+00:00,-0.24992187204430194
2018-11-21 04:30:00+00:00,-0.2503835964524752
2018-11-21 05:00:00+00:00,-0.2508453208606487
2018-11-21 05:30:00+00:00,-0.2513070452688222
2018-11-21 06:00:00+00:00,-0.25176876967699546
2018-11-21 06:30:00+00:00,-0.25223049408516895
2018-11-21 07:00:00+00:00,-0.2526922184933422
2018-11-21 07:30:00+00:00,-0.2531539429015157
2018-11-21 08:00:00+00:00,-0.2536156673096892
2018-11-21 08:30:00+00:00,-0.2540773917178625
2018-11-21 09:00:00+00:00,-0.25453911612603597
2018-11-21 09:30:00+00:00,-0.25500084053420946
2018-11-21 10:00:00+00:00,-0.25546256494238273
2018-11-21 10:30:00+00:00,-0.2559242893505562
2018-11-21 11:00:00+00:00,-0.2563860137587297
2018-11-21 11:30:00+00:00,-0.256847738166903
2018-11-21 12:00:00+00:00,-0.2573094625750765
2018-11-21 12:30:00+00:00,-0.25777118698324974
2018-11-21 13:00:00+00:00,-0.25823291139142324
2018-11-21 13:30:00+00:00,-0.25869463579959673
2018-11-21 14:00:00+00:00,-0.25915636020777
2018-11-21 14:30:00+00:00,-0.2596180846159435
2018-11-21 15:00:00+00:00,-0.260079809024117
2018-11-21 15:30:00+00:00,-0.26054153343229025
2018-11-21 16:00:00+00:00,-0.26100325784046374
2018-11-21 16:30:00+00:00,-0.26146498224863723
2018-11-21 17:00:00+00:00,-0.2619267066568105
2018-11-21 17:30:00+00:00,-0.262388431064984
2018-11-21 18:00:00+00:00,-0.26285015547315727
2018-11-21 18:30:00+00:00,-0.26331187988133076
2018-11-21 19:00:00+00:00,-0.26377360428950425
2018-11-21 19:30:00+00:00,-0.2642353286976775
2018-11-21 20:00:00+00:00,-0.264697053105851
2018-11-21 20:30:00+00:00,-0.2651587775140245
2018-11-21 21:00:00+00:00,-0.26562050192219777
2018-11-21 21:30:00+00:00,-0.26608222633037126
2018-11-21 22:00:00+00:00,-0.26654395073854475
2018-11-21 22:30:00+00:00,-0.267005675146718
2018-11-21 23:00:00+00:00,-0.2674673995548915
2018-11-21 23:30:00+00:00,-0.2679291239630648
2018-11-22 00:00:00+00:00,-0.2683908483712383
2018-11-22 00:30:00+00:00,-0.26885257277941177
2018-11-22 01:00:00+00:00,-0.26931429718758504
2018-11-22 01:30:00+00:00,-0.26977602159575853
2018-11-22 02:00:00+00:00,-0.270237746003932
2018-11-22 02:30:00+00:00,-0.2706994704121053
2018-11-22 03:00:00+00:00,-0.2711611948202788
2018-11-22 03:30:00+00:00,-0.2716229192284523
2018-11-22 04:00:00+00:00,-0.27208464363662554
2018-11-22 04:30:00+00:00,-0.27254636804479904
2018-11-22 05:00:00+00:00,-0.27300809245297253
2018-11-22 05:30:00+00:00,-0.2734698168611458
2018-11-22 06:00:00+00:00,-0.2739315412693193
2018-11-22 06:30:00+00:00,-0.27439326567749256
2018-11-22 07:00:00+00:00,-0.27485499008566605
2018-11-22 07:30:00+00:00,-0.27531671449383954
2018-11-22 08:00:00+00:00,-0.2757784389020128
2018-11-22 08:30:00+00:00,-0.2762401633101863
2018-11-22 09:00:00+00:00,-0.2767018877183598
2018-11-22 09:30:00+00:00,-0.27716361212653307
2018-11-22 10:00:00+00:00,-0.27762533653470656
2018-11-22 10:30:00+00:00,-0.27808706094288005
2018-11-22 11:00:00+00:00,-0.2785487853510533
2018-11-22 11:30:00+00:00,-0.2790105097592268
2018-11-22 12:00:00+00:00,-0.2794722341674001
2018-11-22 12:30:00+00:00,-0.27993395857557357
2018-11-22 13:00:00+00:00,-0.28039568298374706
2018-11-22 13:30:00+00:00,-0.28085740739192033
2018-11-22 14:00:00+00:00,-0.2813191318000938
2018-11-22 14:30:00+00:00,-0.2817808562082673
2018-11-22 15:00:00+00:00,-0.2822425806164406
2018-11-22 15:30:00+00:00,-0.2827043050246141
2018-11-22 16:00:00+00:00,-0.28316602943278757
2018-11-22 16:30:00+00:00,-0.28362775384096084
2018-11-22 17:00:00+00:00,-0.28408947824913433
2018-11-22 17:30:00+00:00,-0.2845512026573076
2018-11-22 18:00:00+00:00,-0.2850129270654811
2018-11-22 18:30:00+00:00,-0.2854746514736546
2018-11-22 19:00:00+00:00,-0.28593637588182785
2018-11-22 19:30:00+00:00,-0.28639810029000135
2018-11-22 20:00:00+00:00,-0.28685982469817484
2018-11-22 20:30:00+00:00,-0.2873215491063481
2018-11-22 21:00:00+00:00,-0.2877832735145216
2018-11-22 21:30:00+00:00,-0.2882449979226951
2018-11-22 22:00:00+00:00,-0.28870672233086836
2018-11-22 22:30:00+00:00,-0.28916844673904185
2018-11-22 23:00:00+00:00,-0.28963017114721534
2018-11-22 23:30:00+00:00,-0.2900918955553886
2018-11-23 00:00:00+00:00,-0.2905536199635621
2018-11-23 00:30:00+00:00,-0.2910153443717354
2018-11-23 01:00:00+00:00,-0.29147706877990887
2018-11-23 01:30:00+00:00,-0.29193879318808236
2018-11-23 02:00:00+00:00,-0.2924005175962556
2018-11-23 02:30:00+00:00,-0.2928622420044291
2018-11-23 03:00:00+00:00,-0.2933239664126026
2018-11-23 03:30:00+00:00,-0.2937856908207759
2018-11-23 04:00:00+00:00,-0.29424741522894937
2018-11-23 04:30:00+00:00,-0.29470913963712286
2018-11-23 05:00:00+00:00,-0.29517086404529613
2018-11-23 05:30:00+00:00,-0.2956325884534696
2018-11-23 06:00:00+00:00,-0.2960943128616429
2018-11-23 06:30:00+00:00,-0.2965560372698164
2018-11-23 07:00:00+00:00,-0.2970177616779899
2018-11-23 07:30:00+00:00,-0.29747948608616315
2018-11-23 08:00:00+00:00,-0.29794121049433664
2018-11-23 08:30:00+00:00,-0.29840293490251013
2018-11-23 09:00:00+00:00,-0.2988646593106834
2018-11-23 09:30:00+00:00,-0.2993263837188569
2018-11-23 10:00:00+00:00,-0.2997881081270304
2018-11-23 10:30:00+00:00,-0.30024983253520365
2018-11-23 11:00:00+00:00,-0.30071155694337715
2018-11-23 11:30:00+00:00,-0.3011732813515504
2018-11-23 12:00:00+00:00,-0.3016350057597239
2018-11-23 12:30:00+00:00,-0.3020967301678974
2018-11-23 13:00:00+00:00,-0.30255845457607067
2018-11-23 13:30:00+00:00,-0.30302017898424416
2018-11-23 14:00:00+00:00,-0.30348190339241765
2018-11-23 14:30:00+00:00,-0.3039436278005909
2018-11-23 15:00:00+00:00,-0.3044053522087644
2018-11-23 15:30:00+00:00,-0.3048670766169379
2018-11-23 16:00:00+00:00,-0.3053288010251112
2018-11-23 16:30:00+00:00,-0.30579052543328467
2018-11-23 17:00:00+00:00,-0.30625224984145794
2018-11-23 17:30:00+00:00,-0.3067139742496314
2018-11-23 18:00:00+00:00,-0.3071756986578049
2018-11-23 18:30:00+00:00,-0.3076374230659782
2018-11-23 19:00:00+00:00,-0.3080991474741517
2018-11-23 19:30:00+00:00,-0.30856087188232517
2018-11-23 20:00:00+00:00,-0.30902259629049844
2018-11-23 20:30:00+00:00,-0.30948432069867193
2018-11-23 21:00:00+00:00,-0.3099460451068454
2018-11-23 21:30:00+00:00,-0.3104077695150187
2018-11-23 22:00:00+00:00,-0.3108694939231922
2018-11-23 22:30:00+00:00,-0.3113312183313657
2018-11-23 23:00:00+00:00,-0.31179294273953895
2018-11-23 23:30:00+00:00,-0.31225466714771244
2018-11-24 00:00:00+00:00,-0.3127163915558857
2018-11-24 00:30:00+00:00,-0.3131781159640592
2018-11-24 01:00:00+00:00,-0.3136398403722327
2018-11-24 01:30:00+00:00,-0.31410156478040596
2018-11-24 02:00:00+00:00,-0.31456328918857945
2018-11-24 02:30:00+00:00,-0.31502501359675295
2018-11-24 03:00:00+00:00,-0.3154867380049262
2018-11-24 03:30:00+00:00,-0.3159484624130997
2018-11-24 04:00:00+00:00,-0.3164101868212732
2018-11-24 04:30:00+00:00,-0.31687191122944647
2018-11-24 05:00:00+00:00,-0.31733363563761996
2018-11-24 05:30:00+00:00,-0.31779536004579323
2018-11-24 06:00:00+00:00,-0.3182570844539667
2018-11-24 06:30:00+00:00,-0.3187188088621402
2018-11-24 07:00:00+00:00,-0.3191805332703135
2018-11-24 07:30:00+00:00,-0.319642257678487
2018-11-24 08:00:00+00:00,-0.32010398208666047
2018-11-24 08:30:00+00:00,-0.32056570649483374
2018-11-24 09:00:00+00:00,-0.3210274309030072
2018-11-24 09:30:00+00:00,-0.3214891553111807
2018-11-24 10:00:00+00:00,-0.321950879719354
2018-11-24 10:30:00+00:00,-0.3224126041275275
2018-11-24 11:00:00+00:00,-0.32287432853570075
2018-11-24 11:30:00+00:00,-0.32333605294387424
2018-11-24 12:00:00+00:00,-0.32379777735204773
2018-11-24 12:30:00+00:00,-0.324259501760221
2018-11-24 13:00:00+00:00,-0.3247212261683945
2018-11-24 13:30:00+00:00,-0.325182950576568
2018-11-24 14:00:00+00:00,-0.32564467498474126
2018-11-24 14:30:00+00:00,-0.32610639939291475
2018-11-24 15:00:00+00:00,-0.32656812380108824
2018-11-24 15:30:00+00:00,-0.3270298482092615
2018-11-24 16:00:00+00:00,-0.327491572617435
2018-11-24 16:30:00+00:00,-0.3279532970256085
2018-11-24 17:00:00+00:00,-0.32841502143378176
2018-11-24 17:30:00+00:00,-0.32887674584195525
2018-11-24 18:00:00+00:00,-0.3293384702501285
2018-11-24 18:30:00+00:00,-0.329800194658302
2018-11-24 19:00:00+00:00,-0.3302619190664755
2018-11-24 19:30:00+00:00,-0.3307236434746488
2018-11-24 20:00:00+00:00,-0.33118536788282227
2018-11-24 20:30:00+00:00,-0.33164709229099576
2018-11-24 21:00:00+00:00,-0.33210881669916903
2018-11-24 21:30:00+00:00,-0.3325705411073425
2018-11-24 22:00:00+00:00,-0.333032265515516
2018-11-24 22:30:00+00:00,-0.3334939899236893
2018-11-24 23:00:00+00:00,-0.3339557143318628
2018-11-24 23:30:00+00:00,-0.33441743874003604
2018-11-25 00:00:00+00:00,-0.33487916314820954
2018-11-25 00:30:00+00:00,-0.335340887556383
2018-11-25 01:00:00+00:00,-0.3358026119645563
2018-11-25 01:30:00+00:00,-0.3362643363727298
2018-11-25 02:00:00+00:00,-0.3367260607809033
2018-11-25 02:30:00+00:00,-0.33718778518907655
2018-11-25 03:00:00+00:00,-0.33764950959725004
2018-11-25 03:30:00+00:00,-0.33811123400542353
2018-11-25 04:00:00+00:00,-0.3385729584135968
2018-11-25 04:30:00+00:00,-0.3390346828217703
2018-11-25 05:00:00+00:00,-0.33949640722994356
2018-11-25 05:30:00+00:00,-0.33995813163811706
2018-11-25 06:00:00+00:00,-0.34041985604629055
2018-11-25 06:30:00+00:00,-0.3408815804544638
2018-11-25 07:00:00+00:00,-0.3413433048626373
2018-11-25 07:30:00+00:00,-0.3418050292708108
2018-11-25 08:00:00+00:00,-0.34226675367898407
2018-11-25 08:30:00+00:00,-0.34272847808715756
2018-11-25 09:00:00+00:00,-0.34319020249533105
2018-11-25 09:30:00+00:00,-0.3436519269035043
2018-11-25 10:00:00+00:00,-0.3441136513116778
2018-11-25 10:30:00+00:00,-0.3445753757198511
2018-11-25 11:00:00+00:00,-0.3450371001280246
2018-11-25 11:30:00+00:00,-0.34549882453619807
2018-11-25 12:00:00+00:00,-0.34596054894437134
2018-11-25 12:30:00+00:00,-0.34642227335254483
2018-11-25 13:00:00+00:00,-0.3468839977607183
2018-11-25 13:30:00+00:00,-0.3473457221688916
2018-11-25 14:00:00+00:00,-0.3478074465770651
2018-11-25 14:30:00+00:00,-0.3482691709852386
2018-11-25 15:00:00+00:00,-0.34873089539341184
2018-11-25 15:30:00+00:00,-0.34919261980158534
2018-11-25 16:00:00+00:00,-0.3496543442097588
2018-11-25 16:30:00+00:00,-0.3501160686179321
2018-11-25 17:00:00+00:00,-0.3505777930261056
2018-11-25 17:30:00+00:00,-0.35103951743427886
2018-11-25 18:00:00+00:00,-0.35150124184245235
2018-11-25 18:30:00+00:00,-0.35196296625062584
2018-11-25 19:00:00+00:00,-0.3524246906587991
2018-11-25 19:30:00+00:00,-0.3528864150669726
2018-11-25 20:00:00+00:00,-0.3533481394751461
2018-11-25 20:30:00+00:00,-0.35380986388331936
2018-11-25 21:00:00+00:00,-0.35427158829149286
2018-11-25 21:30:00+00:00,-0.35473331269966635
2018-11-25 22:00:00+00:00,-0.3551950371078396
2018-11-25 22:30:00+00:00,-0.3556567615160131
2018-11-25 23:00:00+00:00,-0.3561184859241864
2018-11-25 23:30:00+00:00,-0.35658021033235987
2018-11-26 00:00:00+00:00,-0.35704193474053336
2018-11-26 00:30:00+00:00,-0.35750365914870663
2018-11-26 01:00:00+00:00,-0.3579653835568801
2018-11-26 01:30:00+00:00,-0.3584271079650536
2018-11-26 02:00:00+00:00,-0.3588888323732269
2018-11-26 02:30:00+00:00,-0.3593505567814004
2018-11-26 03:00:00+00:00,-0.35981228118957387
2018-11-26 03:30:00+00:00,-0.36027400559774714
2018-11-26 04:00:00+00:00,-0.36073573000592063
2018-11-26 04:30:00+00:00,-0.3611974544140939
2018-11-26 05:00:00+00:00,-0.3616591788222674
2018-11-26 05:30:00+00:00,-0.3621209032304409
2018-11-26 06:00:00+00:00,-0.36258262763861415
2018-11-26 06:30:00+00:00,-0.36304435204678764
2018-11-26 07:00:00+00:00,-0.36350607645496114
2018-11-26 07:30:00+00:00,-0.3639678008631344
2018-11-26 08:00:00+00:00,-0.3644295252713079
2018-11-26 08:30:00+00:00,-0.3648912496794814
2018-11-26 09:00:00+00:00,-0.36535297408765466
2018-11-26 09:30:00+00:00,-0.36581469849582815
2018-11-26 10:00:00+00:00,-0.36627642290400164
2018-11-26 10:30:00+00:00,-0.3667381473121749
2018-11-26 11:00:00+00:00,-0.3671998717203484
2018-11-26 11:30:00+00:00,-0.3676615961285217
2018-11-26 12:00:00+00:00,-0.36812332053669516
2018-11-26 12:30:00+00:00,-0.36858504494486866
2018-11-26 13:00:00+00:00,-0.3690467693530419
2018-11-26 13:30:00+00:00,-0.3695084937612154
2018-11-26 14:00:00+00:00,-0.3699702181693889
2018-11-26 14:30:00+00:00,-0.3704319425775622
2018-11-26 15:00:00+00:00,-0.37089366698573567
2018-11-26 15:30:00+00:00,-0.37135539139390916
2018-11-26 16:00:00+00:00,-0.37181711580208243
2018-11-26 16:30:00+00:00,-0.3722788402102559
2018-11-26 17:00:00+00:00,-0.3727405646184292
2018-11-26 17:30:00+00:00,-0.3732022890266027
2018-11-26 18:00:00+00:00,-0.3736640134347762
2018-11-26 18:30:00+00:00,-0.37412573784294945
2018-11-26 19:00:00+00:00,-0.37458746225112294
2018-11-26 19:30:00+00:00,-0.37504918665929643
2018-11-26 20:00:00+00:00,-0.3755109110674697
2018-11-26 20:30:00+00:00,-0.3759726354756432
2018-11-26 21:00:00+00:00,-0.3764343598838167
2018-11-26 21:30:00+00:00,-0.37689608429198995
2018-11-26 22:00:00+00:00,-0.37735780870016344
2018-11-26 22:30:00+00:00,-0.3778195331083367
2018-11-26 23:00:00+00:00,-0.3782812575165102
2018-11-26 23:30:00+00:00,-0.3787429819246837
2018-11-27 00:00:00+00:00,-0.37920470633285697
2018-11-27 00:30:00+00:00,-0.37966643074103046
2018-11-27 01:00:00+00:00,-0.38012815514920395
2018-11-27 01:30:00+00:00,-0.3805898795573772
2018-11-27 02:00:00+00:00,-0.3810516039655507
2018-11-27 02:30:00+00:00,-0.3815133283737242
2018-11-27 03:00:00+00:00,-0.3819750527818975
2018-11-27 03:30:00+00:00,-0.38243677719007096
2018-11-27 04:00:00+00:00,-0.38289850159824423
2018-11-27 04:30:00+00:00,-0.3833602260064177
2018-11-27 05:00:00+00:00,-0.3838219504145912
2018-11-27 05:30:00+00:00,-0.3842836748227645
2018-11-27 06:00:00+00:00,-0.384745399230938
2018-11-27 06:30:00+00:00,-0.38520712363911147
2018-11-27 07:00:00+00:00,-0.38566884804728474
2018-11-27 07:30:00+00:00,-0.38613057245545823
2018-11-27 08:00:00+00:00,-0.3865922968636317
2018-11-27 08:30:00+00:00,-0.387054021271805
2018-11-27 09:00:00+00:00,-0.3875157456799785
2018-11-27 09:30:00+00:00,-0.387977470088152
2018-11-27 10:00:00+00:00,-0.38843919449632525
2018-11-27 10:30:00+00:00,-0.38890091890449874
2018-11-27 11:00:00+00:00,-0.389362643312672
2018-11-27 11:30:00+00:00,-0.3898243677208455
2018-11-27 12:00:00+00:00,-0.390286092129019
2018-11-27 12:30:00+00:00,-0.39074781653719226
2018-11-27 13:00:00+00:00,-0.39120954094536575
2018-11-27 13:30:00+00:00,-0.39167126535353924
2018-11-27 14:00:00+00:00,-0.3921329897617125
2018-11-27 14:30:00+00:00,-0.392594714169886
2018-11-27 15:00:00+00:00,-0.3930564385780595
2018-11-27 15:30:00+00:00,-0.39351816298623277
2018-11-27 16:00:00+00:00,-0.39397988739440626
2018-11-27 16:30:00+00:00,-0.39444161180257953
2018-11-27 17:00:00+00:00,-0.394903336210753
2018-11-27 17:30:00+00:00,-0.3953650606189265
2018-11-27 18:00:00+00:00,-0.3958267850270998
2018-11-27 18:30:00+00:00,-0.3962885094352733
2018-11-27 19:00:00+00:00,-0.39675023384344676
2018-11-27 19:30:00+00:00,-0.39721195825162003
2018-11-27 20:00:00+00:00,-0.3976736826597935
2018-11-27 20:30:00+00:00,-0.398135407067967
2018-11-27 21:00:00+00:00,-0.3985971314761403
2018-11-27 21:30:00+00:00,-0.3990588558843138
2018-11-27 22:00:00+00:00,-0.39952058029248705
2018-11-27 22:30:00+00:00,-0.39998230470066054
2018-11-27 23:00:00+00:00,-0.40044402910883403
2018-11-27 23:30:00+00:00,-0.4009057535170073
2018-11-28 00:00:00+00:00,-0.4013674779251808
2018-11-28 00:30:00+00:00,-0.4018292023333543
2018-11-28 01:00:00+00:00,-0.40229092674152755
2018-11-28 01:30:00+00:00,-0.40275265114970105
2018-11-28 02:00:00+00:00,-0.40321437555787454
2018-11-28 02:30:00+00:00,-0.4036760999660478
2018-11-28 03:00:00+00:00,-0.4041378243742213
2018-11-28 03:30:00+00:00,-0.4045995487823948
2018-11-28 04:00:00+00:00,-0.40506127319056806
2018-11-28 04:30:00+00:00,-0.40552299759874155
2018-11-28 05:00:00+00:00,-0.4059847220069148
2018-11-28 05:30:00+00:00,-0.4064464464150883
2018-11-28 06:00:00+00:00,-0.4069081708232618
2018-11-28 06:30:00+00:00,-0.4073698952314351
2018-11-28 07:00:00+00:00,-0.40783161963960857
2018-11-28 07:30:00+00:00,-0.40829334404778206
2018-11-28 08:00:00+00:00,-0.40875506845595533
2018-11-28 08:30:00+00:00,-0.4092167928641288
2018-11-28 09:00:00+00:00,-0.4096785172723023
2018-11-28 09:30:00+00:00,-0.4101402416804756
2018-11-28 10:00:00+00:00,-0.4106019660886491
2018-11-28 10:30:00+00:00,-0.41106369049682234
2018-11-28 11:00:00+00:00,-0.41152541490499583
2018-11-28 11:30:00+00:00,-0.4119871393131693
2018-11-28 12:00:00+00:00,-0.4124488637213426
2018-11-28 12:30:00+00:00,-0.4129105881295161
2018-11-28 13:00:00+00:00,-0.4133723125376896
2018-11-28 13:30:00+00:00,-0.41383403694586285
2018-11-28 14:00:00+00:00,-0.41429576135403634
2018-11-28 14:30:00+00:00,-0.41475748576220983
2018-11-28 15:00:00+00:00,-0.4152192101703831
2018-11-28 15:30:00+00:00,-0.4156809345785566
2018-11-28 16:00:00+00:00,-0.41614265898672986
2018-11-28 16:30:00+00:00,-0.41660438339490335
2018-11-28 17:00:00+00:00,-0.41706610780307685
2018-11-28 17:30:00+00:00,-0.4175278322112501
2018-11-28 18:00:00+00:00,-0.4179895566194236
2018-11-28 18:30:00+00:00,-0.4184512810275971
2018-11-28 19:00:00+00:00,-0.41891300543577037
2018-11-28 19:30:00+00:00,-0.41937472984394386
2018-11-28 20:00:00+00:00,-0.41983645425211735
2018-11-28 20:30:00+00:00,-0.4202981786602906
2018-11-28 21:00:00+00:00,-0.4207599030684641
2018-11-28 21:30:00+00:00,-0.4212216274766374
2018-11-28 22:00:00+00:00,-0.4216833518848109
2018-11-28 22:30:00+00:00,-0.42214507629298437
2018-11-28 23:00:00+00:00,-0.42260680070115764
2018-11-28 23:30:00+00:00,-0.42306852510933113
2018-11-29 00:00:00+00:00,-0.4235302495175046
2018-11-29 00:30:00+00:00,-0.4239919739256779
2018-11-29 01:00:00+00:00,-0.4244536983338514
2018-11-29 01:30:00+00:00,-0.4249154227420249
2018-11-29 02:00:00+00:00,-0.42537714715019814
2018-11-29 02:30:00+00:00,-0.42583887155837163
2018-11-29 03:00:00+00:00,-0.4263005959665451
2018-11-29 03:30:00+00:00,-0.4267623203747184
2018-11-29 04:00:00+00:00,-0.4272240447828919
2018-11-29 04:30:00+00:00,-0.42768576919106516
2018-11-29 05:00:00+00:00,-0.42814749359923865
2018-11-29 05:30:00+00:00,-0.42860921800741214
2018-11-29 06:00:00+00:00,-0.4290709424155854
2018-11-29 06:30:00+00:00,-0.4295326668237589
2018-11-29 07:00:00+00:00,-0.4299943912319324
2018-11-29 07:30:00+00:00,-0.43045611564010566
2018-11-29 08:00:00+00:00,-0.43091784004827915
2018-11-29 08:30:00+00:00,-0.43137956445645265
2018-11-29 09:00:00+00:00,-0.4318412888646259
2018-11-29 09:30:00+00:00,-0.4323030132727994
2018-11-29 10:00:00+00:00,-0.4327647376809727
2018-11-29 10:30:00+00:00,-0.43322646208914617
2018-11-29 11:00:00+00:00,-0.43368818649731966
2018-11-29 11:30:00+00:00,-0.43414991090549293
2018-11-29 12:00:00+00:00,-0.4346116353136664
2018-11-29 12:30:00+00:00,-0.4350733597218399
2018-11-29 13:00:00+00:00,-0.4355350841300132
2018-11-29 13:30:00+00:00,-0.4359968085381867
2018-11-29 14:00:00+00:00,-0.43645853294636017
2018-11-29 14:30:00+00:00,-0.43692025735453344
2018-11-29 15:00:00+00:00,-0.43738198176270693
2018-11-29 15:30:00+00:00,-0.4378437061708802
2018-11-29 16:00:00+00:00,-0.4383054305790537
2018-11-29 16:30:00+00:00,-0.4387671549872272
2018-11-29 17:00:00+00:00,-0.43922887939540045
2018-11-29 17:30:00+00:00,-0.43969060380357394
2018-11-29 18:00:00+00:00,-0.44015232821174743
2018-11-29 18:30:00+00:00,-0.4406140526199207
2018-11-29 19:00:00+00:00,-0.4410757770280942
2018-11-29 19:30:00+00:00,-0.4415375014362677
2018-11-29 20:00:00+00:00,-0.44199922584444096
2018-11-29 20:30:00+00:00,-0.44246095025261445
2018-11-29 21:00:00+00:00,-0.44292267466078794
2018-11-29 21:30:00+00:00,-0.4433843990689612
2018-11-29 22:00:00+00:00,-0.4438461234771347
2018-11-29 22:30:00+00:00,-0.44430784788530797
2018-11-29 23:00:00+00:00,-0.44476957229348146
2018-11-29 23:30:00+00:00,-0.44523129670165495
2018-11-30 00:00:00+00:00,-0.4456930211098282
2018-11-30 00:30:00+00:00,-0.4461547455180017
2018-11-30 01:00:00+00:00,-0.4466164699261752
2018-11-30 01:30:00+00:00,-0.4470781943343485
2018-11-30 02:00:00+00:00,-0.44753991874252197
2018-11-30 02:30:00+00:00,-0.44800164315069546
2018-11-30 03:00:00+00:00,-0.44846336755886873
2018-11-30 03:30:00+00:00,-0.4489250919670422
2018-11-30 04:00:00+00:00,-0.4493868163752155
2018-11-30 04:30:00+00:00,-0.449848540783389
2018-11-30 05:00:00+00:00,-0.4503102651915625
2018-11-30 05:30:00+00:00,-0.45077198959973575
2018-11-30 06:00:00+00:00,-0.45123371400790924
2018-11-30 06:30:00+00:00,-0.45169543841608273
2018-11-30 07:00:00+00:00,-0.452157162824256
2018-11-30 07:30:00+00:00,-0.4526188872324295
2018-11-30 08:00:00+00:00,-0.453080611640603
2018-11-30 08:30:00+00:00,-0.45354233604877625
2018-11-30 09:00:00+00:00,-0.45400406045694974
2018-11-30 09:30:00+00:00,-0.454465784865123
2018-11-30 10:00:00+00:00,-0.4549275092732965
2018-11-30 10:30:00+00:00,-0.45538923368147
2018-11-30 11:00:00+00:00,-0.45585095808964327
2018-11-30 11:30:00+00:00,-0.45631268249781676
2018-11-30 12:00:00+00:00,-0.45677440690599025
2018-11-30 12:30:00+00:00,-0.4572361313141635
2018-11-30 13:00:00+00:00,-0.457697855722337
2018-11-30 13:30:00+00:00,-0.4581595801305105
2018-11-30 14:00:00+00:00,-0.45862130453868377
2018-11-30 14:30:00+00:00,-0.45908302894685726
2018-11-30 15:00:00+00:00,-0.45954475335503053
2018-11-30 15:30:00+00:00,-0.460006477763204
2018-11-30 16:00:00+00:00,-0.4604682021713775
2018-11-30 16:30:00+00:00,-0.4609299265795508
2018-11-30 17:00:00+00:00,-0.4613916509877243
2018-11-30 17:30:00+00:00,-0.46185337539589777
2018-11-30 18:00:00+00:00,-0.46231509980407104
2018-11-30 18:30:00+00:00,-0.46277682421224453
2018-11-30 19:00:00+00:00,-0.463238548620418
2018-11-30 19:30:00+00:00,-0.4637002730285913
2018-11-30 20:00:00+00:00,-0.4641619974367648
2018-11-30 20:30:00+00:00,-0.4646237218449383
2018-11-30 21:00:00+00:00,-0.46508544625311155
2018-11-30 21:30:00+00:00,-0.46554717066128504
2018-11-30 22:00:00+00:00,-0.4660088950694583
2018-11-30 22:30:00+00:00,-0.4664706194776318
2018-11-30 23:00:00+00:00,-0.4669323438858053
2018-11-30 23:30:00+00:00,-0.46739406829397856
2018-12-01 00:00:00+00:00,-0.46785579270215205
2018-12-01 00:30:00+00:00,-0.46831751711032554
2018-12-01 01:00:00+00:00,-0.4687792415184988
2018-12-01 01:30:00+00:00,-0.4692409659266723
2018-12-01 02:00:00+00:00,-0.4697026903348458
2018-12-01 02:30:00+00:00,-0.47016441474301907
2018-12-01 03:00:00+00:00,-0.47062613915119256
2018-12-01 03:30:00+00:00,-0.4710878635593658
2018-12-01 04:00:00+00:00,-0.4715495879675393
2018-12-01 04:30:00+00:00,-0.4720113123757128
2018-12-01 05:00:00+00:00,-0.4724730367838861
2018-12-01 05:30:00+00:00,-0.47293476119205957
2018-12-01 06:00:00+00:00,-0.47339648560023306
2018-12-01 06:30:00+00:00,-0.47385821000840633
2018-12-01 07:00:00+00:00,-0.4743199344165798
2018-12-01 07:30:00+00:00,-0.4747816588247533
2018-12-01 08:00:00+00:00,-0.4752433832329266
2018-12-01 08:30:00+00:00,-0.4757051076411001
2018-12-01 09:00:00+00:00,-0.47616683204927335
2018-12-01 09:30:00+00:00,-0.47662855645744684
2018-12-01 10:00:00+00:00,-0.47709028086562033
2018-12-01 10:30:00+00:00,-0.4775520052737936
2018-12-01 11:00:00+00:00,-0.4780137296819671
2018-12-01 11:30:00+00:00,-0.4784754540901406
2018-12-01 12:00:00+00:00,-0.47893717849831385
2018-12-01 12:30:00+00:00,-0.47939890290648735
2018-12-01 13:00:00+00:00,-0.47986062731466084
2018-12-01 13:30:00+00:00,-0.4803223517228341
2018-12-01 14:00:00+00:00,-0.4807840761310076
2018-12-01 14:30:00+00:00,-0.4812458005391811
2018-12-01 15:00:00+00:00,-0.48170752494735436
2018-12-01 15:30:00+00:00,-0.48216924935552785
2018-12-01 16:00:00+00:00,-0.4826309737637011
2018-12-01 16:30:00+00:00,-0.4830926981718746
2018-12-01 17:00:00+00:00,-0.4835544225800481
2018-12-01 17:30:00+00:00,-0.4840161469882214
2018-12-01 18:00:00+00:00,-0.48447787139639487
2018-12-01 18:30:00+00:00,-0.48493959580456836
2018-12-01 19:00:00+00:00,-0.4854013202127416
2018-12-01 19:30:00+00:00,-0.4858630446209151
2018-12-01 20:00:00+00:00,-0.4863247690290886
2018-12-01 20:30:00+00:00,-0.4867864934372619
2018-12-01 21:00:00+00:00,-0.48724821784543537
2018-12-01 21:30:00+00:00,-0.48770994225360864
2018-12-01 22:00:00+00:00,-0.48817166666178213
2018-12-01 22:30:00+00:00,-0.4886333910699556
2018-12-01 23:00:00+00:00,-0.4890951154781289
2018-12-01 23:30:00+00:00,-0.4895568398863024
2018-12-02 00:00:00+00:00,-0.4900185642944759
2018-12-02 00:30:00+00:00,-0.49048028870264915
2018-12-02 01:00:00+00:00,-0.49094201311082264
2018-12-02 01:30:00+00:00,-0.49140373751899613
2018-12-02 02:00:00+00:00,-0.4918654619271694
2018-12-02 02:30:00+00:00,-0.4923271863353429
2018-12-02 03:00:00+00:00,-0.49278891074351616
2018-12-02 03:30:00+00:00,-0.49325063515168965
2018-12-02 04:00:00+00:00,-0.49371235955986315
2018-12-02 04:30:00+00:00,-0.4941740839680364
2018-12-02 05:00:00+00:00,-0.4946358083762099
2018-12-02 05:30:00+00:00,-0.4950975327843834
2018-12-02 06:00:00+00:00,-0.49555925719255667
2018-12-02 06:30:00+00:00,-0.49602098160073016
2018-12-02 07:00:00+00:00,-0.49648270600890365
2018-12-02 07:30:00+00:00,-0.4969444304170769
2018-12-02 08:00:00+00:00,-0.4974061548252504
2018-12-02 08:30:00+00:00,-0.4978678792334237
2018-12-02 09:00:00+00:00,-0.4983296036415972
2018-12-02 09:30:00+00:00,-0.49879132804977067
2018-12-02 10:00:00+00:00,-0.49925305245794394
2018-12-02 10:30:00+00:00,-0.4997147768661174
2018-12-02 11:00:00+00:00,-0.5001765012742909
2018-12-02 11:30:00+00:00,-0.5006382256824642
2018-12-02 12:00:00+00:00,-0.5010999500906377
2018-12-02 12:30:00+00:00,-0.5015616744988112
2018-12-02 13:00:00+00:00,-0.5020233989069844
2018-12-02 13:30:00+00:00,-0.5024851233151579
2018-12-02 14:00:00+00:00,-0.5029468477233314
2018-12-02 14:30:00+00:00,-0.5034085721315047
2018-12-02 15:00:00+00:00,-0.5038702965396782
2018-12-02 15:30:00+00:00,-0.5043320209478515
2018-12-02 16:00:00+00:00,-0.504793745356025
2018-12-02 16:30:00+00:00,-0.5052554697641984
2018-12-02 17:00:00+00:00,-0.5057171941723717
2018-12-02 17:30:00+00:00,-0.5061789185805452
2018-12-02 18:00:00+00:00,-0.5066406429887187
2018-12-02 18:30:00+00:00,-0.507102367396892
2018-12-02 19:00:00+00:00,-0.5075640918050655
2018-12-02 19:30:00+00:00,-0.508025816213239
2018-12-02 20:00:00+00:00,-0.5084875406214122
2018-12-02 20:30:00+00:00,-0.5089492650295857
2018-12-02 21:00:00+00:00,-0.509410989437759
2018-12-02 21:30:00+00:00,-0.5098727138459325
2018-12-02 22:00:00+00:00,-0.510334438254106
2018-12-02 22:30:00+00:00,-0.5107961626622792
2018-12-02 23:00:00+00:00,-0.5112578870704527
2018-12-02 23:30:00+00:00,-0.5117196114786262
2018-12-03 00:00:00+00:00,-0.5121813358867995
2018-12-03 00:30:00+00:00,-0.512643060294973
2018-12-03 01:00:00+00:00,-0.5131047847031465
2018-12-03 01:30:00+00:00,-0.5135665091113197
2018-12-03 02:00:00+00:00,-0.5140282335194932
2018-12-03 02:30:00+00:00,-0.5144899579276665
2018-12-03 03:00:00+00:00,-0.51495168233584
2018-12-03 03:30:00+00:00,-0.5154134067440135
2018-12-03 04:00:00+00:00,-0.5158751311521867
2018-12-03 04:30:00+00:00,-0.5163368555603602
2018-12-03 05:00:00+00:00,-0.5167985799685337
2018-12-03 05:30:00+00:00,-0.517260304376707
2018-12-03 06:00:00+00:00,-0.5177220287848805
2018-12-03 06:30:00+00:00,-0.518183753193054
2018-12-03 07:00:00+00:00,-0.5186454776012273
2018-12-03 07:30:00+00:00,-0.5191072020094007
2018-12-03 08:00:00+00:00,-0.5195689264175742
2018-12-03 08:30:00+00:00,-0.5200306508257475
2018-12-03 09:00:00+00:00,-0.520492375233921
2018-12-03 09:30:00+00:00,-0.5209540996420943
2018-12-03 10:00:00+00:00,-0.5214158240502678
2018-12-03 10:30:00+00:00,-0.5218775484584413
2018-12-03 11:00:00+00:00,-0.5223392728666145
2018-12-03 11:30:00+00:00,-0.522800997274788
2018-12-03 12:00:00+00:00,-0.5232627216829615
2018-12-03 12:30:00+00:00,-0.5237244460911348
2018-12-03 13:00:00+00:00,-0.5241861704993083
2018-12-03 13:30:00+00:00,-0.5246478949074818
2018-12-03 14:00:00+00:00,-0.525109619315655
2018-12-03 14:30:00+00:00,-0.5255713437238285
2018-12-03 15:00:00+00:00,-0.5260330681320018
2018-12-03 15:30:00+00:00,-0.5264947925401753
2018-12-03 16:00:00+00:00,-0.5269565169483488
2018-12-03 16:30:00+00:00,-0.527418241356522
2018-12-03 17:00:00+00:00,-0.5278799657646955
2018-12-03 17:30:00+00:00,-0.528341690172869
2018-12-03 18:00:00+00:00,-0.5288034145810423
2018-12-03 18:30:00+00:00,-0.5292651389892158
2018-12-03 19:00:00+00:00,-0.5297268633973893
2018-12-03 19:30:00+00:00,-0.5301885878055626
2018-12-03 20:00:00+00:00,-0.530650312213736
2018-12-03 20:30:00+00:00,-0.5311120366219093
2018-12-03 21:00:00+00:00,-0.5315737610300828
2018-12-03 21:30:00+00:00,-0.5320354854382563
2018-12-03 22:00:00+00:00,-0.5324972098464296
2018-12-03 22:30:00+00:00,-0.5329589342546031
2018-12-03 23:00:00+00:00,-0.5334206586627765
2018-12-03 23:30:00+00:00,-0.5338823830709498
2018-12-04 00:00:00+00:00,-0.5343441074791233
2018-12-04 00:30:00+00:00,-0.5348058318872968
2018-12-04 01:00:00+00:00,-0.5352675562954701
2018-12-04 01:30:00+00:00,-0.5357292807036436
2018-12-04 02:00:00+00:00,-0.5361910051118168
2018-12-04 02:30:00+00:00,-0.5366527295199903
2018-12-04 03:00:00+00:00,-0.5371144539281638
2018-12-04 03:30:00+00:00,-0.5375761783363371
2018-12-04 04:00:00+00:00,-0.5380379027445106
2018-12-04 04:30:00+00:00,-0.5384996271526841
2018-12-04 05:00:00+00:00,-0.5389613515608573
2018-12-04 05:30:00+00:00,-0.5394230759690308
2018-12-04 06:00:00+00:00,-0.5398848003772043
2018-12-04 06:30:00+00:00,-0.5403465247853776
2018-12-04 07:00:00+00:00,-0.5408082491935511
2018-12-04 07:30:00+00:00,-0.5412699736017246
2018-12-04 08:00:00+00:00,-0.5417316980098978
2018-12-04 08:30:00+00:00,-0.5421934224180713
2018-12-04 09:00:00+00:00,-0.5426551468262446
2018-12-04 09:30:00+00:00,-0.5431168712344181
2018-12-04 10:00:00+00:00,-0.5435785956425916
2018-12-04 10:30:00+00:00,-0.5440403200507649
2018-12-04 11:00:00+00:00,-0.5445020444589384
2018-12-04 11:30:00+00:00,-0.5449637688671118
2018-12-04 12:00:00+00:00,-0.5454254932752851
2018-12-04 12:30:00+00:00,-0.5458872176834586
2018-12-04 13:00:00+00:00,-0.5463489420916321
2018-12-04 13:30:00+00:00,-0.5468106664998054
2018-12-04 14:00:00+00:00,-0.5472723909079789
2018-12-04 14:30:00+00:00,-0.5477341153161521
2018-12-04 15:00:00+00:00,-0.5481958397243256
2018-12-04 15:30:00+00:00,-0.5486575641324991
2018-12-04 16:00:00+00:00,-0.5491192885406724
2018-12-04 16:30:00+00:00,-0.5495810129488459
2018-12-04 17:00:00+00:00,-0.5500427373570194
2018-12-04 17:30:00+00:00,-0.5505044617651926
2018-12-04 18:00:00+00:00,-0.5509661861733661
2018-12-04 18:30:00+00:00,-0.5514279105815396
2018-12-04 19:00:00+00:00,-0.5518896349897129
2018-12-04 19:30:00+00:00,-0.5523513593978864
2018-12-04 20:00:00+00:00,-0.5528130838060596
2018-12-04 20:30:00+00:00,-0.5532748082142331
2018-12-04 21:00:00+00:00,-0.5537365326224066
2018-12-04 21:30:00+00:00,-0.5541982570305799
2018-12-04 22:00:00+00:00,-0.5546599814387534
2018-12-04 22:30:00+00:00,-0.5551217058469269
2018-12-04 23:00:00+00:00,-0.5555834302551002
2018-12-04 23:30:00+00:00,-0.5560451546632736
2018-12-05 00:00:00+00:00,-0.5565068790714471
2018-12-05 00:30:00+00:00,-0.5569686034796204
2018-12-05 01:00:00+00:00,-0.5574303278877939
2018-12-05 01:30:00+00:00,-0.5578920522959674
2018-12-05 02:00:00+00:00,-0.5583537767041407
2018-12-05 02:30:00+00:00,-0.5588155011123142
2018-12-05 03:00:00+00:00,-0.5592772255204874
2018-12-05 03:30:00+00:00,-0.5597389499286609
2018-12-05 04:00:00+00:00,-0.5602006743368344
2018-12-05 04:30:00+00:00,-0.5606623987450077
2018-12-05 05:00:00+00:00,-0.5611241231531812
2018-12-05 05:30:00+00:00,-0.5615858475613547
2018-12-05 06:00:00+00:00,-0.5620475719695279
2018-12-05 06:30:00+00:00,-0.5625092963777014
2018-12-05 07:00:00+00:00,-0.5629710207858749
2018-12-05 07:30:00+00:00,-0.5634327451940482
2018-12-05 08:00:00+00:00,-0.5638944696022217
2018-12-05 08:30:00+00:00,-0.5643561940103949
2018-12-05 09:00:00+00:00,-0.5648179184185684
2018-12-05 09:30:00+00:00,-0.5652796428267419
2018-12-05 10:00:00+00:00,-0.5657413672349152
2018-12-05 10:30:00+00:00,-0.5662030916430887
2018-12-05 11:00:00+00:00,-0.5666648160512622
2018-12-05 11:30:00+00:00,-0.5671265404594354
2018-12-05 12:00:00+00:00,-0.5675882648676089
2018-12-05 12:30:00+00:00,-0.5680499892757824
2018-12-05 13:00:00+00:00,-0.5685117136839557
2018-12-05 13:30:00+00:00,-0.5689734380921292
2018-12-05 14:00:00+00:00,-0.5694351625003025
2018-12-05 14:30:00+00:00,-0.569896886908476
2018-12-05 15:00:00+00:00,-0.5703586113166494
2018-12-05 15:30:00+00:00,-0.5708203357248227
2018-12-05 16:00:00+00:00,-0.5712820601329962
2018-12-05 16:30:00+00:00,-0.5717437845411697
2018-12-05 17:00:00+00:00,-0.572205508949343
2018-12-05 17:30:00+00:00,-0.5726672333575165
2018-12-05 18:00:00+00:00,-0.57312895776569
2018-12-05 18:30:00+00:00,-0.5735906821738632
2018-12-05 19:00:00+00:00,-0.5740524065820367
2018-12-05 19:30:00+00:00,-0.5745141309902102
2018-12-05 20:00:00+00:00,-0.5749758553983837
2018-12-05 20:30:00+00:00,-0.5754375798065567
2018-12-05 21:00:00+00:00,-0.5758993042147302
2018-12-05 21:30:00+00:00,-0.5763610286229037
2018-12-05 22:00:00+00:00,-0.5768227530310772
2018-12-05 22:30:00+00:00,-0.5772844774392507
2018-12-05 23:00:00+00:00,-0.5777462018474238
2018-12-05 23:30:00+00:00,-0.5782079262555972
2018-12-06 00:00:00+00:00,-0.5786696506637707
2018-12-06 00:30:00+00:00,-0.5791313750719442
2018-12-06 01:00:00+00:00,-0.5795930994801177
2018-12-06 01:30:00+00:00,-0.5800548238882912
2018-12-06 02:00:00+00:00,-0.5805165482964643
2018-12-06 02:30:00+00:00,-0.5809782727046378
2018-12-06 03:00:00+00:00,-0.5814399971128112
2018-12-06 03:30:00+00:00,-0.5819017215209847
2018-12-06 04:00:00+00:00,-0.5823634459291582
2018-12-06 04:30:00+00:00,-0.5828251703373313
2018-12-06 05:00:00+00:00,-0.5832868947455048
2018-12-06 05:30:00+00:00,-0.5837486191536783
2018-12-06 06:00:00+00:00,-0.5842103435618518
2018-12-06 06:30:00+00:00,-0.5846720679700252
2018-12-06 07:00:00+00:00,-0.5851337923781987
2018-12-06 07:30:00+00:00,-0.5855955167863718
2018-12-06 08:00:00+00:00,-0.5860572411945453
2018-12-06 08:30:00+00:00,-0.5865189656027188
2018-12-06 09:00:00+00:00,-0.5869806900108923
2018-12-06 09:30:00+00:00,-0.5874424144190658
2018-12-06 10:00:00+00:00,-0.5879041388272392
2018-12-06 10:30:00+00:00,-0.5883658632354123
2018-12-06 11:00:00+00:00,-0.5888275876435858
2018-12-06 11:30:00+00:00,-0.5892893120517593
2018-12-06 12:00:00+00:00,-0.5897510364599328
2018-12-06 12:30:00+00:00,-0.5902127608681063
2018-12-06 13:00:00+00:00,-0.5906744852762793
2018-12-06 13:30:00+00:00,-0.5911362096844528
2018-12-06 14:00:00+00:00,-0.5915979340926263
2018-12-06 14:30:00+00:00,-0.5920596585007998
2018-12-06 15:00:00+00:00,-0.5925213829089733
2018-12-06 15:30:00+00:00,-0.5929831073171468
2018-12-06 16:00:00+00:00,-0.5934448317253198
2018-12-06 16:30:00+00:00,-0.5939065561334933
2018-12-06 17:00:00+00:00,-0.5943682805416668
2018-12-06 17:30:00+00:00,-0.5948300049498403
2018-12-06 18:00:00+00:00,-0.5952917293580138
2018-12-06 18:30:00+00:00,-0.5957534537661868
2018-12-06 19:00:00+00:00,-0.5962151781743603
2018-12-06 19:30:00+00:00,-0.5966769025825338
2018-12-06 20:00:00+00:00,-0.5971386269907073
2018-12-06 20:30:00+00:00,-0.5976003513988808
2018-12-06 21:00:00+00:00,-0.5980620758070543
2018-12-06 21:30:00+00:00,-0.5985238002152273
2018-12-06 22:00:00+00:00,-0.5989855246234008
2018-12-06 22:30:00+00:00,-0.5994472490315743
2018-12-06 23:00:00+00:00,-0.5999089734397478
2018-12-06 23:30:00+00:00,-0.6003706978479213
2018-12-07 00:00:00+00:00,-0.6008324222560943
2018-12-07 00:30:00+00:00,-0.6012941466642678
2018-12-07 01:00:00+00:00,-0.6017558710724413
2018-12-07 01:30:00+00:00,-0.6022175954806148
2018-12-07 02:00:00+00:00,-0.6026793198887883
2018-12-07 02:30:00+00:00,-0.6031410442969618
2018-12-07 03:00:00+00:00,-0.6036027687051349
2018-12-07 03:30:00+00:00,-0.6040644931133083
2018-12-07 04:00:00+00:00,-0.6045262175214818
2018-12-07 04:30:00+00:00,-0.6049879419296553
2018-12-07 05:00:00+00:00,-0.6054496663378288
2018-12-07 05:30:00+00:00,-0.6059113907460019
2018-12-07 06:00:00+00:00,-0.6063731151541754
2018-12-07 06:30:00+00:00,-0.6068348395623488
2018-12-07 07:00:00+00:00,-0.6072965639705223
2018-12-07 07:30:00+00:00,-0.6077582883786958
2018-12-07 08:00:00+00:00,-0.6082200127868693
2018-12-07 08:30:00+00:00,-0.6086817371950424
2018-12-07 09:00:00+00:00,-0.6091434616032159
2018-12-07 09:30:00+00:00,-0.6096051860113894
2018-12-07 10:00:00+00:00,-0.6100669104195628
2018-12-07 10:30:00+00:00,-0.6105286348277363
2018-12-07 11:00:00+00:00,-0.6109903592359094
2018-12-07 11:30:00+00:00,-0.6114520836440829
2018-12-07 12:00:00+00:00,-0.6119138080522564
2018-12-07 12:30:00+00:00,-0.6123755324604299
2018-12-07 13:00:00+00:00,-0.6128372568686034
2018-12-07 13:30:00+00:00,-0.6132989812767768
2018-12-07 14:00:00+00:00,-0.6137607056849499
2018-12-07 14:30:00+00:00,-0.6142224300931234
2018-12-07 15:00:00+00:00,-0.6146841545012969
2018-12-07 15:30:00+00:00,-0.6151458789094704
2018-12-07 16:00:00+00:00,-0.6156076033176439
2018-12-07 16:30:00+00:00,-0.6160693277258169
2018-12-07 17:00:00+00:00,-0.6165310521339904
2018-12-07 17:30:00+00:00,-0.6169927765421639
2018-12-07 18:00:00+00:00,-0.6174545009503374
2018-12-07 18:30:00+00:00,-0.6179162253585109
2018-12-07 19:00:00+00:00,-0.6183779497666844
2018-12-07 19:30:00+00:00,-0.6188396741748574
2018-12-07 20:00:00+00:00,-0.6193013985830309
2018-12-07 20:30:00+00:00,-0.6197631229912044
2018-12-07 21:00:00+00:00,-0.6202248473993779
2018-12-07 21:30:00+00:00,-0.6206865718075514
2018-12-07 22:00:00+00:00,-0.6211482962157244
2018-12-07 22:30:00+00:00,-0.6216100206238979
2018-12-07 23:00:00+00:00,-0.6220717450320714
2018-12-07 23:30:00+00:00,-0.6225334694402449
2018-12-08 00:00:00+00:00,-0.6229951938484184
2018-12-08 00:30:00+00:00,-0.6234569182565919
2018-12-08 01:00:00+00:00,-0.6239186426647649
2018-12-08 01:30:00+00:00,-0.6243803670729384
2018-12-08 02:00:00+00:00,-0.6248420914811119
2018-12-08 02:30:00+00:00,-0.6253038158892854
2018-12-08 03:00:00+00:00,-0.6257655402974589
2018-12-08 03:30:00+00:00,-0.6262272647056324
2018-12-08 04:00:00+00:00,-0.6266889891138054
2018-12-08 04:30:00+00:00,-0.6271507135219789
2018-12-08 05:00:00+00:00,-0.6276124379301524
2018-12-08 05:30:00+00:00,-0.6280741623383259
2018-12-08 06:00:00+00:00,-0.6285358867464994
2018-12-08 06:30:00+00:00,-0.6289976111546725
2018-12-08 07:00:00+00:00,-0.629459335562846
2018-12-08 07:30:00+00:00,-0.6299210599710194
2018-12-08 08:00:00+00:00,-0.6303827843791929
2018-12-08 08:30:00+00:00,-0.6308445087873664
2018-12-08 09:00:00+00:00,-0.6313062331955399
2018-12-08 09:30:00+00:00,-0.631767957603713
2018-12-08 10:00:00+00:00,-0.6322296820118865
2018-12-08 10:30:00+00:00,-0.6326914064200599
2018-12-08 11:00:00+00:00,-0.6331531308282334
2018-12-08 11:30:00+00:00,-0.6336148552364069
2018-12-08 12:00:00+00:00,-0.63407657964458
2018-12-08 12:30:00+00:00,-0.6345383040527535
2018-12-08 13:00:00+00:00,-0.635000028460927
2018-12-08 13:30:00+00:00,-0.6354617528691004
2018-12-08 14:00:00+00:00,-0.6359234772772739
2018-12-08 14:30:00+00:00,-0.6363852016854474
2018-12-08 15:00:00+00:00,-0.6368469260936205
2018-12-08 15:30:00+00:00,-0.637308650501794
2018-12-08 16:00:00+00:00,-0.6377703749099675
2018-12-08 16:30:00+00:00,-0.638232099318141
2018-12-08 17:00:00+00:00,-0.6386938237263144
2018-12-08 17:30:00+00:00,-0.6391555481344875
2018-12-08 18:00:00+00:00,-0.639617272542661
2018-12-08 18:30:00+00:00,-0.6400789969508345
2018-12-08 19:00:00+00:00,-0.640540721359008
2018-12-08 19:30:00+00:00,-0.6410024457671815
2018-12-08 20:00:00+00:00,-0.641464170175355
2018-12-08 20:30:00+00:00,-0.641925894583528
2018-12-08 21:00:00+00:00,-0.6423876189917015
2018-12-08 21:30:00+00:00,-0.642849343399875
2018-12-08 22:00:00+00:00,-0.6433110678080485
2018-12-08 22:30:00+00:00,-0.643772792216222
2018-12-08 23:00:00+00:00,-0.644234516624395
2018-12-08 23:30:00+00:00,-0.6446962410325685
2018-12-09 00:00:00+00:00,-0.645157965440742
2018-12-09 00:30:00+00:00,-0.6456196898489155
2018-12-09 01:00:00+00:00,-0.646081414257089
2018-12-09 01:30:00+00:00,-0.6465431386652625
2018-12-09 02:00:00+00:00,-0.6470048630734355
2018-12-09 02:30:00+00:00,-0.647466587481609
2018-12-09 03:00:00+00:00,-0.6479283118897825
2018-12-09 03:30:00+00:00,-0.648390036297956
2018-12-09 04:00:00+00:00,-0.6488517607061295
2018-12-09 04:30:00+00:00,-0.6493134851143025
2018-12-09 05:00:00+00:00,-0.649775209522476
2018-12-09 05:30:00+00:00,-0.6502369339306495
2018-12-09 06:00:00+00:00,-0.650698658338823
2018-12-09 06:30:00+00:00,-0.6511603827469965
2018-12-09 07:00:00+00:00,-0.65162210715517
2018-12-09 07:30:00+00:00,-0.652083831563343
2018-12-09 08:00:00+00:00,-0.6525455559715165
2018-12-09 08:30:00+00:00,-0.65300728037969
2018-12-09 09:00:00+00:00,-0.6534690047878635
2018-12-09 09:30:00+00:00,-0.653930729196037
2018-12-09 10:00:00+00:00,-0.6543924536042101
2018-12-09 10:30:00+00:00,-0.6548541780123835
2018-12-09 11:00:00+00:00,-0.655315902420557
2018-12-09 11:30:00+00:00,-0.6557776268287305
2018-12-09 12:00:00+00:00,-0.656239351236904
2018-12-09 12:30:00+00:00,-0.6567010756450775
2018-12-09 13:00:00+00:00,-0.6571628000532506
2018-12-09 13:30:00+00:00,-0.657624524461424
2018-12-09 14:00:00+00:00,-0.6580862488695975
2018-12-09 14:30:00+00:00,-0.658547973277771
2018-12-09 15:00:00+00:00,-0.6590096976859445
2018-12-09 15:30:00+00:00,-0.6594714220941176
2018-12-09 16:00:00+00:00,-0.6599331465022911
2018-12-09 16:30:00+00:00,-0.6603948709104646
2018-12-09 17:00:00+00:00,-0.660856595318638
2018-12-09 17:30:00+00:00,-0.6613183197268115
2018-12-09 18:00:00+00:00,-0.661780044134985
2018-12-09 18:30:00+00:00,-0.6622417685431581
2018-12-09 19:00:00+00:00,-0.6627034929513316
2018-12-09 19:30:00+00:00,-0.6631652173595051
2018-12-09 20:00:00+00:00,-0.6636269417676786
2018-12-09 20:30:00+00:00,-0.664088666175852
2018-12-09 21:00:00+00:00,-0.6645503905840255
2018-12-09 21:30:00+00:00,-0.6650121149921986
2018-12-09 22:00:00+00:00,-0.6654738394003721
2018-12-09 22:30:00+00:00,-0.6659355638085456
2018-12-09 23:00:00+00:00,-0.6663972882167191
2018-12-09 23:30:00+00:00,-0.6668590126248926
2018-12-10 00:00:00+00:00,-0.6673207370330656
2018-12-10 00:30:00+00:00,-0.6677824614412391
2018-12-10 01:00:00+00:00,-0.6682441858494126
2018-12-10 01:30:00+00:00,-0.6687059102575861
2018-12-10 02:00:00+00:00,-0.6691676346657596
2018-12-10 02:30:00+00:00,-0.6696293590739331
2018-12-10 03:00:00+00:00,-0.6700910834821061
2018-12-10 03:30:00+00:00,-0.6705528078902796
2018-12-10 04:00:00+00:00,-0.6710145322984531
2018-12-10 04:30:00+00:00,-0.6714762567066266
2018-12-10 05:00:00+00:00,-0.6719379811148001
2018-12-10 05:30:00+00:00,-0.6723997055229731
2018-12-10 06:00:00+00:00,-0.6728614299311466
2018-12-10 06:30:00+00:00,-0.6733231543393201
2018-12-10 07:00:00+00:00,-0.6737848787474936
2018-12-10 07:30:00+00:00,-0.6742466031556671
2018-12-10 08:00:00+00:00,-0.6747083275638406
2018-12-10 08:30:00+00:00,-0.6751700519720136
2018-12-10 09:00:00+00:00,-0.6756317763801871
2018-12-10 09:30:00+00:00,-0.6760935007883606
2018-12-10 10:00:00+00:00,-0.6765552251965341
2018-12-10 10:30:00+00:00,-0.6770169496047076
2018-12-10 11:00:00+00:00,-0.6774786740128806
2018-12-10 11:30:00+00:00,-0.6779403984210541
2018-12-10 12:00:00+00:00,-0.6784021228292276
2018-12-10 12:30:00+00:00,-0.6788638472374011
2018-12-10 13:00:00+00:00,-0.6793255716455746
2018-12-10 13:30:00+00:00,-0.6797872960537481
2018-12-10 14:00:00+00:00,-0.6802490204619212
2018-12-10 14:30:00+00:00,-0.6807107448700946
2018-12-10 15:00:00+00:00,-0.6811724692782681
2018-12-10 15:30:00+00:00,-0.6816341936864416
2018-12-10 16:00:00+00:00,-0.6820959180946151
2018-12-10 16:30:00+00:00,-0.6825576425027882
2018-12-10 17:00:00+00:00,-0.6830193669109617
2018-12-10 17:30:00+00:00,-0.6834810913191351
2018-12-10 18:00:00+00:00,-0.6839428157273086
2018-12-10 18:30:00+00:00,-0.6844045401354821
2018-12-10 19:00:00+00:00,-0.6848662645436556
2018-12-10 19:30:00+00:00,-0.6853279889518287
2018-12-10 20:00:00+00:00,-0.6857897133600022
2018-12-10 20:30:00+00:00,-0.6862514377681757
2018-12-10 21:00:00+00:00,-0.6867131621763491
2018-12-10 21:30:00+00:00,-0.6871748865845226
2018-12-10 22:00:00+00:00,-0.6876366109926957
2018-12-10 22:30:00+00:00,-0.6880983354008692
2018-12-10 23:00:00+00:00,-0.6885600598090427
2018-12-10 23:30:00+00:00,-0.6890217842172162
2018-12-11 00:00:00+00:00,-0.6894835086253897
2018-12-11 00:30:00+00:00,-0.6899452330335631
2018-12-11 01:00:00+00:00,-0.6904069574417362
2018-12-11 01:30:00+00:00,-0.6908686818499097
2018-12-11 02:00:00+00:00,-0.6913304062580832
2018-12-11 02:30:00+00:00,-0.6917921306662567
2018-12-11 03:00:00+00:00,-0.6922538550744302
2018-12-11 03:30:00+00:00,-0.6927155794826032
2018-12-11 04:00:00+00:00,-0.6931773038907767
2018-12-11 04:30:00+00:00,-0.6936390282989502
2018-12-11 05:00:00+00:00,-0.6941007527071237
2018-12-11 05:30:00+00:00,-0.6945624771152972
2018-12-11 06:00:00+00:00,-0.6950242015234707
2018-12-11 06:30:00+00:00,-0.6954859259316437
2018-12-11 07:00:00+00:00,-0.6959476503398172
2018-12-11 07:30:00+00:00,-0.6964093747479907
2018-12-11 08:00:00+00:00,-0.6968710991561642
2018-12-11 08:30:00+00:00,-0.6973328235643377
2018-12-11 09:00:00+00:00,-0.6977945479725107
2018-12-11 09:30:00+00:00,-0.6982562723806842
2018-12-11 10:00:00+00:00,-0.6987179967888577
2018-12-11 10:30:00+00:00,-0.6991797211970312
2018-12-11 11:00:00+00:00,-0.6996414456052047
2018-12-11 11:30:00+00:00,-0.7001031700133782
2018-12-11 12:00:00+00:00,-0.7005648944215512
2018-12-11 12:30:00+00:00,-0.7010266188297247
2018-12-11 13:00:00+00:00,-0.7014883432378982
2018-12-11 13:30:00+00:00,-0.7019500676460717
2018-12-11 14:00:00+00:00,-0.7024117920542452
2018-12-11 14:30:00+00:00,-0.7028735164624187
2018-12-11 15:00:00+00:00,-0.7033352408705917
2018-12-11 15:30:00+00:00,-0.7037969652787652
2018-12-11 16:00:00+00:00,-0.7042586896869387
2018-12-11 16:30:00+00:00,-0.7047204140951122
2018-12-11 17:00:00+00:00,-0.7051821385032857
2018-12-11 17:30:00+00:00,-0.7056438629114588
2018-12-11 18:00:00+00:00,-0.7061055873196322
2018-12-11 18:30:00+00:00,-0.7065673117278057
2018-12-11 19:00:00+00:00,-0.7070290361359792
2018-12-11 19:30:00+00:00,-0.7074907605441527
2018-12-11 20:00:00+00:00,-0.7079524849523262
2018-12-11 20:30:00+00:00,-0.7084142093604993
2018-12-11 21:00:00+00:00,-0.7088759337686728
2018-12-11 21:30:00+00:00,-0.7093376581768462
2018-12-11 22:00:00+00:00,-0.7097993825850197
2018-12-11 22:30:00+00:00,-0.7102611069931932
2018-12-11 23:00:00+00:00,-0.7107228314013663
2018-12-11 23:30:00+00:00,-0.7111845558095398
2018-12-12 00:00:00+00:00,-0.7116462802177133
2018-12-12 00:30:00+00:00,-0.7121080046258867
2018-12-12 01:00:00+00:00,-0.7125697290340602
2018-12-12 01:30:00+00:00,-0.7130314534422337
2018-12-12 02:00:00+00:00,-0.7134931778504068
2018-12-12 02:30:00+00:00,-0.7139549022585803
2018-12-12 03:00:00+00:00,-0.7144166266667538
2018-12-12 03:30:00+00:00,-0.7148783510749273
2018-12-12 04:00:00+00:00,-0.7153400754831007
2018-12-12 04:30:00+00:00,-0.7158017998912738
2018-12-12 05:00:00+00:00,-0.7162635242994473
2018-12-12 05:30:00+00:00,-0.7167252487076208
2018-12-12 06:00:00+00:00,-0.7171869731157943
2018-12-12 06:30:00+00:00,-0.7176486975239678
2018-12-12 07:00:00+00:00,-0.7181104219321413
2018-12-12 07:30:00+00:00,-0.7185721463403143
2018-12-12 08:00:00+00:00,-0.7190338707484878
2018-12-12 08:30:00+00:00,-0.7194955951566613
2018-12-12 09:00:00+00:00,-0.7199573195648348
2018-12-12 09:30:00+00:00,-0.7204190439730083
2018-12-12 10:00:00+00:00,-0.7208807683811813
2018-12-12 10:30:00+00:00,-0.7213424927893548
2018-12-12 11:00:00+00:00,-0.7218042171975283
2018-12-12 11:30:00+00:00,-0.7222659416057018
2018-12-12 12:00:00+00:00,-0.7227276660138753
2018-12-12 12:30:00+00:00,-0.7231893904220488
2018-12-12 13:00:00+00:00,-0.7236511148302218
2018-12-12 13:30:00+00:00,-0.7241128392383953
2018-12-12 14:00:00+00:00,-0.7245745636465688
2018-12-12 14:30:00+00:00,-0.7250362880547423
2018-12-12 15:00:00+00:00,-0.7254980124629158
2018-12-12 15:30:00+00:00,-0.7259597368710888
2018-12-12 16:00:00+00:00,-0.7264214612792623
2018-12-12 16:30:00+00:00,-0.7268831856874358
2018-12-12 17:00:00+00:00,-0.7273449100956093
2018-12-12 17:30:00+00:00,-0.7278066345037828
2018-12-12 18:00:00+00:00,-0.7282683589119563
2018-12-12 18:30:00+00:00,-0.7287300833201293
2018-12-12 19:00:00+00:00,-0.7291918077283028
2018-12-12 19:30:00+00:00,-0.7296535321364763
2018-12-12 20:00:00+00:00,-0.7301152565446498
2018-12-12 20:30:00+00:00,-0.7305769809528233
2018-12-12 21:00:00+00:00,-0.7310387053609964
2018-12-12 21:30:00+00:00,-0.7315004297691698
2018-12-12 22:00:00+00:00,-0.7319621541773433
2018-12-12 22:30:00+00:00,-0.7324238785855168
2018-12-12 23:00:00+00:00,-0.7328856029936903
2018-12-12 23:30:00+00:00,-0.7333473274018638
2018-12-13 00:00:00+00:00,-0.7338090518100369
2018-12-13 00:30:00+00:00,-0.7342707762182104
2018-12-13 01:00:00+00:00,-0.7347325006263838
2018-12-13 01:30:00+00:00,-0.7351942250345573
2018-12-13 02:00:00+00:00,-0.7356559494427308
2018-12-13 02:30:00+00:00,-0.7361176738509039
2018-12-13 03:00:00+00:00,-0.7365793982590774
2018-12-13 03:30:00+00:00,-0.7370411226672509
2018-12-13 04:00:00+00:00,-0.7375028470754244
2018-12-13 04:30:00+00:00,-0.7379645714835978
2018-12-13 05:00:00+00:00,-0.7384262958917713
2018-12-13 05:30:00+00:00,-0.7388880202999444
2018-12-13 06:00:00+00:00,-0.7393497447081179
2018-12-13 06:30:00+00:00,-0.7398114691162914
2018-12-13 07:00:00+00:00,-0.7402731935244649
2018-12-13 07:30:00+00:00,-0.7407349179326383
2018-12-13 08:00:00+00:00,-0.7411966423408118
2018-12-13 08:30:00+00:00,-0.7416583667489849
2018-12-13 09:00:00+00:00,-0.7421200911571584
2018-12-13 09:30:00+00:00,-0.7425818155653319
2018-12-13 10:00:00+00:00,-0.7430435399735054
2018-12-13 10:30:00+00:00,-0.7435052643816789
2018-12-13 11:00:00+00:00,-0.7439669887898519
2018-12-13 11:30:00+00:00,-0.7444287131980254
2018-12-13 12:00:00+00:00,-0.7448904376061989
2018-12-13 12:30:00+00:00,-0.7453521620143724
2018-12-13 13:00:00+00:00,-0.7458138864225459
2018-12-13 13:30:00+00:00,-0.7462756108307194
2018-12-13 14:00:00+00:00,-0.7467373352388924
2018-12-13 14:30:00+00:00,-0.7471990596470659
2018-12-13 15:00:00+00:00,-0.7476607840552394
2018-12-13 15:30:00+00:00,-0.7481225084634129
2018-12-13 16:00:00+00:00,-0.7485842328715864
2018-12-13 16:30:00+00:00,-0.7490459572797594
2018-12-13 17:00:00+00:00,-0.7495076816879329
2018-12-13 17:30:00+00:00,-0.7499694060961064
2018-12-13 18:00:00+00:00,-0.7504311305042799
2018-12-13 18:30:00+00:00,-0.7508928549124534
2018-12-13 19:00:00+00:00,-0.7513545793206269
2018-12-13 19:30:00+00:00,-0.7518163037287999
2018-12-13 20:00:00+00:00,-0.7522780281369734
2018-12-13 20:30:00+00:00,-0.7527397525451469
2018-12-13 21:00:00+00:00,-0.7532014769533204
2018-12-13 21:30:00+00:00,-0.7536632013614939
2018-12-13 22:00:00+00:00,-0.7541249257696669
2018-12-13 22:30:00+00:00,-0.7545866501778404
2018-12-13 23:00:00+00:00,-0.7550483745860139
2018-12-13 23:30:00+00:00,-0.7555100989941874
2018-12-14 00:00:00+00:00,-0.7559718234023609
2018-12-14 00:30:00+00:00,-0.7564335478105344
2018-12-14 01:00:00+00:00,-0.7568952722187074
2018-12-14 01:30:00+00:00,-0.7573569966268809
2018-12-14 02:00:00+00:00,-0.7578187210350544
2018-12-14 02:30:00+00:00,-0.7582804454432279
2018-12-14 03:00:00+00:00,-0.7587421698514014
2018-12-14 03:30:00+00:00,-0.7592038942595745
2018-12-14 04:00:00+00:00,-0.759665618667748
2018-12-14 04:30:00+00:00,-0.7601273430759214
2018-12-14 05:00:00+00:00,-0.7605890674840949
2018-12-14 05:30:00+00:00,-0.7610507918922684
2018-12-14 06:00:00+00:00,-0.7615125163004419
2018-12-14 06:30:00+00:00,-0.761974240708615
2018-12-14 07:00:00+00:00,-0.7624359651167885
2018-12-14 07:30:00+00:00,-0.762897689524962
2018-12-14 08:00:00+00:00,-0.7633594139331354
2018-12-14 08:30:00+00:00,-0.7638211383413089
2018-12-14 09:00:00+00:00,-0.764282862749482
2018-12-14 09:30:00+00:00,-0.7647445871576555
2018-12-14 10:00:00+00:00,-0.765206311565829
2018-12-14 10:30:00+00:00,-0.7656680359740025
2018-12-14 11:00:00+00:00,-0.766129760382176
2018-12-14 11:30:00+00:00,-0.7665914847903494
2018-12-14 12:00:00+00:00,-0.7670532091985225
2018-12-14 12:30:00+00:00,-0.767514933606696
2018-12-14 13:00:00+00:00,-0.7679766580148695
2018-12-14 13:30:00+00:00,-0.768438382423043
2018-12-14 14:00:00+00:00,-0.7689001068312165
2018-12-14 14:30:00+00:00,-0.7693618312393895
2018-12-14 15:00:00+00:00,-0.769823555647563
2018-12-14 15:30:00+00:00,-0.7702852800557365
2018-12-14 16:00:00+00:00,-0.77074700446391
2018-12-14 16:30:00+00:00,-0.7712087288720835
2018-12-14 17:00:00+00:00,-0.771670453280257
2018-12-14 17:30:00+00:00,-0.77213217768843
2018-12-14 18:00:00+00:00,-0.7725939020966035
2018-12-14 18:30:00+00:00,-0.773055626504777
2018-12-14 19:00:00+00:00,-0.7735173509129505
2018-12-14 19:30:00+00:00,-0.773979075321124
2018-12-14 20:00:00+00:00,-0.774440799729297
2018-12-14 20:30:00+00:00,-0.7749025241374705
2018-12-14 21:00:00+00:00,-0.775364248545644
2018-12-14 21:30:00+00:00,-0.7758259729538175
2018-12-14 22:00:00+00:00,-0.776287697361991
2018-12-14 22:30:00+00:00,-0.7767494217701645
2018-12-14 23:00:00+00:00,-0.7772111461783375
2018-12-14 23:30:00+00:00,-0.777672870586511
2018-12-15 00:00:00+00:00,-0.7781345949946845
2018-12-15 00:30:00+00:00,-0.778596319402858
2018-12-15 01:00:00+00:00,-0.7790580438110315
2018-12-15 01:30:00+00:00,-0.779519768219205
2018-12-15 02:00:00+00:00,-0.779981492627378
2018-12-15 02:30:00+00:00,-0.7804432170355515
2018-12-15 03:00:00+00:00,-0.780904941443725
2018-12-15 03:30:00+00:00,-0.7813666658518985
2018-12-15 04:00:00+00:00,-0.781828390260072
2018-12-15 04:30:00+00:00,-0.782290114668245
2018-12-15 05:00:00+00:00,-0.7827518390764185
2018-12-15 05:30:00+00:00,-0.783213563484592
2018-12-15 06:00:00+00:00,-0.7836752878927655
2018-12-15 06:30:00+00:00,-0.784137012300939
2018-12-15 07:00:00+00:00,-0.7845987367091125
2018-12-15 07:30:00+00:00,-0.7850604611172856
2018-12-15 08:00:00+00:00,-0.785522185525459
2018-12-15 08:30:00+00:00,-0.7859839099336325
2018-12-15 09:00:00+00:00,-0.786445634341806
2018-12-15 09:30:00+00:00,-0.7869073587499795
2018-12-15 10:00:00+00:00,-0.7873690831581526
2018-12-15 10:30:00+00:00,-0.7878308075663261
2018-12-15 11:00:00+00:00,-0.7882925319744996
2018-12-15 11:30:00+00:00,-0.788754256382673
2018-12-15 12:00:00+00:00,-0.7892159807908465
2018-12-15 12:30:00+00:00,-0.78967770519902
2018-12-15 13:00:00+00:00,-0.7901394296071931
2018-12-15 13:30:00+00:00,-0.7906011540153666
2018-12-15 14:00:00+00:00,-0.7910628784235401
2018-12-15 14:30:00+00:00,-0.7915246028317136
2018-12-15 15:00:00+00:00,-0.791986327239887
2018-12-15 15:30:00+00:00,-0.7924480516480601
2018-12-15 16:00:00+00:00,-0.7929097760562336
2018-12-15 16:30:00+00:00,-0.7933715004644071
2018-12-15 17:00:00+00:00,-0.7938332248725806
2018-12-15 17:30:00+00:00,-0.7942949492807541
2018-12-15 18:00:00+00:00,-0.7947566736889276
2018-12-15 18:30:00+00:00,-0.7952183980971006
2018-12-15 19:00:00+00:00,-0.7956801225052741
2018-12-15 19:30:00+00:00,-0.7961418469134476
2018-12-15 20:00:00+00:00,-0.7966035713216211
2018-12-15 20:30:00+00:00,-0.7970652957297946
2018-12-15 21:00:00+00:00,-0.7975270201379676
2018-12-15 21:30:00+00:00,-0.7979887445461411
2018-12-15 22:00:00+00:00,-0.7984504689543146
2018-12-15 22:30:00+00:00,-0.7989121933624881
2018-12-15 23:00:00+00:00,-0.7993739177706616
2018-12-15 23:30:00+00:00,-0.7998356421788351
2018-12-16 00:00:00+00:00,-0.8002973665870081
2018-12-16 00:30:00+00:00,-0.8007590909951816
2018-12-16 01:00:00+00:00,-0.8012208154033551
2018-12-16 01:30:00+00:00,-0.8016825398115286
2018-12-16 02:00:00+00:00,-0.8021442642197021
2018-12-16 02:30:00+00:00,-0.8026059886278751
2018-12-16 03:00:00+00:00,-0.8030677130360486
2018-12-16 03:30:00+00:00,-0.8035294374442221
2018-12-16 04:00:00+00:00,-0.8039911618523956
2018-12-16 04:30:00+00:00,-0.8044528862605691
2018-12-16 05:00:00+00:00,-0.8049146106687426
2018-12-16 05:30:00+00:00,-0.8053763350769156
2018-12-16 06:00:00+00:00,-0.8058380594850891
2018-12-16 06:30:00+00:00,-0.8062997838932626
2018-12-16 07:00:00+00:00,-0.8067615083014361
2018-12-16 07:30:00+00:00,-0.8072232327096096
2018-12-16 08:00:00+00:00,-0.8076849571177827
2018-12-16 08:30:00+00:00,-0.8081466815259561
2018-12-16 09:00:00+00:00,-0.8086084059341296
2018-12-16 09:30:00+00:00,-0.8090701303423031
2018-12-16 10:00:00+00:00,-0.8095318547504766
2018-12-16 10:30:00+00:00,-0.8099935791586501
2018-12-16 11:00:00+00:00,-0.8104553035668232
2018-12-16 11:30:00+00:00,-0.8109170279749967
2018-12-16 12:00:00+00:00,-0.8113787523831701
2018-12-16 12:30:00+00:00,-0.8118404767913436
2018-12-16 13:00:00+00:00,-0.8123022011995171
2018-12-16 13:30:00+00:00,-0.8127639256076902
2018-12-16 14:00:00+00:00,-0.8132256500158637
2018-12-16 14:30:00+00:00,-0.8136873744240372
2018-12-16 15:00:00+00:00,-0.8141490988322106
2018-12-16 15:30:00+00:00,-0.8146108232403841
2018-12-16 16:00:00+00:00,-0.8150725476485576
2018-12-16 16:30:00+00:00,-0.8155342720567307
2018-12-16 17:00:00+00:00,-0.8159959964649042
2018-12-16 17:30:00+00:00,-0.8164577208730777
2018-12-16 18:00:00+00:00,-0.8169194452812512
2018-12-16 18:30:00+00:00,-0.8173811696894246
2018-12-16 19:00:00+00:00,-0.8178428940975981
2018-12-16 19:30:00+00:00,-0.8183046185057712
2018-12-16 20:00:00+00:00,-0.8187663429139447
2018-12-16 20:30:00+00:00,-0.8192280673221182
2018-12-16 21:00:00+00:00,-0.8196897917302917
2018-12-16 21:30:00+00:00,-0.8201515161384652
2018-12-16 22:00:00+00:00,-0.8206132405466382
2018-12-16 22:30:00+00:00,-0.8210749649548117
2018-12-16 23:00:00+00:00,-0.8215366893629852
2018-12-16 23:30:00+00:00,-0.8219984137711587
2018-12-17 00:00:00+00:00,-0.8224601381793322
2018-12-17 00:30:00+00:00,-0.8229218625875057
2018-12-17 01:00:00+00:00,-0.8233835869956787
2018-12-17 01:30:00+00:00,-0.8238453114038522
2018-12-17 02:00:00+00:00,-0.8243070358120257
2018-12-17 02:30:00+00:00,-0.8247687602201992
2018-12-17 03:00:00+00:00,-0.8252304846283727
2018-12-17 03:30:00+00:00,-0.8256922090365457
2018-12-17 04:00:00+00:00,-0.8261539334447192
2018-12-17 04:30:00+00:00,-0.8266156578528927
2018-12-17 05:00:00+00:00,-0.8270773822610662
2018-12-17 05:30:00+00:00,-0.8275391066692397
2018-12-17 06:00:00+00:00,-0.8280008310774132
2018-12-17 06:30:00+00:00,-0.8284625554855862
2018-12-17 07:00:00+00:00,-0.8289242798937597
2018-12-17 07:30:00+00:00,-0.8293860043019332
2018-12-17 08:00:00+00:00,-0.8298477287101067
2018-12-17 08:30:00+00:00,-0.8303094531182802
2018-12-17 09:00:00+00:00,-0.8307711775264532
2018-12-17 09:30:00+00:00,-0.8312329019346267
2018-12-17 10:00:00+00:00,-0.8316946263428002
2018-12-17 10:30:00+00:00,-0.8321563507509737
2018-12-17 11:00:00+00:00,-0.8326180751591472
2018-12-17 11:30:00+00:00,-0.8330797995673207
2018-12-17 12:00:00+00:00,-0.8335415239754937
2018-12-17 12:30:00+00:00,-0.8340032483836672
2018-12-17 13:00:00+00:00,-0.8344649727918407
2018-12-17 13:30:00+00:00,-0.8349266972000142
2018-12-17 14:00:00+00:00,-0.8353884216081877
2018-12-17 14:30:00+00:00,-0.8358501460163608
2018-12-17 15:00:00+00:00,-0.8363118704245343
2018-12-17 15:30:00+00:00,-0.8367735948327077
2018-12-17 16:00:00+00:00,-0.8372353192408812
2018-12-17 16:30:00+00:00,-0.8376970436490547
2018-12-17 17:00:00+00:00,-0.8381587680572282
2018-12-17 17:30:00+00:00,-0.8386204924654013
2018-12-17 18:00:00+00:00,-0.8390822168735748
2018-12-17 18:30:00+00:00,-0.8395439412817483
2018-12-17 19:00:00+00:00,-0.8400056656899217
2018-12-17 19:30:00+00:00,-0.8404673900980952
2018-12-17 20:00:00+00:00,-0.8409291145062683
2018-12-17 20:30:00+00:00,-0.8413908389144418
2018-12-17 21:00:00+00:00,-0.8418525633226153
2018-12-17 21:30:00+00:00,-0.8423142877307888
2018-12-17 22:00:00+00:00,-0.8427760121389622
2018-12-17 22:30:00+00:00,-0.8432377365471357
2018-12-17 23:00:00+00:00,-0.8436994609553088
2018-12-17 23:30:00+00:00,-0.8441611853634823
2018-12-18 00:00:00+00:00,-0.8446229097716558
2018-12-18 00:30:00+00:00,-0.8450846341798293
2018-12-18 01:00:00+00:00,-0.8455463585880028
2018-12-18 01:30:00+00:00,-0.8460080829961758
2018-12-18 02:00:00+00:00,-0.8464698074043493
2018-12-18 02:30:00+00:00,-0.8469315318125228
2018-12-18 03:00:00+00:00,-0.8473932562206963
2018-12-18 03:30:00+00:00,-0.8478549806288698
2018-12-18 04:00:00+00:00,-0.8483167050370433
2018-12-18 04:30:00+00:00,-0.8487784294452164
2018-12-18 05:00:00+00:00,-0.9580994485145646
2018-12-18 05:30:00+00:00,-0.8529383953272928
2018-12-18 06:00:00+00:00,-0.8583487533856683
2018-12-18 06:30:00+00:00,-1.0113471212220322
2018-12-18 07:00:00+00:00,-0.7828883569450638
2018-12-18 07:30:00+00:00,-0.7953296049622645
2018-12-18 08:00:00+00:00,-0.4574328261768007
2018-12-18 08:30:00+00:00,-0.8718349955660725
2018-12-18 09:00:00+00:00,-0.9521127557932488
2018-12-18 09:30:00+00:00,-0.9264404801921328
2018-12-18 10:00:00+00:00,-0.7964571158436275
2018-12-18 10:30:00+00:00,-0.31906468658274867
2018-12-18 11:00:00+00:00,-0.16678036817151717
2018-12-18 11:30:00+00:00,1.5765299230488359
2018-12-18 12:00:00+00:00,1.698795765661242
2018-12-18 12:30:00+00:00,1.7090110542970234
2018-12-18 13:00:00+00:00,1.4646794938031382
2018-12-18 13:30:00+00:00,1.057938992440143
2018-12-18 14:00:00+00:00,0.6059834074034613
2018-12-18 14:30:00+00:00,0.6676538839050609
2018-12-18 15:00:00+00:00,0.4786114430664405
2018-12-18 15:30:00+00:00,0.5994126479765499
2018-12-18 16:00:00+00:00,0.8960003473583275
2018-12-18 16:30:00+00:00,0.24703877130365834
2018-12-18 17:00:00+00:00,-0.24590176739326303
2018-12-18 17:30:00+00:00,-0.6178261965614544
2018-12-18 18:00:00+00:00,-0.7143242975273534
2018-12-18 18:30:00+00:00,-0.9711250422756397
2018-12-18 19:00:00+00:00,-1.0974308694014392
2018-12-18 19:30:00+00:00,-1.0997537694350628
2018-12-18 20:00:00+00:00,-1.100000817550659
2018-12-18 20:30:00+00:00,-1.080457089005158
2018-12-18 21:00:00+00:00,-1.0929347419872855
2018-12-18 21:30:00+00:00,-1.1043700145356488
2018-12-18 22:00:00+00:00,-1.1000145441905342
2018-12-18 22:30:00+00:00,-1.100048400170997
2018-12-18 23:00:00+00:00,-1.1000822561514596
2018-12-18 23:30:00+00:00,-1.1000822561514596
2018-12-19 00:00:00+00:00,-1.1000822561514596
2018-12-19 00:30:00+00:00,-1.1000822561514596
2018-12-19 01:00:00+00:00,-1.1000822561514596
2018-12-19 01:30:00+00:00,-1.1000822561514596
2018-12-19 02:00:00+00:00,-1.100285392034236
2018-12-19 02:30:00+00:00,-1.0999241197156382
2018-12-19 03:00:00+00:00,-1.1006715329073076
2018-12-19 03:30:00+00:00,-1.0995037289806118
2018-12-19 04:00:00+00:00,-1.099799453472978
2018-12-19 04:30:00+00:00,-1.100095177965344
2018-12-19 05:00:00+00:00,-1.101213501373069
2018-12-19 05:30:00+00:00,-1.1019853997519087
2018-12-19 06:00:00+00:00,-1.1004305530406615
2018-12-19 06:30:00+00:00,-1.1003263430008519
2018-12-19 07:00:00+00:00,-1.1002089658097403
2018-12-19 07:30:00+00:00,-1.0710435122401392
2018-12-19 08:00:00+00:00,-1.1036586590103994
2018-12-19 08:30:00+00:00,-1.1005966489771721
2018-12-19 09:00:00+00:00,-1.1004618973687157
2018-12-19 09:30:00+00:00,-1.033420694117686
2018-12-19 10:00:00+00:00,-1.0376630086449112
2018-12-19 10:30:00+00:00,-1.0617617527659855
2018-12-19 11:00:00+00:00,-1.1001869516344651
2018-12-19 11:30:00+00:00,-1.1013619600929703
2018-12-19 12:00:00+00:00,-1.0825320714037303
2018-12-19 12:30:00+00:00,-0.8166516046706819
2018-12-19 13:00:00+00:00,-0.537920065547111
2018-12-19 13:30:00+00:00,-0.1756462612631794
2018-12-19 14:00:00+00:00,-0.11280307968538117
2018-12-19 14:30:00+00:00,0.07423191348405216
2018-12-19 15:00:00+00:00,0.05150045805650494
2018-12-19 15:30:00+00:00,0.2415595567619391
2018-12-19 16:00:00+00:00,0.4781239027806622
2018-12-19 16:30:00+00:00,0.09650400944829916
2018-12-19 17:00:00+00:00,0.012723811393808546
2018-12-19 17:30:00+00:00,0.07080643240355033
2018-12-19 18:00:00+00:00,0.43611759057404426
2018-12-19 18:30:00+00:00,0.07384900759376777
2018-12-19 19:00:00+00:00,-0.1251307921120608
2018-12-19 19:30:00+00:00,-0.05853422055333873
2018-12-19 20:00:00+00:00,-0.5270924866030131
2018-12-19 20:30:00+00:00,-0.6047118615929775
2018-12-19 21:00:00+00:00,-0.745043410158023
2018-12-19 21:30:00+00:00,-0.8043233879278116
2018-12-19 22:00:00+00:00,-0.8722813594469325
2018-12-19 22:30:00+00:00,-0.9385597822845858
2018-12-19 23:00:00+00:00,-0.9878035245642723
2018-12-19 23:30:00+00:00,-0.9179662970286848
2018-12-20 00:00:00+00:00,-0.8314297329248109
2018-12-20 00:30:00+00:00,-0.7683389869868802
2018-12-20 01:00:00+00:00,-0.7570192609259677
2018-12-20 01:30:00+00:00,-0.845670838848456
2018-12-20 02:00:00+00:00,-1.0092434745516168
2018-12-20 02:30:00+00:00,-0.9793062695665772
2018-12-20 03:00:00+00:00,-0.8473674140952997
2018-12-20 03:30:00+00:00,-0.9318115875970374
2018-12-20 04:00:00+00:00,-0.9540837661298666
2018-12-20 04:30:00+00:00,-0.6070368971668202
2018-12-20 05:00:00+00:00,-0.5979474238111223
2018-12-20 05:30:00+00:00,-0.5888579504554246
2018-12-20 06:00:00+00:00,-0.5797684770997268
2018-12-20 06:30:00+00:00,-0.4688589134525585
2018-12-20 07:00:00+00:00,-0.6642015400004014
2018-12-20 07:30:00+00:00,-0.4793982717805941
2018-12-20 08:00:00+00:00,-0.4787434370202072
2018-12-20 08:30:00+00:00,-0.5086125065935557
2018-12-20 09:00:00+00:00,-0.5108585739819648
2018-12-20 09:30:00+00:00,-0.5074619543092536
2018-12-20 10:00:00+00:00,-0.5005506285581133
2018-12-20 10:30:00+00:00,-0.6335749031676852
2018-12-20 11:00:00+00:00,-0.8217368796630454
2018-12-20 11:30:00+00:00,-0.08187663359711429
2018-12-20 12:00:00+00:00,0.28312619225204927
2018-12-20 12:30:00+00:00,0.3906000311658669
2018-12-20 13:00:00+00:00,0.3795048481733406
2018-12-20 13:30:00+00:00,0.1697851266938329
2018-12-20 14:00:00+00:00,0.7791976227275259
2018-12-20 14:30:00+00:00,0.35329469452365087
2018-12-20 15:00:00+00:00,0.12049984951484566
2018-12-20 15:30:00+00:00,-0.14348342885114196
2018-12-20 16:00:00+00:00,0.12763674967988253
2018-12-20 16:30:00+00:00,-0.19748564248914124
2018-12-20 17:00:00+00:00,-0.02531146239810969
2018-12-20 17:30:00+00:00,0.253310289324715
2018-12-20 18:00:00+00:00,0.07057009808890805
2018-12-20 18:30:00+00:00,0.2572333032914393
2018-12-20 19:00:00+00:00,-0.24399965560299106
2018-12-20 19:30:00+00:00,-0.44596898776366095
2018-12-20 20:00:00+00:00,-0.28462795072281977
2018-12-20 20:30:00+00:00,-0.32797397702258374
2018-12-20 21:00:00+00:00,-0.48937342374443615
2018-12-20 21:30:00+00:00,-0.45125321043715116
2018-12-20 22:00:00+00:00,-0.3584359454421153
2018-12-20 22:30:00+00:00,-0.45762781245115824
2018-12-20 23:00:00+00:00,-0.5256591910671337
2018-12-20 23:30:00+00:00,-0.6464825045709773
2018-12-21 00:00:00+00:00,-0.7455431973756685
2018-12-21 00:30:00+00:00,-0.6497375399892731
2018-12-21 01:00:00+00:00,-0.5668845069573539
2018-12-21 01:30:00+00:00,-0.6752712580859954
2018-12-21 02:00:00+00:00,-0.8163318474646676
2018-12-21 02:30:00+00:00,-0.9521502183097146
2018-12-21 03:00:00+00:00,-0.9493177259956547
2018-12-21 03:30:00+00:00,-1.0171477370951114
2018-12-21 04:00:00+00:00,-0.9961524782590566
2018-12-21 04:30:00+00:00,-1.0330090188427385
2018-12-21 05:00:00+00:00,-1.004009932522897
2018-12-21 05:30:00+00:00,-1.0388903629305133
2018-12-21 06:00:00+00:00,-0.9897990959362606
2018-12-21 06:30:00+00:00,-0.940707828942008
2018-12-21 07:00:00+00:00,-0.940707828942008
2018-12-21 07:30:00+00:00,-0.940707828942008
2018-12-21 08:00:00+00:00,-0.940707828942008
2018-12-21 08:30:00+00:00,-0.940707828942008
2018-12-21 09:00:00+00:00,-0.940707828942008
2018-12-21 09:30:00+00:00,-0.940707828942008
2018-12-21 10:00:00+00:00,-0.940707828942008
2018-12-21 10:30:00+00:00,-0.940707828942008
2018-12-21 11:00:00+00:00,-0.9362782371892365
2018-12-21 11:30:00+00:00,-0.9318486454364651
2018-12-21 12:00:00+00:00,-0.9274190536836936
2018-12-21 12:30:00+00:00,-0.9229894619309221
2018-12-21 13:00:00+00:00,-0.9185598701781507
2018-12-21 13:30:00+00:00,-0.9141302784253792
2018-12-21 14:00:00+00:00,-0.9097006866726077
2018-12-21 14:30:00+00:00,-0.9052710949198363
2018-12-21 15:00:00+00:00,-0.9008415031670649
2018-12-21 15:30:00+00:00,-0.8964119114142934
2018-12-21 16:00:00+00:00,-0.891982319661522
2018-12-21 16:30:00+00:00,-0.8875527279087505
2018-12-21 17:00:00+00:00,-0.883123136155979
2018-12-21 17:30:00+00:00,-0.8786935444032076
2018-12-21 18:00:00+00:00,-0.8742639526504361
2018-12-21 18:30:00+00:00,-0.8698343608976646
2018-12-21 19:00:00+00:00,-0.8654047691448932
2018-12-21 19:30:00+00:00,-0.8609751773921217
2018-12-21 20:00:00+00:00,-0.8565455856393502
2018-12-21 20:30:00+00:00,-0.8521159938865788
2018-12-21 21:00:00+00:00,-0.8476864021338073
2018-12-21 21:30:00+00:00,-0.8432568103810358
2018-12-21 22:00:00+00:00,-0.8388272186282644
2018-12-21 22:30:00+00:00,-0.8343976268754929
2018-12-21 23:00:00+00:00,-0.8299680351227214
2018-12-21 23:30:00+00:00,-0.82553844336995
2018-12-22 00:00:00+00:00,-0.8211088516171785
2018-12-22 00:30:00+00:00,-0.8166792598644071
2018-12-22 01:00:00+00:00,-0.8122496681116357
2018-12-22 01:30:00+00:00,-0.8078200763588642
2018-12-22 02:00:00+00:00,-0.8033904846060927
2018-12-22 02:30:00+00:00,-0.7989608928533213
2018-12-22 03:00:00+00:00,-0.7945313011005498
2018-12-22 03:30:00+00:00,-0.7901017093477783
2018-12-22 04:00:00+00:00,-0.7856721175950069
2018-12-22 04:30:00+00:00,-0.7812425258422354
2018-12-22 05:00:00+00:00,-0.776812934089464
2018-12-22 05:30:00+00:00,-0.7723833423366925
2018-12-22 06:00:00+00:00,-0.767953750583921
2018-12-22 06:30:00+00:00,-0.7635241588311495
2018-12-22 07:00:00+00:00,-0.7590945670783781
2018-12-22 07:30:00+00:00,-0.7546649753256066
2018-12-22 08:00:00+00:00,-0.7502353835728353
2018-12-22 08:30:00+00:00,-0.7458057918200638
2018-12-22 09:00:00+00:00,-0.7413762000672923
2018-12-22 09:30:00+00:00,-0.7369466083145209
2018-12-22 10:00:00+00:00,-0.7325170165617494
2018-12-22 10:30:00+00:00,-0.7280874248089779
2018-12-22 11:00:00+00:00,-0.7236578330562065
2018-12-22 11:30:00+00:00,-0.719228241303435
2018-12-22 12:00:00+00:00,-0.7147986495506635
2018-12-22 12:30:00+00:00,-0.7103690577978921
2018-12-22 13:00:00+00:00,-0.7059394660451206
2018-12-22 13:30:00+00:00,-0.7015098742923491
2018-12-22 14:00:00+00:00,-0.6970802825395777
2018-12-22 14:30:00+00:00,-0.6911534565793538
2018-12-22 15:00:00+00:00,-0.6852266306191299
2018-12-22 15:30:00+00:00,-0.6792998046589059
2018-12-22 16:00:00+00:00,-0.6733729786986821
2018-12-22 16:30:00+00:00,-0.6674461527384582
2018-12-22 17:00:00+00:00,-0.6615193267782343
2018-12-22 17:30:00+00:00,-0.6555925008180103
2018-12-22 18:00:00+00:00,-0.6496656748577865
2018-12-22 18:30:00+00:00,-0.6437388488975626
2018-12-22 19:00:00+00:00,-0.6378120229373387
2018-12-22 19:30:00+00:00,-0.6318851969771149
2018-12-22 20:00:00+00:00,-0.6259583710168909
2018-12-22 20:30:00+00:00,-0.620031545056667
2018-12-22 21:00:00+00:00,-0.6141047190964432
2018-12-22 21:30:00+00:00,-0.6081778931362192
2018-12-22 22:00:00+00:00,-0.6022510671759953
2018-12-22 22:30:00+00:00,-0.5963242412157714
2018-12-22 23:00:00+00:00,-0.5903974152555476
2018-12-22 23:30:00+00:00,-0.5844705892953237
2018-12-23 00:00:00+00:00,-0.5785437633350997
2018-12-23 00:30:00+00:00,-0.5726169373748758
2018-12-23 01:00:00+00:00,-0.566690111414652
2018-12-23 01:30:00+00:00,-0.5607632854544281
2018-12-23 02:00:00+00:00,-0.5548364594942041
2018-12-23 02:30:00+00:00,-0.5489096335339803
2018-12-23 03:00:00+00:00,-0.5429828075737564
2018-12-23 03:30:00+00:00,-0.5370559816135325
2018-12-23 04:00:00+00:00,-0.5311291556533086
2018-12-23 04:30:00+00:00,-0.5252023296930847
2018-12-23 05:00:00+00:00,-0.5192755037328608
2018-12-23 05:30:00+00:00,-0.5133486777726369
2018-12-23 06:00:00+00:00,-0.5074218518124131
2018-12-23 06:30:00+00:00,-0.5014950258521891
2018-12-23 07:00:00+00:00,-0.4955681998919652
2018-12-23 07:30:00+00:00,-0.48964137393174134
2018-12-23 08:00:00+00:00,-0.4837145479715175
2018-12-23 08:30:00+00:00,-0.47778772201129355
2018-12-23 09:00:00+00:00,-0.4718608960510696
2018-12-23 09:30:00+00:00,-0.46593407009084575
2018-12-23 10:00:00+00:00,-0.4600072441306219
2018-12-23 10:30:00+00:00,-0.45408041817039796
2018-12-23 11:00:00+00:00,-0.44815359221017403
2018-12-23 11:30:00+00:00,-0.44222676624995017
2018-12-23 12:00:00+00:00,-0.4362999402897263
2018-12-23 12:30:00+00:00,-0.43037311432950237
2018-12-23 13:00:00+00:00,-0.4244462883692785
2018-12-23 13:30:00+00:00,-0.4185194624090546
2018-12-23 14:00:00+00:00,-0.4125926364488307
2018-12-23 14:30:00+00:00,-0.4066658104886068
2018-12-23 15:00:00+00:00,-0.4007389845283829
2018-12-23 15:30:00+00:00,-0.39481215856815904
2018-12-23 16:00:00+00:00,-0.3888853326079351
2018-12-23 16:30:00+00:00,-0.38295850664771125
2018-12-23 17:00:00+00:00,-0.3770316806874873
2018-12-23 17:30:00+00:00,-0.37110485472726346
2018-12-23 18:00:00+00:00,-0.36517802876703953
2018-12-23 18:30:00+00:00,-0.35925120280681566
2018-12-23 19:00:00+00:00,-0.35332437684659174
2018-12-23 19:30:00+00:00,-0.34739755088636787
2018-12-23 20:00:00+00:00,-0.34147072492614394
2018-12-23 20:30:00+00:00,-0.3355438989659201
2018-12-23 21:00:00+00:00,-0.32961707300569615
2018-12-23 21:30:00+00:00,-0.3236902470454723
2018-12-23 22:00:00+00:00,-0.3177634210852484
2018-12-23 22:30:00+00:00,-0.3118365951250245
2018-12-23 23:00:00+00:00,-0.3059097691648006
2018-12-23 23:30:00+00:00,-0.2999829432045767
2018-12-24 00:00:00+00:00,-0.2940561172443528
2018-12-24 00:30:00+00:00,-0.2881292912841289
2018-12-24 01:00:00+00:00,-0.282202465323905
2018-12-24 01:30:00+00:00,-0.2762756393636811
2018-12-24 02:00:00+00:00,-0.27034881340345723
2018-12-24 02:30:00+00:00,-0.2644219874432333
2018-12-24 03:00:00+00:00,-0.25849516148300944
2018-12-24 03:30:00+00:00,-0.2525683355227855
2018-12-24 04:00:00+00:00,-0.24664150956256164
2018-12-24 04:30:00+00:00,-0.24071468360233778
2018-12-24 05:00:00+00:00,-0.23478785764211385
2018-12-24 05:30:00+00:00,-0.22886103168188998
2018-12-24 06:00:00+00:00,-0.22293420572166606
2018-12-24 06:30:00+00:00,-0.2170073797614422
2018-12-24 07:00:00+00:00,-0.21108055380121826
2018-12-24 07:30:00+00:00,-0.2051537278409944
2018-12-24 08:00:00+00:00,-0.19922690188077047
2018-12-24 08:30:00+00:00,-0.19330007592054654
2018-12-24 09:00:00+00:00,-0.18737324996032267
2018-12-24 09:30:00+00:00,-0.1814464240000988
2018-12-24 10:00:00+00:00,-0.17551959803987494
2018-12-24 10:30:00+00:00,-0.16959277207965107
2018-12-24 11:00:00+00:00,-0.16366594611942709
2018-12-24 11:30:00+00:00,-0.15773912015920322
2018-12-24 12:00:00+00:00,-0.15181229419897935
2018-12-24 12:30:00+00:00,-0.14588546823875548
2018-12-24 13:00:00+00:00,-0.1399586422785315
2018-12-24 13:30:00+00:00,-0.13403181631830763
2018-12-24 14:00:00+00:00,-0.12810499035808381
2018-12-24 14:30:00+00:00,-0.07496661105656925
2018-12-24 15:00:00+00:00,0.2117793290491358
2018-12-24 15:30:00+00:00,-0.005241627095649728
2018-12-24 16:00:00+00:00,0.06455327258132396
2018-12-24 16:30:00+00:00,0.3796962251848683
2018-12-24 17:00:00+00:00,0.7520560592611464
2018-12-24 17:30:00+00:00,0.2179990534822383
2018-12-24 18:00:00+00:00,0.12041511742458785
2018-12-24 18:30:00+00:00,0.3200133875627709
2018-12-24 19:00:00+00:00,0.8511901369602594
2018-12-24 19:30:00+00:00,0.5490631826645376
2018-12-24 20:00:00+00:00,0.027521064966462942
2018-12-24 20:30:00+00:00,-0.016479946704980698
2018-12-24 21:00:00+00:00,-0.23741354419430194
2018-12-24 21:30:00+00:00,-0.3148864467575133
2018-12-24 22:00:00+00:00,-0.49688786367108045
2018-12-24 22:30:00+00:00,-0.5562337337423684
2018-12-24 23:00:00+00:00,-0.5060238150319032
2018-12-24 23:30:00+00:00,-0.6338015416709386
2018-12-25 00:00:00+00:00,-0.6791804762547787
2018-12-25 00:30:00+00:00,-0.6868870094984023
2018-12-25 01:00:00+00:00,-0.775656557993416
2018-12-25 01:30:00+00:00,-0.8203265943933414
2018-12-25 02:00:00+00:00,-0.8066137608318417
2018-12-25 02:30:00+00:00,-0.9544869962309938
2018-12-25 03:00:00+00:00,-1.0376258824342048
2018-12-25 03:30:00+00:00,-0.8827468304289141
2018-12-25 04:00:00+00:00,-0.9588706864176261
2018-12-25 04:30:00+00:00,-0.9374431615862433
2018-12-25 05:00:00+00:00,-1.0008179999873255
2018-12-25 05:30:00+00:00,-1.0396270316558558
2018-12-25 06:00:00+00:00,-0.9579517784066636
2018-12-25 06:30:00+00:00,-0.9819540250818652
2018-12-25 07:00:00+00:00,-1.0564134129871297
2018-12-25 07:30:00+00:00,-1.0025370444319022
2018-12-25 08:00:00+00:00,-0.8352866602993504
2018-12-25 08:30:00+00:00,-0.9603780578393555
2018-12-25 09:00:00+00:00,-1.0251780131363366
2018-12-25 09:30:00+00:00,-0.9626801359626442
2018-12-25 10:00:00+00:00,-0.9075312617511944
2018-12-25 10:30:00+00:00,-1.080588564382539
2018-12-25 11:00:00+00:00,-0.9756826755769853
2018-12-25 11:30:00+00:00,-0.9508186870115849
2018-12-25 12:00:00+00:00,-0.8283196630158132
2018-12-25 12:30:00+00:00,-0.8657120162311472
2018-12-25 13:00:00+00:00,-0.7652569349111279
2018-12-25 13:30:00+00:00,-0.12303763628395804
2018-12-25 14:00:00+00:00,0.16423734523186873
2018-12-25 14:30:00+00:00,0.35096382252895364
2018-12-25 15:00:00+00:00,0.46258489170803324
2018-12-25 15:30:00+00:00,0.3102132048845148
2018-12-25 16:00:00+00:00,0.5321662354442035
2018-12-25 16:30:00+00:00,0.5052516909019236
2018-12-25 17:00:00+00:00,0.2457646304985042
2018-12-25 17:30:00+00:00,-0.04625780660369647
2018-12-25 18:00:00+00:00,-0.27636171429533773
2018-12-25 18:30:00+00:00,-0.5007757061153418
2018-12-25 19:00:00+00:00,-0.721383709887553
2018-12-25 19:30:00+00:00,-0.46019779302771174
2018-12-25 20:00:00+00:00,-0.2545448339906645
2018-12-25 20:30:00+00:00,-0.2664102907340573
2018-12-25 21:00:00+00:00,-0.3245122126567074
2018-12-25 21:30:00+00:00,-0.4502558442415711
2018-12-25 22:00:00+00:00,-0.4494807140572327
2018-12-25 22:30:00+00:00,-0.5432719525120657
2018-12-25 23:00:00+00:00,-0.6934183135998154
2018-12-25 23:30:00+00:00,-0.6503301487311297
2018-12-26 00:00:00+00:00,-0.3680781273145547
2018-12-26 00:30:00+00:00,-0.15962758210178102
2018-12-26 01:00:00+00:00,-0.3959147874382985
2018-12-26 01:30:00+00:00,-0.4643338153435174
2018-12-26 02:00:00+00:00,-0.6611410401164387
2018-12-26 02:30:00+00:00,-0.7074731690987116
2018-12-26 03:00:00+00:00,-0.6759846590226385
2018-12-26 03:30:00+00:00,-0.08289610552938582
2018-12-26 04:00:00+00:00,-0.37188024080748194
2018-12-26 04:30:00+00:00,-0.6199752157119636
2018-12-26 05:00:00+00:00,-0.5678744331721611
2018-12-26 05:30:00+00:00,-0.5226367616018647
2018-12-26 06:00:00+00:00,-0.5103777443807566
2018-12-26 06:30:00+00:00,-0.6462175279393845
2018-12-26 07:00:00+00:00,-0.5401684816903272
2018-12-26 07:30:00+00:00,-0.7397575562349861
2018-12-26 08:00:00+00:00,-0.7836536617933701
2018-12-26 08:30:00+00:00,-0.9105749464666292
2018-12-26 09:00:00+00:00,-0.8955615101052175
2018-12-26 09:30:00+00:00,-1.0988342133101823
2018-12-26 10:00:00+00:00,-0.9885610072334473
2018-12-26 10:30:00+00:00,-1.104646096541022
2018-12-26 11:00:00+00:00,-1.0003805924964642
2018-12-26 11:30:00+00:00,-0.7820555087265676
2018-12-26 12:00:00+00:00,-0.5648105226611849
2018-12-26 12:30:00+00:00,-0.34756553659580236
2018-12-26 13:00:00+00:00,-0.34756553659580236
2018-12-26 13:30:00+00:00,-0.34756553659580236
2018-12-26 14:00:00+00:00,0.3041694216003455
2018-12-26 14:30:00+00:00,0.7456760424675469
2018-12-26 15:00:00+00:00,0.6494975238290926
2018-12-26 15:30:00+00:00,0.5249176759178579
2018-12-26 16:00:00+00:00,0.5161241198379961
2018-12-26 16:30:00+00:00,-0.12999851409267443
2018-12-26 17:00:00+00:00,-0.20834712802426608
2018-12-26 17:30:00+00:00,-0.38037969647252157
2018-12-26 18:00:00+00:00,-0.3547463055064865
2018-12-26 18:30:00+00:00,-0.6898692907864573
2018-12-26 19:00:00+00:00,-0.9713041559860169
2018-12-26 19:30:00+00:00,-0.9853363444090832
2018-12-26 20:00:00+00:00,-1.0381770616003527
2018-12-26 20:30:00+00:00,-1.1002529696877525
2018-12-26 21:00:00+00:00,-1.1004996540622116
2018-12-26 21:30:00+00:00,-1.1003165429788258
2018-12-26 22:00:00+00:00,-1.1009279793644837
2018-12-26 22:30:00+00:00,-1.1000625616391015
2018-12-26 23:00:00+00:00,-1.0518081281866383
2018-12-26 23:30:00+00:00,-1.1010998998401063
2018-12-27 00:00:00+00:00,-1.0999537626711953
2018-12-27 00:30:00+00:00,-1.1002739675905766
2018-12-27 01:00:00+00:00,-1.100229983944982
2018-12-27 01:30:00+00:00,-1.10004568136674
2018-12-27 02:00:00+00:00,-1.0691891395087472
2018-12-27 02:30:00+00:00,-1.0120027815334356
2018-12-27 03:00:00+00:00,-1.1001676970661523
2018-12-27 03:30:00+00:00,-1.1000817425626679
2018-12-27 04:00:00+00:00,-1.1005406890956781
2018-12-27 04:30:00+00:00,-1.1005340258711345
2018-12-27 05:00:00+00:00,-1.101267046406441
2018-12-27 05:30:00+00:00,-1.10155326989848
2018-12-27 06:00:00+00:00,-1.1018394933905193
2018-12-27 06:30:00+00:00,-1.1001194117184188
2018-12-27 07:00:00+00:00,-1.1011024053509173
2018-12-27 07:30:00+00:00,-1.1005917002839343
2018-12-27 08:00:00+00:00,-1.0554927556134273
2018-12-27 08:30:00+00:00,-1.1050410228966772
2018-12-27 09:00:00+00:00,-0.802088114299245
2018-12-27 09:30:00+00:00,-0.49913520570181286
2018-12-27 10:00:00+00:00,-0.9503840290708335
2018-12-27 10:30:00+00:00,-0.9466617834284033
2018-12-27 11:00:00+00:00,-0.8381414026439271
2018-12-27 11:30:00+00:00,-0.7673071224784374
2018-12-27 12:00:00+00:00,-0.5299081387620415
2018-12-27 12:30:00+00:00,-0.6245053680374363
2018-12-27 13:00:00+00:00,-0.5782706308118924
2018-12-27 13:30:00+00:00,-0.5904376818132989
2018-12-27 14:00:00+00:00,-0.30242367122412633
2018-12-27 14:30:00+00:00,-0.31782873258425914
2018-12-27 15:00:00+00:00,-0.302748880666013
2018-12-27 15:30:00+00:00,-0.16919700197151993
2018-12-27 16:00:00+00:00,-0.10521393160435515
2018-12-27 16:30:00+00:00,-0.3729870566932141
2018-12-27 17:00:00+00:00,-0.45850502753113004
2018-12-27 17:30:00+00:00,-0.3280011096921374
2018-12-27 18:00:00+00:00,-0.5248611651627499
2018-12-27 18:30:00+00:00,-0.4625596119565866
2018-12-27 19:00:00+00:00,-0.3135097024052712
2018-12-27 19:30:00+00:00,-0.30276820403219407
2018-12-27 20:00:00+00:00,-0.2728442287791311
2018-12-27 20:30:00+00:00,-0.22038915552496383
2018-12-27 21:00:00+00:00,0.07005592763406036
2018-12-27 21:30:00+00:00,-0.4141502821444317
2018-12-27 22:00:00+00:00,-0.48671558585686886
2018-12-27 22:30:00+00:00,-0.31804655169839824
2018-12-27 23:00:00+00:00,-0.17407740893135992
2018-12-27 23:30:00+00:00,-0.2388687393417618
2018-12-28 00:00:00+00:00,-0.08931198706730509
2018-12-28 00:30:00+00:00,-0.16183970292704955
2018-12-28 01:00:00+00:00,0.16857095182976534
2018-12-28 01:30:00+00:00,-0.0744994760368699
2018-12-28 02:00:00+00:00,-0.7892952886133047
2018-12-28 02:30:00+00:00,-0.9800913326309089
2018-12-28 03:00:00+00:00,-0.8800067136448726
2018-12-28 03:30:00+00:00,-0.8263231984370639
2018-12-28 04:00:00+00:00,-0.7560899933166986
2018-12-28 04:30:00+00:00,-0.758513123640836
2018-12-28 05:00:00+00:00,-0.8589196406484493
2018-12-28 05:30:00+00:00,-0.8969014149319247
2018-12-28 06:00:00+00:00,-0.8971547578739066
2018-12-28 06:30:00+00:00,-0.7333020541252684
2018-12-28 07:00:00+00:00,-0.775787468258627
2018-12-28 07:30:00+00:00,-0.8671509750829003
2018-12-28 08:00:00+00:00,-0.7491725571673598
2018-12-28 08:30:00+00:00,-0.8678573746817208
2018-12-28 09:00:00+00:00,-1.0428299139491448
2018-12-28 09:30:00+00:00,-0.9102585143310885
2018-12-28 10:00:00+00:00,-1.04507611212772
2018-12-28 10:30:00+00:00,-0.8968793485420834
2018-12-28 11:00:00+00:00,-0.8871169628823613
2018-12-28 11:30:00+00:00,-0.9044272863211702
2018-12-28 12:00:00+00:00,-0.7541997785824841
2018-12-28 12:30:00+00:00,-0.8022836153060706
2018-12-28 13:00:00+00:00,-0.7434257618907275
2018-12-28 13:30:00+00:00,-0.7839597350785045
2018-12-28 14:00:00+00:00,-0.613810350822772
2018-12-28 14:30:00+00:00,-0.44759276284871197
2018-12-28 15:00:00+00:00,-0.4851839218924912
2018-12-28 15:30:00+00:00,-0.17785078737978366
2018-12-28 16:00:00+00:00,0.12948234713292375
2018-12-28 16:30:00+00:00,0.5839660134486626
2018-12-28 17:00:00+00:00,1.3572892897722306
2018-12-28 17:30:00+00:00,1.101413441382709
2018-12-28 18:00:00+00:00,1.6442771246404864
2018-12-28 18:30:00+00:00,0.552823692200584
2018-12-28 19:00:00+00:00,0.7706556307922261
2018-12-28 19:30:00+00:00,-0.1799054514131295
2018-12-28 20:00:00+00:00,-0.24108263021298243
2018-12-28 20:30:00+00:00,-0.25635858260604444
2018-12-28 21:00:00+00:00,-0.2716345349991064
2018-12-28 21:30:00+00:00,-0.2716345349991064
2018-12-28 22:00:00+00:00,-0.2716345349991064
2018-12-28 22:30:00+00:00,-0.2716345349991064
2018-12-28 23:00:00+00:00,-0.2716345349991064
2018-12-28 23:30:00+00:00,-0.2716345349991064
2018-12-29 00:00:00+00:00,-0.2716345349991064
2018-12-29 00:30:00+00:00,-0.2716345349991064
2018-12-29 01:00:00+00:00,-0.2716345349991064
2018-12-29 01:30:00+00:00,-0.307278423916251
2018-12-29 02:00:00+00:00,-0.3429223128333955
2018-12-29 02:30:00+00:00,-0.3785662017505401
2018-12-29 03:00:00+00:00,-0.41421009066768466
2018-12-29 03:30:00+00:00,-0.44985397958482926
2018-12-29 04:00:00+00:00,-0.48549786850197385
2018-12-29 04:30:00+00:00,-0.44784672140683934
2018-12-29 05:00:00+00:00,-0.7695017089219259
2018-12-29 05:30:00+00:00,-0.8006327488697924
2018-12-29 06:00:00+00:00,-0.8331961712856544
2018-12-29 06:30:00+00:00,-0.8648638083765717
2018-12-29 07:00:00+00:00,-0.7657406630738551
2018-12-29 07:30:00+00:00,-0.8121944089736648
2018-12-29 08:00:00+00:00,-0.871365074305669
2018-12-29 08:30:00+00:00,-0.8659071340192795
2018-12-29 09:00:00+00:00,-0.7455792075287913
2018-12-29 09:30:00+00:00,-0.7349016546346601
2018-12-29 10:00:00+00:00,-0.6132076676905529
2018-12-29 10:30:00+00:00,-0.49257912220689826
2018-12-29 11:00:00+00:00,-0.4001047885494189
2018-12-29 11:30:00+00:00,-0.43361261088763425
2018-12-29 12:00:00+00:00,-0.1963281476510808
2018-12-29 12:30:00+00:00,0.06717073749127203
2018-12-29 13:00:00+00:00,-0.03411664193165682
2018-12-29 13:30:00+00:00,0.06126957329738072
2018-12-29 14:00:00+00:00,0.1477994051227929
2018-12-29 14:30:00+00:00,0.3017508699726997
2018-12-29 15:00:00+00:00,0.5346972553016076
2018-12-29 15:30:00+00:00,0.4896528027189605
2018-12-29 16:00:00+00:00,0.014668912330474786
2018-12-29 16:30:00+00:00,0.017705588397390115
2018-12-29 17:00:00+00:00,0.04076060474550495
2018-12-29 17:30:00+00:00,0.03640901651743384
2018-12-29 18:00:00+00:00,0.3190714418536823
2018-12-29 18:30:00+00:00,0.3023748951871459
2018-12-29 19:00:00+00:00,0.01800138536717765
2018-12-29 19:30:00+00:00,-0.2146061649010846
2018-12-29 20:00:00+00:00,-0.21510540439059
2018-12-29 20:30:00+00:00,-0.09617975162750945
2018-12-29 21:00:00+00:00,0.19069009080228197
2018-12-29 21:30:00+00:00,-0.12172595067952945
2018-12-29 22:00:00+00:00,-0.07284579001094377
2018-12-29 22:30:00+00:00,0.043061705260458834
2018-12-29 23:00:00+00:00,0.3094321041899343
2018-12-29 23:30:00+00:00,-0.2557997587307151
2018-12-30 00:00:00+00:00,-0.7143631179207921
2018-12-30 00:30:00+00:00,-0.8819983956703792
2018-12-30 01:00:00+00:00,-0.8165261479353128
2018-12-30 01:30:00+00:00,-0.8027636268270353
2018-12-30 02:00:00+00:00,-0.8378240534933084
2018-12-30 02:30:00+00:00,-1.0453895530894952
2018-12-30 03:00:00+00:00,-1.005317041354757
2018-12-30 03:30:00+00:00,-0.9303327181836185
2018-12-30 04:00:00+00:00,-0.5768369422412598
2018-12-30 04:30:00+00:00,-0.30921733310098903
2018-12-30 05:00:00+00:00,-0.5412547411948216
2018-12-30 05:30:00+00:00,-0.7756267802137107
2018-12-30 06:00:00+00:00,-0.7236785494443457
2018-12-30 06:30:00+00:00,-0.8040933698789078
2018-12-30 07:00:00+00:00,-0.9466342160034074
2018-12-30 07:30:00+00:00,-0.8891699390745822
2018-12-30 08:00:00+00:00,-0.9440826867262139
2018-12-30 08:30:00+00:00,-0.9441731106408486
2018-12-30 09:00:00+00:00,-0.9375853010880111
2018-12-30 09:30:00+00:00,-0.8913080546783967
2018-12-30 10:00:00+00:00,-0.9677555226471621
2018-12-30 10:30:00+00:00,-0.9814925039465419
2018-12-30 11:00:00+00:00,-0.9991108011630044
2018-12-30 11:30:00+00:00,-0.9439036233784462
2018-12-30 12:00:00+00:00,-0.7409658718761734
2018-12-30 12:30:00+00:00,-0.6616249347427074
2018-12-30 13:00:00+00:00,-0.6212648750166557
2018-12-30 13:30:00+00:00,-0.42477055326052393
2018-12-30 14:00:00+00:00,-0.012476406399910267
2018-12-30 14:30:00+00:00,-0.008005416056333405
2018-12-30 15:00:00+00:00,-0.30391111336181004
2018-12-30 15:30:00+00:00,0.05689727213724836
2018-12-30 16:00:00+00:00,0.234181666069123
2018-12-30 16:30:00+00:00,-0.06465478659734065
2018-12-30 17:00:00+00:00,0.1512367770739045
2018-12-30 17:30:00+00:00,0.23614642019647702
2018-12-30 18:00:00+00:00,0.07273324239632406
2018-12-30 18:30:00+00:00,0.8185012757561714
2018-12-30 19:00:00+00:00,0.32124922003098694
2018-12-30 19:30:00+00:00,0.18706275581859685
2018-12-30 20:00:00+00:00,0.07667459579255032
2018-12-30 20:30:00+00:00,-0.5149594470102625
2018-12-30 21:00:00+00:00,-0.6208385515123737
2018-12-30 21:30:00+00:00,-0.2862558403548319
2018-12-30 22:00:00+00:00,-0.31757378743259634
2018-12-30 22:30:00+00:00,-0.16727626337529117
2018-12-30 23:00:00+00:00,-0.06959452865422497
2018-12-30 23:30:00+00:00,-0.3172698839135879
2018-12-31 00:00:00+00:00,-0.4897852275369622
2018-12-31 00:30:00+00:00,-0.6959782509172456
2018-12-31 01:00:00+00:00,-0.779687912366751
2018-12-31 01:30:00+00:00,-0.9112200382568184
2018-12-31 02:00:00+00:00,-1.040843505464955
2018-12-31 02:30:00+00:00,-1.0992664075117389
2018-12-31 03:00:00+00:00,-1.0993327101363997
2018-12-31 03:30:00+00:00,-1.0993489082543173
2018-12-31 04:00:00+00:00,-0.9671391887726756
2018-12-31 04:30:00+00:00,-0.9842157329532001
2018-12-31 05:00:00+00:00,-1.0445227816727578
2018-12-31 05:30:00+00:00,-1.101177787946328
2018-12-31 06:00:00+00:00,-1.099703270101129
2018-12-31 06:30:00+00:00,-1.100415835734049
2018-12-31 07:00:00+00:00,-1.0746547783706069
2018-12-31 07:30:00+00:00,-1.0199265590683175
2018-12-31 08:00:00+00:00,-1.0864996763919166
2018-12-31 08:30:00+00:00,-1.1003686440154514
2018-12-31 09:00:00+00:00,-0.9293759146443206
2018-12-31 09:30:00+00:00,-1.100439492838703
2018-12-31 10:00:00+00:00,-1.0499023628869846
2018-12-31 10:30:00+00:00,-1.064059502336216
2018-12-31 11:00:00+00:00,-1.0782166417854475
2018-12-31 11:30:00+00:00,-1.0305161350331775
2018-12-31 12:00:00+00:00,-1.0179927353188554
2018-12-31 12:30:00+00:00,-0.9988643366597115
2018-12-31 13:00:00+00:00,-1.0645734968642844
2018-12-31 13:30:00+00:00,-1.0354631920606265
2018-12-31 14:00:00+00:00,-1.0137920667874352
2018-12-31 14:30:00+00:00,-0.8766062786655353
2018-12-31 15:00:00+00:00,-0.4935903583643279
2018-12-31 15:30:00+00:00,-0.49606165029564225
2018-12-31 16:00:00+00:00,-0.35015421021129717
2018-12-31 16:30:00+00:00,-0.5820926454909895
2018-12-31 17:00:00+00:00,-0.5468397167296911
2018-12-31 17:30:00+00:00,-0.20849610353209128
2018-12-31 18:00:00+00:00,-0.18227703539773524
2018-12-31 18:30:00+00:00,0.09572726323562022
2018-12-31 19:00:00+00:00,0.5478115735448433
2018-12-31 19:30:00+00:00,0.8680472765161339
2018-12-31 20:00:00+00:00,1.1687875854759293
2018-12-31 20:30:00+00:00,1.1137657588966579
2018-12-31 21:00:00+00:00,1.0682307227663381
2018-12-31 21:30:00+00:00,0.8549903052472336
2018-12-31 22:00:00+00:00,0.3515296078384984
2018-12-31 22:30:00+00:00,0.012060005434358024
2018-12-31 23:00:00+00:00,-0.2681053545934404
2018-12-31 23:30:00+00:00,-0.3316308435357771
2019-01-01 00:00:00+00:00,-0.3656645633419278
2019-01-01 00:30:00+00:00,-0.35143850139254773
2019-01-01 01:00:00+00:00,-0.5423700841055473
2019-01-01 01:30:00+00:00,-0.5930508153086091
2019-01-01 02:00:00+00:00,-0.7034064020902481
2019-01-01 02:30:00+00:00,-0.9416048038200646
2019-01-01 03:00:00+00:00,-0.8943325691784596
2019-01-01 03:30:00+00:00,-0.9508967985828731
2019-01-01 04:00:00+00:00,-0.9109450744279219
2019-01-01 04:30:00+00:00,-0.7362521982335001
2019-01-01 05:00:00+00:00,-0.7317226344101452
2019-01-01 05:30:00+00:00,-0.8166302783722231
2019-01-01 06:00:00+00:00,-0.9402107869301103
2019-01-01 06:30:00+00:00,-0.8513551638965916
2019-01-01 07:00:00+00:00,-0.6747167994337671
2019-01-01 07:30:00+00:00,-0.947927601394474
2019-01-01 08:00:00+00:00,-1.0550615947336217
2019-01-01 08:30:00+00:00,-0.8881095506988333
2019-01-01 09:00:00+00:00,-0.9063016307579158
2019-01-01 09:30:00+00:00,-0.8392635941749486
2019-01-01 10:00:00+00:00,-0.8033618835795615
2019-01-01 10:30:00+00:00,-0.7399835658079944
2019-01-01 11:00:00+00:00,-0.8118205259821286
2019-01-01 11:30:00+00:00,-0.8546621168216493
2019-01-01 12:00:00+00:00,-0.6804893074486539
2019-01-01 12:30:00+00:00,-0.6414011427013632
2019-01-01 13:00:00+00:00,-0.27296660619077123
2019-01-01 13:30:00+00:00,0.23874916449512418
2019-01-01 14:00:00+00:00,0.09884993801447149
2019-01-01 14:30:00+00:00,0.0072434864770019045
2019-01-01 15:00:00+00:00,-0.3363951188968847
2019-01-01 15:30:00+00:00,-0.3671425997389227
2019-01-01 16:00:00+00:00,-0.19124843943183606
2019-01-01 16:30:00+00:00,0.1038586489882492
2019-01-01 17:00:00+00:00,0.08357585222357183
2019-01-01 17:30:00+00:00,0.7699441310527256
2019-01-01 18:00:00+00:00,0.6760077211600748
2019-01-01 18:30:00+00:00,0.5084248001017349
2019-01-01 19:00:00+00:00,0.5998375658940346
2019-01-01 19:30:00+00:00,0.3789586737722631
2019-01-01 20:00:00+00:00,0.1443192033233232
2019-01-01 20:30:00+00:00,-0.006772261416222346
2019-01-01 21:00:00+00:00,0.0761007110613222
2019-01-01 21:30:00+00:00,0.1370940825360575
2019-01-01 22:00:00+00:00,0.13991170392206456
2019-01-01 22:30:00+00:00,-0.0004626037886317912
2019-01-01 23:00:00+00:00,-0.15455203509145535
2019-01-01 23:30:00+00:00,-0.031043814290566542
2019-01-02 00:00:00+00:00,-0.15922009970775752
2019-01-02 00:30:00+00:00,-0.5411801638541855
2019-01-02 01:00:00+00:00,-0.3422070176571912
2019-01-02 01:30:00+00:00,-0.42585314301311017
2019-01-02 02:00:00+00:00,-0.860219279099203
2019-01-02 02:30:00+00:00,-0.8982969920592796
2019-01-02 03:00:00+00:00,-1.0127382729278385
2019-01-02 03:30:00+00:00,-0.8252243649651556
2019-01-02 04:00:00+00:00,-0.5473443130544811
2019-01-02 04:30:00+00:00,-0.26946426114380634
2019-01-02 05:00:00+00:00,-0.10701506782449996
2019-01-02 05:30:00+00:00,-0.18376760869447764
2019-01-02 06:00:00+00:00,-0.2727559695665858
2019-01-02 06:30:00+00:00,-0.36174433043869414
2019-01-02 07:00:00+00:00,-0.36174433043869414
2019-01-02 07:30:00+00:00,-0.36174433043869414
2019-01-02 08:00:00+00:00,-0.6287094130550188
2019-01-02 08:30:00+00:00,-0.6664686117752465
2019-01-02 09:00:00+00:00,-0.7542675969838378
2019-01-02 09:30:00+00:00,-0.7423319232397017
2019-01-02 10:00:00+00:00,-0.5792639939530312
2019-01-02 10:30:00+00:00,-0.7684936859401739
2019-01-02 11:00:00+00:00,-0.8158580756683305
2019-01-02 11:30:00+00:00,-0.8120171323800693
2019-01-02 12:00:00+00:00,-0.7380372223818472
2019-01-02 12:30:00+00:00,-0.6381046907406576
2019-01-02 13:00:00+00:00,-0.739658928443687
2019-01-02 13:30:00+00:00,-0.582488157109174
2019-01-02 14:00:00+00:00,-0.3348627377177993
2019-01-02 14:30:00+00:00,-0.0416171727593247
2019-01-02 15:00:00+00:00,0.2805064258073397
2019-01-02 15:30:00+00:00,0.2948968301132031
2019-01-02 16:00:00+00:00,0.24216635149733806
2019-01-02 16:30:00+00:00,0.21046606932410017
2019-01-02 17:00:00+00:00,0.1787657871508623
2019-01-02 17:30:00+00:00,0.001954027675840859
2019-01-02 18:00:00+00:00,-0.1748577317991806
2019-01-02 18:30:00+00:00,0.05403824020342439
2019-01-02 19:00:00+00:00,-0.11760594561507831
2019-01-02 19:30:00+00:00,-0.21845478921695632
2019-01-02 20:00:00+00:00,-0.2710626097021398
2019-01-02 20:30:00+00:00,-0.5506918684730876
2019-01-02 21:00:00+00:00,-0.5643790478352664
2019-01-02 21:30:00+00:00,-0.730661862903556
2019-01-02 22:00:00+00:00,-0.656956118522979
2019-01-02 22:30:00+00:00,-0.5072205136020924
2019-01-02 23:00:00+00:00,-0.5186127323697218
2019-01-02 23:30:00+00:00,-0.5947734090572921
2019-01-03 00:00:00+00:00,-0.5048036433085572
2019-01-03 00:30:00+00:00,-0.6986492900154978
2019-01-03 01:00:00+00:00,-0.739990165246591
2019-01-03 01:30:00+00:00,-0.3900312603401297
2019-01-03 02:00:00+00:00,-0.9061140293821415
2019-01-03 02:30:00+00:00,-0.9692878845156024
2019-01-03 03:00:00+00:00,-1.0993940618309073
2019-01-03 03:30:00+00:00,-1.0535337057534195
2019-01-03 04:00:00+00:00,-1.0145899336942896
2019-01-03 04:30:00+00:00,-0.9146204454067924
2019-01-03 05:00:00+00:00,-1.0694682629150105
2019-01-03 05:30:00+00:00,-1.0979887539140907
2019-01-03 06:00:00+00:00,-1.1004587975414422
2019-01-03 06:30:00+00:00,-1.0644845101483764
2019-01-03 07:00:00+00:00,-1.0957565915322238
2019-01-03 07:30:00+00:00,-0.9882447199602017
2019-01-03 08:00:00+00:00,-0.9974613589084372
2019-01-03 08:30:00+00:00,-0.8653830422303961
2019-01-03 09:00:00+00:00,-0.9071668221735789
2019-01-03 09:30:00+00:00,-0.6456217241024553
2019-01-03 10:00:00+00:00,-0.7651462534342993
2019-01-03 10:30:00+00:00,-0.840689229612026
2019-01-03 11:00:00+00:00,-0.24500535079129382
2019-01-03 11:30:00+00:00,-0.47052923676024216
2019-01-03 12:00:00+00:00,-0.6689418692295472
2019-01-03 12:30:00+00:00,-0.8407518652765422
2019-01-03 13:00:00+00:00,-0.8098443828139568
2019-01-03 13:30:00+00:00,-0.6031993221248904
2019-01-03 14:00:00+00:00,-0.35659456862316147
2019-01-03 14:30:00+00:00,-0.13158712131080258
2019-01-03 15:00:00+00:00,-0.046255194712962404
2019-01-03 15:30:00+00:00,0.22268540794118258
2019-01-03 16:00:00+00:00,0.2623629608234144
2019-01-03 16:30:00+00:00,0.14764641238291673
2019-01-03 17:00:00+00:00,0.256622087554461
2019-01-03 17:30:00+00:00,0.186812181422869
2019-01-03 18:00:00+00:00,-0.1103790493512796
2019-01-03 18:30:00+00:00,0.0018632931848356956
2019-01-03 19:00:00+00:00,0.020744767794930924
2019-01-03 19:30:00+00:00,0.21264179242277725
2019-01-03 20:00:00+00:00,0.03866584387386447
2019-01-03 20:30:00+00:00,0.14598687036599778
2019-01-03 21:00:00+00:00,-0.03098587527175811
2019-01-03 21:30:00+00:00,-0.1478729239089354
2019-01-03 22:00:00+00:00,-0.3425162400322893
2019-01-03 22:30:00+00:00,-0.6922546809000646
2019-01-03 23:00:00+00:00,-0.9379065871484499
2019-01-03 23:30:00+00:00,-0.8969295163503842
2019-01-04 00:00:00+00:00,-0.4996424404882811
2019-01-04 00:30:00+00:00,-0.35346410511303666
2019-01-04 01:00:00+00:00,-0.3537057558011255
2019-01-04 01:30:00+00:00,-0.610429927896463
2019-01-04 02:00:00+00:00,-0.6528240980208658
2019-01-04 02:30:00+00:00,-0.8670584359903077
2019-01-04 03:00:00+00:00,-0.8635094099863825
2019-01-04 03:30:00+00:00,-0.7446402390459713
2019-01-04 04:00:00+00:00,-0.8438251113895614
2019-01-04 04:30:00+00:00,-0.8526273683422736
2019-01-04 05:00:00+00:00,-0.6996691600213067
2019-01-04 05:30:00+00:00,-0.4208371625473845
2019-01-04 06:00:00+00:00,-0.41089904956313694
2019-01-04 06:30:00+00:00,-0.4005657882734825
2019-01-04 07:00:00+00:00,-0.4955854836022906
2019-01-04 07:30:00+00:00,-0.3616022293069909
2019-01-04 08:00:00+00:00,-0.44308236375641197
2019-01-04 08:30:00+00:00,-0.051952467801354416
2019-01-04 09:00:00+00:00,0.10792463906452648
2019-01-04 09:30:00+00:00,-0.2405041452833482
2019-01-04 10:00:00+00:00,-0.5724514289432229
2019-01-04 10:30:00+00:00,0.30674406446554403
2019-01-04 11:00:00+00:00,0.0012837886196540198
2019-01-04 11:30:00+00:00,0.40274026145749736
2019-01-04 12:00:00+00:00,0.3956810781879805
2019-01-04 12:30:00+00:00,0.5885198365466839
2019-01-04 13:00:00+00:00,0.8535947684152437
2019-01-04 13:30:00+00:00,1.0586267433634788
2019-01-04 14:00:00+00:00,0.703918461717619
2019-01-04 14:30:00+00:00,0.11791374036459346
2019-01-04 15:00:00+00:00,0.24536177997349704
2019-01-04 15:30:00+00:00,-0.0008796123660560735
2019-01-04 16:00:00+00:00,0.0687478803711076
2019-01-04 16:30:00+00:00,-0.094443523210172
2019-01-04 17:00:00+00:00,-0.02445164497093541
2019-01-04 17:30:00+00:00,0.2683124478299885
2019-01-04 18:00:00+00:00,-0.03410757468672989
2019-01-04 18:30:00+00:00,-0.17692337974809608
2019-01-04 19:00:00+00:00,-0.3647468087859879
2019-01-04 19:30:00+00:00,-0.20638485969447054
2019-01-04 20:00:00+00:00,-0.14632739737864472
2019-01-04 20:30:00+00:00,0.04806123965209432
2019-01-04 21:00:00+00:00,-0.07147723791386522
2019-01-04 21:30:00+00:00,-0.36277133983373117
2019-01-04 22:00:00+00:00,-0.6725302340772649
2019-01-04 22:30:00+00:00,-0.7138871066663642
2019-01-04 23:00:00+00:00,-0.8822021468490026
2019-01-04 23:30:00+00:00,-0.9194002368801959
2019-01-05 00:00:00+00:00,-0.9792318457803258
2019-01-05 00:30:00+00:00,-1.075986165740122
2019-01-05 01:00:00+00:00,-1.0993388223498262
2019-01-05 01:30:00+00:00,-1.0994466529432516
2019-01-05 02:00:00+00:00,-1.0992961792034726
2019-01-05 02:30:00+00:00,-1.099617538643532
2019-01-05 03:00:00+00:00,-1.1016490379403787
2019-01-05 03:30:00+00:00,-1.0994287643357015
2019-01-05 04:00:00+00:00,-1.0996017554451198
2019-01-05 04:30:00+00:00,-0.8753659217068226
2019-01-05 05:00:00+00:00,-0.4219975221013967
2019-01-05 05:30:00+00:00,-0.7405004049993738
2019-01-05 06:00:00+00:00,-0.5755391138284042
2019-01-05 06:30:00+00:00,-0.45425435483202453
2019-01-05 07:00:00+00:00,-0.6421050461448787
2019-01-05 07:30:00+00:00,-0.7904454920815114
2019-01-05 08:00:00+00:00,-0.6658183627204165
2019-01-05 08:30:00+00:00,-0.48930481146447197
2019-01-05 09:00:00+00:00,-0.3794642732646396
2019-01-05 09:30:00+00:00,-0.4958832826178491
2019-01-05 10:00:00+00:00,-0.6165126735176053
2019-01-05 10:30:00+00:00,-0.5476574156931565
2019-01-05 11:00:00+00:00,-0.36778318526609305
2019-01-05 11:30:00+00:00,-0.41328964573779764
2019-01-05 12:00:00+00:00,0.20674692055212845
2019-01-05 12:30:00+00:00,0.7688156461767023
2019-01-05 13:00:00+00:00,0.8154966435992853
2019-01-05 13:30:00+00:00,0.6531384887141772
2019-01-05 14:00:00+00:00,0.4618828016029283
2019-01-05 14:30:00+00:00,0.9106000598869034
2019-01-05 15:00:00+00:00,1.0256562377094223
2019-01-05 15:30:00+00:00,1.607264299662679
2019-01-05 16:00:00+00:00,1.7023309581377546
2019-01-05 16:30:00+00:00,1.6636635745765878
2019-01-05 17:00:00+00:00,1.462871023342361
2019-01-05 17:30:00+00:00,0.8902275187823554
2019-01-05 18:00:00+00:00,0.4626326525267043
2019-01-05 18:30:00+00:00,0.024730406076226636
2019-01-05 19:00:00+00:00,0.37411011381739573
2019-01-05 19:30:00+00:00,0.5472491621913378
2019-01-05 20:00:00+00:00,0.20858474203233288
2019-01-05 20:30:00+00:00,0.3250399606666894
2019-01-05 21:00:00+00:00,0.6658247105928722
2019-01-05 21:30:00+00:00,0.379445973275198
2019-01-05 22:00:00+00:00,0.343089548745297
2019-01-05 22:30:00+00:00,-0.3543337208307967
2019-01-05 23:00:00+00:00,-0.031266770793559766
2019-01-05 23:30:00+00:00,-0.36831710233115467
2019-01-06 00:00:00+00:00,-0.6459548209849512
2019-01-06 00:30:00+00:00,-0.626861178062509
2019-01-06 01:00:00+00:00,-0.4060698147152561
2019-01-06 01:30:00+00:00,-0.5716088216809587
2019-01-06 02:00:00+00:00,-0.5665068101541945
2019-01-06 02:30:00+00:00,-0.7342190168026064
2019-01-06 03:00:00+00:00,-0.8092144686155788
2019-01-06 03:30:00+00:00,-0.8735184773497254
2019-01-06 04:00:00+00:00,-0.7528583633246573
2019-01-06 04:30:00+00:00,-0.4474922268038823
2019-01-06 05:00:00+00:00,-0.11249358068229014
2019-01-06 05:30:00+00:00,-0.4982444931261416
2019-01-06 06:00:00+00:00,-0.5879717139417667
2019-01-06 06:30:00+00:00,-0.7943479457051233
2019-01-06 07:00:00+00:00,-0.7612009058433173
2019-01-06 07:30:00+00:00,-0.934056693454385
2019-01-06 08:00:00+00:00,-0.8731530719941714
2019-01-06 08:30:00+00:00,-0.6937992893051556
2019-01-06 09:00:00+00:00,-0.8617455961506567
2019-01-06 09:30:00+00:00,-0.879212031123369
2019-01-06 10:00:00+00:00,-0.837033564591301
2019-01-06 10:30:00+00:00,-0.7730391026161154
2019-01-06 11:00:00+00:00,-0.7626085515179726
2019-01-06 11:30:00+00:00,-0.6489167590663225
2019-01-06 12:00:00+00:00,-0.4800703689169611
2019-01-06 12:30:00+00:00,-0.29777865210872595
2019-01-06 13:00:00+00:00,0.1025965931315562
2019-01-06 13:30:00+00:00,0.7693653405260935
2019-01-06 14:00:00+00:00,0.9367830346757016
2019-01-06 14:30:00+00:00,1.2764087550227166
2019-01-06 15:00:00+00:00,1.049756140774304
2019-01-06 15:30:00+00:00,1.1440812603345083
2019-01-06 16:00:00+00:00,1.2217265112531406
2019-01-06 16:30:00+00:00,1.4631074948496245
2019-01-06 17:00:00+00:00,1.353874868285187
2019-01-06 17:30:00+00:00,1.45219990931915
2019-01-06 18:00:00+00:00,1.2621126882040674
2019-01-06 18:30:00+00:00,1.072025467088985
2019-01-06 19:00:00+00:00,0.501245338217358
2019-01-06 19:30:00+00:00,0.3485907345574429
2019-01-06 20:00:00+00:00,0.5763676055619111
2019-01-06 20:30:00+00:00,0.4227687943621564
2019-01-06 21:00:00+00:00,0.6492440335975095
2019-01-06 21:30:00+00:00,-0.2715026368916011
2019-01-06 22:00:00+00:00,0.24909305874376733
2019-01-06 22:30:00+00:00,0.2941221139180567
2019-01-06 23:00:00+00:00,0.44683755930940233
2019-01-06 23:30:00+00:00,0.12330890152054348
2019-01-07 00:00:00+00:00,-0.42199227432184544
2019-01-07 00:30:00+00:00,-0.7864725144764829
2019-01-07 01:00:00+00:00,-0.7374059626096925
2019-01-07 01:30:00+00:00,-0.5151503363393114
2019-01-07 02:00:00+00:00,-0.5683729975761026
2019-01-07 02:30:00+00:00,-0.6215956588128938
2019-01-07 03:00:00+00:00,-0.6215956588128938
2019-01-07 03:30:00+00:00,-0.6215956588128938
2019-01-07 04:00:00+00:00,-0.6215956588128938
2019-01-07 04:30:00+00:00,-0.6215956588128938
2019-01-07 05:00:00+00:00,-0.8877089649968495
2019-01-07 05:30:00+00:00,-0.9416943856126168
2019-01-07 06:00:00+00:00,-1.002127317122623
2019-01-07 06:30:00+00:00,-0.9826938847252573
2019-01-07 07:00:00+00:00,-0.8783942211622805
2019-01-07 07:30:00+00:00,-0.9154715236044153
2019-01-07 08:00:00+00:00,-1.0445158261952747
2019-01-07 08:30:00+00:00,-0.6939437703335585
2019-01-07 09:00:00+00:00,-0.6205302417936842
2019-01-07 09:30:00+00:00,-0.6922640002539491
2019-01-07 10:00:00+00:00,-0.5002207041468761
2019-01-07 10:30:00+00:00,-0.3402149789489029
2019-01-07 11:00:00+00:00,-0.4343933499332256
2019-01-07 11:30:00+00:00,-0.2154626176782229
2019-01-07 12:00:00+00:00,-0.4886453760651789
2019-01-07 12:30:00+00:00,-0.5457071874720921
2019-01-07 13:00:00+00:00,-0.49802955787134534
2019-01-07 13:30:00+00:00,-0.23046965340307002
2019-01-07 14:00:00+00:00,-0.2120427056317921
2019-01-07 14:30:00+00:00,-0.10589325804237973
2019-01-07 15:00:00+00:00,-0.047494454960832606
2019-01-07 15:30:00+00:00,-0.11256270754905415
2019-01-07 16:00:00+00:00,-0.15405031704529307
2019-01-07 16:30:00+00:00,0.12327567404160268
2019-01-07 17:00:00+00:00,0.4157096012600457
2019-01-07 17:30:00+00:00,0.47224323112694716
2019-01-07 18:00:00+00:00,0.32754661399600643
2019-01-07 18:30:00+00:00,0.11948699011426563
2019-01-07 19:00:00+00:00,-0.5034248583311975
2019-01-07 19:30:00+00:00,-0.7895344776762822
2019-01-07 20:00:00+00:00,-0.6943725085634488
2019-01-07 20:30:00+00:00,-0.8729349826941775
2019-01-07 21:00:00+00:00,-0.8511753601095843
2019-01-07 21:30:00+00:00,-0.7419526114862935
2019-01-07 22:00:00+00:00,-0.7119784507291552
2019-01-07 22:30:00+00:00,-0.7621991393936238
2019-01-07 23:00:00+00:00,-0.7585716161653436
2019-01-07 23:30:00+00:00,-0.8093184448554025
2019-01-08 00:00:00+00:00,-1.0213339680732407
2019-01-08 00:30:00+00:00,-1.0642507859216566
2019-01-08 01:00:00+00:00,-1.1001336812791083
2019-01-08 01:30:00+00:00,-1.0994643461215214
2019-01-08 02:00:00+00:00,-1.0996635763582132
2019-01-08 02:30:00+00:00,-1.0998628065949048
2019-01-08 03:00:00+00:00,-1.0998628065949048
2019-01-08 03:30:00+00:00,-1.0998628065949048
2019-01-08 04:00:00+00:00,-1.1004604973049796
2019-01-08 04:30:00+00:00,-1.0994038866257072
2019-01-08 05:00:00+00:00,-0.8619843144789326
2019-01-08 05:30:00+00:00,-0.7037131800686861
2019-01-08 06:00:00+00:00,-0.40798224814047696
2019-01-08 06:30:00+00:00,-0.6130731558077022
2019-01-08 07:00:00+00:00,-0.8084765080962186
2019-01-08 07:30:00+00:00,-0.8610751682736576
2019-01-08 08:00:00+00:00,-0.7073052370734395
2019-01-08 08:30:00+00:00,-0.8910850797083512
2019-01-08 09:00:00+00:00,-0.7338615075627619
2019-01-08 09:30:00+00:00,-0.7275513635016422
2019-01-08 10:00:00+00:00,-0.8797896987489757
2019-01-08 10:30:00+00:00,-0.8331331661107358
2019-01-08 11:00:00+00:00,-0.967416181728743
2019-01-08 11:30:00+00:00,-0.8392339550953997
2019-01-08 12:00:00+00:00,-0.9010057198717079
2019-01-08 12:30:00+00:00,-0.8217185367456386
2019-01-08 13:00:00+00:00,-0.7889830161660397
2019-01-08 13:30:00+00:00,-0.4233349618086634
2019-01-08 14:00:00+00:00,-0.30748559668420145
2019-01-08 14:30:00+00:00,-0.1501789902374419
2019-01-08 15:00:00+00:00,-0.10096314029127626
2019-01-08 15:30:00+00:00,-0.013295211523558545
2019-01-08 16:00:00+00:00,0.3133527096607631
2019-01-08 16:30:00+00:00,0.8051366728837304
2019-01-08 17:00:00+00:00,0.9443603386578506
2019-01-08 17:30:00+00:00,0.7751850231998323
2019-01-08 18:00:00+00:00,0.14757139725240356
2019-01-08 18:30:00+00:00,0.15398564941381926
2019-01-08 19:00:00+00:00,-0.04799617481182217
2019-01-08 19:30:00+00:00,-0.41627029908403335
2019-01-08 20:00:00+00:00,-0.7513028638153073
2019-01-08 20:30:00+00:00,-0.9060758825859716
2019-01-08 21:00:00+00:00,-0.9884125051791242
2019-01-08 21:30:00+00:00,-0.9078641187294555
2019-01-08 22:00:00+00:00,-0.9138730924110015
2019-01-08 22:30:00+00:00,-0.9923186303562539
2019-01-08 23:00:00+00:00,-1.0636123184978683
2019-01-08 23:30:00+00:00,-1.100995744334099
2019-01-09 00:00:00+00:00,-1.100545462512621
2019-01-09 00:30:00+00:00,-1.100095180691143
2019-01-09 01:00:00+00:00,-1.099644898869665
2019-01-09 01:30:00+00:00,-1.0999350625549484
2019-01-09 02:00:00+00:00,-1.1001668579751085
2019-01-09 02:30:00+00:00,-1.1001421546496508
2019-01-09 03:00:00+00:00,-1.0998989611977936
2019-01-09 03:30:00+00:00,-1.0997574126840024
2019-01-09 04:00:00+00:00,-1.1002682756496502
2019-01-09 04:30:00+00:00,-1.0996248600097536
2019-01-09 05:00:00+00:00,-1.1004349659327244
2019-01-09 05:30:00+00:00,-0.9536233792806735
2019-01-09 06:00:00+00:00,-0.9700176203282312
2019-01-09 06:30:00+00:00,-1.0355393378095534
2019-01-09 07:00:00+00:00,-0.915827575160877
2019-01-09 07:30:00+00:00,-0.8645300807184714
2019-01-09 08:00:00+00:00,-1.0964247423403874
2019-01-09 08:30:00+00:00,-0.6945005017814283
2019-01-09 09:00:00+00:00,-0.762772671554017
2019-01-09 09:30:00+00:00,-0.5273140556329279
2019-01-09 10:00:00+00:00,-0.7866185143851641
2019-01-09 10:30:00+00:00,-0.7269647788628196
2019-01-09 11:00:00+00:00,-0.6826825879743065
2019-01-09 11:30:00+00:00,-0.7748486324073672
2019-01-09 12:00:00+00:00,-0.8546911277200219
2019-01-09 12:30:00+00:00,-0.7230134250563035
2019-01-09 13:00:00+00:00,-0.440758655561023
2019-01-09 13:30:00+00:00,-0.11437809309100405
2019-01-09 14:00:00+00:00,0.15542190620448798
2019-01-09 14:30:00+00:00,0.402364773600775
2019-01-09 15:00:00+00:00,0.550444053807907
2019-01-09 15:30:00+00:00,0.5458979462671291
2019-01-09 16:00:00+00:00,0.6910029608263293
2019-01-09 16:30:00+00:00,-0.07828859703917083
2019-01-09 17:00:00+00:00,0.18671916265246763
2019-01-09 17:30:00+00:00,0.6558462675879713
2019-01-09 18:00:00+00:00,0.546553479552534
2019-01-09 18:30:00+00:00,0.4755704086785421
2019-01-09 19:00:00+00:00,1.6998475525868268
2019-01-09 19:30:00+00:00,1.748971975803646
2019-01-09 20:00:00+00:00,1.5449800043357225
2019-01-09 20:30:00+00:00,1.4338381686702406
2019-01-09 21:00:00+00:00,1.3226963330047588
2019-01-09 21:30:00+00:00,1.3226963330047588
2019-01-09 22:00:00+00:00,1.3226963330047588
2019-01-09 22:30:00+00:00,1.3226963330047588
2019-01-09 23:00:00+00:00,1.3226963330047588
2019-01-09 23:30:00+00:00,1.3226963330047588
2019-01-10 00:00:00+00:00,1.3226963330047588
2019-01-10 00:30:00+00:00,1.3226963330047588
2019-01-10 01:00:00+00:00,1.3226963330047588
2019-01-10 01:30:00+00:00,1.1004126616737953
2019-01-10 02:00:00+00:00,0.8781289903428318
2019-01-10 02:30:00+00:00,0.6558453190118683
2019-01-10 03:00:00+00:00,0.43356164768090477
2019-01-10 03:30:00+00:00,0.21127797634994128
2019-01-10 04:00:00+00:00,-0.011005694981022218
2019-01-10 04:30:00+00:00,-0.2332893663119857
2019-01-10 05:00:00+00:00,-0.4555730376429495
2019-01-10 05:30:00+00:00,-0.09546402336162663
2019-01-10 06:00:00+00:00,-0.4279306323100904
2019-01-10 06:30:00+00:00,-0.4093792365052834
2019-01-10 07:00:00+00:00,-0.4887928290942691
2019-01-10 07:30:00+00:00,-0.7213314009015004
2019-01-10 08:00:00+00:00,-0.7601519653839578
2019-01-10 08:30:00+00:00,-0.8421863979758278
2019-01-10 09:00:00+00:00,-0.8261608178205854
2019-01-10 09:30:00+00:00,-0.6639443889690053
2019-01-10 10:00:00+00:00,-0.9058640516234074
2019-01-10 10:30:00+00:00,-0.6465389310008917
2019-01-10 11:00:00+00:00,-0.7245605118382197
2019-01-10 11:30:00+00:00,-0.6227720583620323
2019-01-10 12:00:00+00:00,-0.5543746757051832
2019-01-10 12:30:00+00:00,-0.013851033239145322
2019-01-10 13:00:00+00:00,0.15820811194384282
2019-01-10 13:30:00+00:00,0.4141887536734841
2019-01-10 14:00:00+00:00,0.5590161833887216
2019-01-10 14:30:00+00:00,1.101901198693485
2019-01-10 15:00:00+00:00,1.1609987659733934
2019-01-10 15:30:00+00:00,1.6042481689522599
2019-01-10 16:00:00+00:00,1.319438070444382
2019-01-10 16:30:00+00:00,1.5481031433985724
2019-01-10 17:00:00+00:00,1.1649057682175545
2019-01-10 17:30:00+00:00,1.392733844645008
2019-01-10 18:00:00+00:00,1.4936102385350798
2019-01-10 18:30:00+00:00,1.2202086027073547
2019-01-10 19:00:00+00:00,0.954041677478099
2019-01-10 19:30:00+00:00,1.1767224165355081
2019-01-10 20:00:00+00:00,1.3162500660480727
2019-01-10 20:30:00+00:00,1.3745286771494818
2019-01-10 21:00:00+00:00,1.058897456417797
2019-01-10 21:30:00+00:00,0.2417079176715079
2019-01-10 22:00:00+00:00,-0.0018644675185387873
2019-01-10 22:30:00+00:00,-0.47126730381485155
2019-01-10 23:00:00+00:00,-0.6962100732816389
2019-01-10 23:30:00+00:00,-0.9027102677531185
2019-01-11 00:00:00+00:00,-0.7088052510543349
2019-01-11 00:30:00+00:00,-0.5701101707016404
2019-01-11 01:00:00+00:00,-0.07321735457119838
2019-01-11 01:30:00+00:00,-0.36825163675502404
2019-01-11 02:00:00+00:00,-0.8674493366178321
2019-01-11 02:30:00+00:00,-1.0930560823435798
2019-01-11 03:00:00+00:00,-0.9984739106116908
2019-01-11 03:30:00+00:00,-0.8257766011500209
2019-01-11 04:00:00+00:00,-0.7219716688303779
2019-01-11 04:30:00+00:00,-0.786454259363717
2019-01-11 05:00:00+00:00,-0.9149255771123329
2019-01-11 05:30:00+00:00,-0.8437126183175369
2019-01-11 06:00:00+00:00,-0.982050410591067
2019-01-11 06:30:00+00:00,-1.0646403659427137
2019-01-11 07:00:00+00:00,-1.1046886199052828
2019-01-11 07:30:00+00:00,-0.924518008226514
2019-01-11 08:00:00+00:00,-1.0996980028890961
2019-01-11 08:30:00+00:00,-1.1020299438262997
2019-01-11 09:00:00+00:00,-1.0987671094790223
2019-01-11 09:30:00+00:00,-1.0775410012656605
2019-01-11 10:00:00+00:00,-0.9487489188147031
2019-01-11 10:30:00+00:00,-0.9097248875166808
2019-01-11 11:00:00+00:00,-1.0351511907554094
2019-01-11 11:30:00+00:00,-0.9328438260320085
2019-01-11 12:00:00+00:00,-0.7957774395575825
2019-01-11 12:30:00+00:00,-0.6224307078967973
2019-01-11 13:00:00+00:00,-0.3399969235240521
2019-01-11 13:30:00+00:00,0.24393238030224293
2019-01-11 14:00:00+00:00,0.5848168643177573
2019-01-11 14:30:00+00:00,0.574446857769275
2019-01-11 15:00:00+00:00,0.5493173859557818
2019-01-11 15:30:00+00:00,1.2996570383454689
2019-01-11 16:00:00+00:00,1.1911857147458043
2019-01-11 16:30:00+00:00,0.708779409322552
2019-01-11 17:00:00+00:00,0.5516462129284095
2019-01-11 17:30:00+00:00,0.7425559244482087
2019-01-11 18:00:00+00:00,1.3128584033069437
2019-01-11 18:30:00+00:00,1.6279210292878654
2019-01-11 19:00:00+00:00,0.9414521515368007
2019-01-11 19:30:00+00:00,0.5340236748879621
2019-01-11 20:00:00+00:00,0.3027569459458734
2019-01-11 20:30:00+00:00,-0.14043906293593644
2019-01-11 21:00:00+00:00,-0.1595231825504646
2019-01-11 21:30:00+00:00,-0.17854400944775464
2019-01-11 22:00:00+00:00,0.008201621102908589
2019-01-11 22:30:00+00:00,0.1354843310188491
2019-01-11 23:00:00+00:00,0.1738732213442813
2019-01-11 23:30:00+00:00,0.031055736944820184
2019-01-12 00:00:00+00:00,0.2577240014303384
2019-01-12 00:30:00+00:00,-0.2969462211215966
2019-01-12 01:00:00+00:00,-0.5019957467898852
2019-01-12 01:30:00+00:00,-0.15059834209226342
2019-01-12 02:00:00+00:00,-0.18004410106068205
2019-01-12 02:30:00+00:00,-0.23672697272687426
2019-01-12 03:00:00+00:00,0.07523580387748027
2019-01-12 03:30:00+00:00,-0.4223616469348677
2019-01-12 04:00:00+00:00,-0.15561276682760875
2019-01-12 04:30:00+00:00,-0.3970736041431415
2019-01-12 05:00:00+00:00,-0.12235945088452647
2019-01-12 05:30:00+00:00,-0.24059561328664364
2019-01-12 06:00:00+00:00,-0.3224258880976142
2019-01-12 06:30:00+00:00,-0.3489874010416703
2019-01-12 07:00:00+00:00,-0.5627487185624843
2019-01-12 07:30:00+00:00,-0.8094669489055248
2019-01-12 08:00:00+00:00,-0.7598726877080731
2019-01-12 08:30:00+00:00,-0.8700593968810671
2019-01-12 09:00:00+00:00,-0.934766387345517
2019-01-12 09:30:00+00:00,-0.7255365914991372
2019-01-12 10:00:00+00:00,-0.795270011345258
2019-01-12 10:30:00+00:00,-0.772353190526833
2019-01-12 11:00:00+00:00,-0.7983595676330429
2019-01-12 11:30:00+00:00,-0.47508752484517236
2019-01-12 12:00:00+00:00,-0.364236156682772
2019-01-12 12:30:00+00:00,-0.34703177754691233
2019-01-12 13:00:00+00:00,0.31427121533302654
2019-01-12 13:30:00+00:00,0.3690695326404226
2019-01-12 14:00:00+00:00,0.6348296603922483
2019-01-12 14:30:00+00:00,0.6523069826091721
2019-01-12 15:00:00+00:00,0.8261125769913195
2019-01-12 15:30:00+00:00,0.9193262172372556
2019-01-12 16:00:00+00:00,1.2856105493214884
2019-01-12 16:30:00+00:00,1.2775241696095523
2019-01-12 17:00:00+00:00,0.8382867160426101
2019-01-12 17:30:00+00:00,1.1313723258690374
2019-01-12 18:00:00+00:00,1.1042197551291841
2019-01-12 18:30:00+00:00,1.2215648909124348
2019-01-12 19:00:00+00:00,1.536339322190249
2019-01-12 19:30:00+00:00,1.7510234319288696
2019-01-12 20:00:00+00:00,1.7514513955927324
2019-01-12 20:30:00+00:00,1.6465735387841867
2019-01-12 21:00:00+00:00,0.45339879083985685
2019-01-12 21:30:00+00:00,-0.025422280128768748
2019-01-12 22:00:00+00:00,-0.3653044389689312
2019-01-12 22:30:00+00:00,-0.6625152205947578
2019-01-12 23:00:00+00:00,-0.8728547728337948
2019-01-12 23:30:00+00:00,-0.7117066964792526
2019-01-13 00:00:00+00:00,-0.7178807117547203
2019-01-13 00:30:00+00:00,-0.724054727030188
2019-01-13 01:00:00+00:00,-0.724054727030188
2019-01-13 01:30:00+00:00,-0.724054727030188
2019-01-13 02:00:00+00:00,-0.724054727030188
2019-01-13 02:30:00+00:00,-0.724054727030188
2019-01-13 03:00:00+00:00,-0.724054727030188
2019-01-13 03:30:00+00:00,-0.724054727030188
2019-01-13 04:00:00+00:00,-0.724054727030188
2019-01-13 04:30:00+00:00,-0.724054727030188
2019-01-13 05:00:00+00:00,-0.7202431134895111
2019-01-13 05:30:00+00:00,-0.716431499948834
2019-01-13 06:00:00+00:00,-0.7126198864081571
2019-01-13 06:30:00+00:00,-0.7088082728674802
2019-01-13 07:00:00+00:00,-0.7049966593268031
2019-01-13 07:30:00+00:00,-0.7011850457861262
2019-01-13 08:00:00+00:00,-0.6973734322454492
2019-01-13 08:30:00+00:00,-0.6935618187047722
2019-01-13 09:00:00+00:00,-0.6897502051640952
2019-01-13 09:30:00+00:00,-0.6859385916234183
2019-01-13 10:00:00+00:00,-0.6821269780827413
2019-01-13 10:30:00+00:00,-0.6783153645420643
2019-01-13 11:00:00+00:00,-0.6745037510013874
2019-01-13 11:30:00+00:00,-0.6706921374607103
2019-01-13 12:00:00+00:00,-0.6668805239200334
2019-01-13 12:30:00+00:00,-0.6630689103793564
2019-01-13 13:00:00+00:00,-0.6592572968386794
2019-01-13 13:30:00+00:00,-0.6554456832980025
2019-01-13 14:00:00+00:00,-0.6516340697573255
2019-01-13 14:30:00+00:00,-0.6478224562166485
2019-01-13 15:00:00+00:00,-0.6440108426759715
2019-01-13 15:30:00+00:00,-0.6401992291352945
2019-01-13 16:00:00+00:00,-0.6363876155946175
2019-01-13 16:30:00+00:00,-0.6325760020539406
2019-01-13 17:00:00+00:00,-0.6287643885132637
2019-01-13 17:30:00+00:00,-0.6249527749725866
2019-01-13 18:00:00+00:00,-0.6211411614319097
2019-01-13 18:30:00+00:00,-0.6173295478912326
2019-01-13 19:00:00+00:00,-0.6135179343505557
2019-01-13 19:30:00+00:00,-0.6097063208098787
2019-01-13 20:00:00+00:00,-0.6058947072692018
2019-01-13 20:30:00+00:00,-0.6020830937285248
2019-01-13 21:00:00+00:00,-0.5982714801878478
2019-01-13 21:30:00+00:00,-0.5944598666471708
2019-01-13 22:00:00+00:00,-0.5906482531064938
2019-01-13 22:30:00+00:00,-0.5868366395658169
2019-01-13 23:00:00+00:00,-0.58302502602514
2019-01-13 23:30:00+00:00,-0.5792134124844629
2019-01-14 00:00:00+00:00,-0.575401798943786
2019-01-14 00:30:00+00:00,-0.5715901854031089
2019-01-14 01:00:00+00:00,-0.567778571862432
2019-01-14 01:30:00+00:00,-0.563966958321755
2019-01-14 02:00:00+00:00,-0.5601553447810781
2019-01-14 02:30:00+00:00,-0.556343731240401
2019-01-14 03:00:00+00:00,-0.5525321176997241
2019-01-14 03:30:00+00:00,-0.548720504159047
2019-01-14 04:00:00+00:00,-0.5449088906183701
2019-01-14 04:30:00+00:00,-0.5410972770776932
2019-01-14 05:00:00+00:00,-0.5372856635370161
2019-01-14 05:30:00+00:00,-0.5334740499963392
2019-01-14 06:00:00+00:00,-0.5296624364556622
2019-01-14 06:30:00+00:00,-0.5258508229149852
2019-01-14 07:00:00+00:00,-0.5220392093743083
2019-01-14 07:30:00+00:00,-0.5931233859231599
2019-01-14 08:00:00+00:00,-0.5400505735587018
2019-01-14 08:30:00+00:00,-0.2065705098704301
2019-01-14 09:00:00+00:00,-0.5857951172786782
2019-01-14 09:30:00+00:00,-0.7530283319916705
2019-01-14 10:00:00+00:00,-0.395081790021115
2019-01-14 10:30:00+00:00,-0.2840412798254537
2019-01-14 11:00:00+00:00,-0.07061925043987048
2019-01-14 11:30:00+00:00,-0.09136838165836256
2019-01-14 12:00:00+00:00,0.11714615813526481
2019-01-14 12:30:00+00:00,0.5201072585565629
2019-01-14 13:00:00+00:00,0.527424764183139
2019-01-14 13:30:00+00:00,0.7089718989673285
2019-01-14 14:00:00+00:00,0.6576732701519985
2019-01-14 14:30:00+00:00,0.6137652243297539
2019-01-14 15:00:00+00:00,0.9862132702973948
2019-01-14 15:30:00+00:00,0.6624856833723965
2019-01-14 16:00:00+00:00,0.7576554329297223
2019-01-14 16:30:00+00:00,0.3644029069607737
2019-01-14 17:00:00+00:00,0.2619771090987882
2019-01-14 17:30:00+00:00,-0.03874141105292044
2019-01-14 18:00:00+00:00,-0.2715234850766748
2019-01-14 18:30:00+00:00,-0.3776380089789088
2019-01-14 19:00:00+00:00,-0.6257284949663414
2019-01-14 19:30:00+00:00,-0.6195916741905133
2019-01-14 20:00:00+00:00,-0.5165276679792367
2019-01-14 20:30:00+00:00,-0.5184019249243877
2019-01-14 21:00:00+00:00,-0.6308796522718629
2019-01-14 21:30:00+00:00,-0.7066778127171685
2019-01-14 22:00:00+00:00,-0.8020117642215467
2019-01-14 22:30:00+00:00,-0.7783712777122487
2019-01-14 23:00:00+00:00,-0.8882470100866532
2019-01-14 23:30:00+00:00,-1.0500315201919295
2019-01-15 00:00:00+00:00,-1.097756944013864
2019-01-15 00:30:00+00:00,-1.0993727410841276
2019-01-15 01:00:00+00:00,-1.0992998592637733
2019-01-15 01:30:00+00:00,-1.099226977443419
2019-01-15 02:00:00+00:00,-1.099226977443419
2019-01-15 02:30:00+00:00,-1.099226977443419
2019-01-15 03:00:00+00:00,-1.099226977443419
2019-01-15 03:30:00+00:00,-1.0989354501620017
2019-01-15 04:00:00+00:00,-1.099972224110681
2019-01-15 04:30:00+00:00,-1.099301087049955
2019-01-15 05:00:00+00:00,-1.1002647321620704
2019-01-15 05:30:00+00:00,-1.0400376036523484
2019-01-15 06:00:00+00:00,-0.7548146048636737
2019-01-15 06:30:00+00:00,-0.7004250774859827
2019-01-15 07:00:00+00:00,-0.3486112213437915
2019-01-15 07:30:00+00:00,-0.15195487830758042
2019-01-15 08:00:00+00:00,0.08150626208264337
2019-01-15 08:30:00+00:00,-0.19810188213828037
2019-01-15 09:00:00+00:00,-0.1922192800712027
2019-01-15 09:30:00+00:00,-0.22713401041697137
2019-01-15 10:00:00+00:00,-0.4972071077678058
2019-01-15 10:30:00+00:00,-0.6695719590246678
2019-01-15 11:00:00+00:00,-0.6589029831480174
2019-01-15 11:30:00+00:00,-0.5265411751121417
2019-01-15 12:00:00+00:00,-0.29661531404590885
2019-01-15 12:30:00+00:00,0.29340744230197213
2019-01-15 13:00:00+00:00,0.21134921664354783
2019-01-15 13:30:00+00:00,0.443631820437167
2019-01-15 14:00:00+00:00,0.19502687236638128
2019-01-15 14:30:00+00:00,0.35992815061600003
2019-01-15 15:00:00+00:00,0.32943014799723636
2019-01-15 15:30:00+00:00,0.5418749947886352
2019-01-15 16:00:00+00:00,0.12166877263003648
2019-01-15 16:30:00+00:00,-0.04115437639105137
2019-01-15 17:00:00+00:00,0.03747735643345007
2019-01-15 17:30:00+00:00,-0.27550884200860765
2019-01-15 18:00:00+00:00,-0.35372304918599967
2019-01-15 18:30:00+00:00,-0.3642080916310747
2019-01-15 19:00:00+00:00,-0.6329007804799682
2019-01-15 19:30:00+00:00,-0.7990244220514359
2019-01-15 20:00:00+00:00,-0.5679935403727981
2019-01-15 20:30:00+00:00,-0.2927669044520229
2019-01-15 21:00:00+00:00,-0.38463753228108066
2019-01-15 21:30:00+00:00,-0.3419414766255702
2019-01-15 22:00:00+00:00,-0.6544089171669027
2019-01-15 22:30:00+00:00,-0.7275743550740478
2019-01-15 23:00:00+00:00,-0.5636769268951488
2019-01-15 23:30:00+00:00,-0.826104031229773
2019-01-16 00:00:00+00:00,-0.9808098735240682
2019-01-16 00:30:00+00:00,-0.9977582358332358
2019-01-16 01:00:00+00:00,-0.9990217423809006
2019-01-16 01:30:00+00:00,-0.9264176283286845
2019-01-16 02:00:00+00:00,-0.9432867130869156
2019-01-16 02:30:00+00:00,-0.9601557978451467
2019-01-16 03:00:00+00:00,-0.9601557978451467
2019-01-16 03:30:00+00:00,-0.9601557978451467
2019-01-16 04:00:00+00:00,-1.0107630521198399
2019-01-16 04:30:00+00:00,-0.9551189750611607
2019-01-16 05:00:00+00:00,-0.8994748980024818
2019-01-16 05:30:00+00:00,-0.7712623475464204
2019-01-16 06:00:00+00:00,-0.639850443914359
2019-01-16 06:30:00+00:00,-0.5058699773333334
2019-01-16 07:00:00+00:00,-0.7238461998171666
2019-01-16 07:30:00+00:00,-0.7433783053321164
2019-01-16 08:00:00+00:00,-0.7253982703075145
2019-01-16 08:30:00+00:00,-0.6778713468857543
2019-01-16 09:00:00+00:00,-0.712980259351363
2019-01-16 09:30:00+00:00,-0.6634542568839111
2019-01-16 10:00:00+00:00,-0.844239516191962
2019-01-16 10:30:00+00:00,-0.885995798603651
2019-01-16 11:00:00+00:00,-0.7629915738447591
2019-01-16 11:30:00+00:00,-0.8596146425090199
2019-01-16 12:00:00+00:00,-0.554654413035778
2019-01-16 12:30:00+00:00,-0.4844649050545391
2019-01-16 13:00:00+00:00,-0.4875843346864623
2019-01-16 13:30:00+00:00,-0.2954359346054279
2019-01-16 14:00:00+00:00,-0.37649329713830276
2019-01-16 14:30:00+00:00,-0.1749626352735985
2019-01-16 15:00:00+00:00,-0.18297800594411046
2019-01-16 15:30:00+00:00,0.07293373987163211
2019-01-16 16:00:00+00:00,0.32884548568737487
2019-01-16 16:30:00+00:00,0.6487560940297851
2019-01-16 17:00:00+00:00,1.0353769696817963
2019-01-16 17:30:00+00:00,0.913021366567841
2019-01-16 18:00:00+00:00,0.5771749001406338
2019-01-16 18:30:00+00:00,0.24132843371342644
2019-01-16 19:00:00+00:00,-0.19060036850577436
2019-01-16 19:30:00+00:00,-0.5220220637033435
2019-01-16 20:00:00+00:00,-0.8938588509288824
2019-01-16 20:30:00+00:00,-0.9876014009756797
2019-01-16 21:00:00+00:00,-0.9930044097144717
2019-01-16 21:30:00+00:00,-0.9726939211815098
2019-01-16 22:00:00+00:00,-1.0255243259409195
2019-01-16 22:30:00+00:00,-1.0108635610451175
2019-01-16 23:00:00+00:00,-0.8140063815634494
2019-01-16 23:30:00+00:00,-0.679987416689714
2019-01-17 00:00:00+00:00,-0.5729146540169308
2019-01-17 00:30:00+00:00,-0.4297006100677194
2019-01-17 01:00:00+00:00,-0.556034148649227
2019-01-17 01:30:00+00:00,-0.6237969272963488
2019-01-17 02:00:00+00:00,-0.7326908282216074
2019-01-17 02:30:00+00:00,-0.928702293470949
2019-01-17 03:00:00+00:00,-0.9969222097980616
2019-01-17 03:30:00+00:00,-0.9734039990659757
2019-01-17 04:00:00+00:00,-0.887826801503956
2019-01-17 04:30:00+00:00,-0.808250111101188
2019-01-17 05:00:00+00:00,-0.7380083355732919
2019-01-17 05:30:00+00:00,-0.6947200891371755
2019-01-17 06:00:00+00:00,-0.7846809162425046
2019-01-17 06:30:00+00:00,-0.8946269514178753
2019-01-17 07:00:00+00:00,-0.7666428129997538
2019-01-17 07:30:00+00:00,-0.7631630348712644
2019-01-17 08:00:00+00:00,-0.7946233736048747
2019-01-17 08:30:00+00:00,-1.013371264082878
2019-01-17 09:00:00+00:00,-0.8444732407669242
2019-01-17 09:30:00+00:00,-0.8286115105491181
2019-01-17 10:00:00+00:00,-0.7349223992588301
2019-01-17 10:30:00+00:00,-0.8897251241788332
2019-01-17 11:00:00+00:00,-0.6099504764092342
2019-01-17 11:30:00+00:00,-0.9064769497648512
2019-01-17 12:00:00+00:00,-0.9052072261270917
2019-01-17 12:30:00+00:00,-0.9587465831033564
2019-01-17 13:00:00+00:00,-0.6868668239081881
2019-01-17 13:30:00+00:00,-0.43019586274991617
2019-01-17 14:00:00+00:00,-0.4011494193005435
2019-01-17 14:30:00+00:00,0.033162250361170556
2019-01-17 15:00:00+00:00,-0.05641627918584625
2019-01-17 15:30:00+00:00,-0.08514053406648955
2019-01-17 16:00:00+00:00,0.7975228490967903
2019-01-17 16:30:00+00:00,0.746241118586298
2019-01-17 17:00:00+00:00,0.6449108831425505
2019-01-17 17:30:00+00:00,0.4387327454145396
2019-01-17 18:00:00+00:00,1.3767735001790795
2019-01-17 18:30:00+00:00,1.7271727921459796
2019-01-17 19:00:00+00:00,1.7139348209967613
2019-01-17 19:30:00+00:00,1.4869084870956246
2019-01-17 20:00:00+00:00,0.7973831469581087
2019-01-17 20:30:00+00:00,0.07926485368542947
2019-01-17 21:00:00+00:00,-0.3315954179609557
2019-01-17 21:30:00+00:00,-0.31009411015859806
2019-01-17 22:00:00+00:00,-0.3598217963787998
2019-01-17 22:30:00+00:00,-0.5472927053615341
2019-01-17 23:00:00+00:00,-0.520487408992722
2019-01-17 23:30:00+00:00,-0.5397386559343291
2019-01-18 00:00:00+00:00,-0.6504602463285775
2019-01-18 00:30:00+00:00,-0.6457241415043838
2019-01-18 01:00:00+00:00,-0.6524981183843042
2019-01-18 01:30:00+00:00,-0.7180059839618124
2019-01-18 02:00:00+00:00,-0.798686032572014
2019-01-18 02:30:00+00:00,-1.061846605295507
2019-01-18 03:00:00+00:00,-1.0997623487527806
2019-01-18 03:30:00+00:00,-0.9331901735906786
2019-01-18 04:00:00+00:00,-0.9796281506099314
2019-01-18 04:30:00+00:00,-1.0432926249027819
2019-01-18 05:00:00+00:00,-1.0999182061163995
2019-01-18 05:30:00+00:00,-1.004477361615421
2019-01-18 06:00:00+00:00,-1.0197941834104414
2019-01-18 06:30:00+00:00,-1.0056844636365838
2019-01-18 07:00:00+00:00,-1.0835979349447622
2019-01-18 07:30:00+00:00,-0.9217394479837347
2019-01-18 08:00:00+00:00,-1.0849135862248889
2019-01-18 08:30:00+00:00,-0.893116478043475
2019-01-18 09:00:00+00:00,-0.9588207961111548
2019-01-18 09:30:00+00:00,-0.7551569196867918
2019-01-18 10:00:00+00:00,-0.9110097010551311
2019-01-18 10:30:00+00:00,-0.6734370870690672
2019-01-18 11:00:00+00:00,-0.713379207383006
2019-01-18 11:30:00+00:00,-0.5623476198489744
2019-01-18 12:00:00+00:00,-0.41867398759332763
2019-01-18 12:30:00+00:00,-0.13143620521615784
2019-01-18 13:00:00+00:00,-0.21177012907818468
2019-01-18 13:30:00+00:00,-0.23823752519502428
2019-01-18 14:00:00+00:00,-0.2009922141658903
2019-01-18 14:30:00+00:00,0.11121035309926236
2019-01-18 15:00:00+00:00,0.03178851605482764
2019-01-18 15:30:00+00:00,0.7676285298225851
2019-01-18 16:00:00+00:00,0.2039273648197212
2019-01-18 16:30:00+00:00,-0.07033279945868127
2019-01-18 17:00:00+00:00,-0.3660105316299458
2019-01-18 17:30:00+00:00,-0.3837371262433775
2019-01-18 18:00:00+00:00,-0.43264258627484475
2019-01-18 18:30:00+00:00,-0.4251161531802693
2019-01-18 19:00:00+00:00,-0.478165416267634
2019-01-18 19:30:00+00:00,-0.6394873133922636
2019-01-18 20:00:00+00:00,-0.6011379088602593
2019-01-18 20:30:00+00:00,-0.5384792985324512
2019-01-18 21:00:00+00:00,-0.6383149329402223
2019-01-18 21:30:00+00:00,-0.7737133840951299
2019-01-18 22:00:00+00:00,-0.601181748887807
2019-01-18 22:30:00+00:00,-0.3528549200436344
2019-01-18 23:00:00+00:00,-0.7831443563041964
2019-01-18 23:30:00+00:00,-0.9942025501396278
2019-01-19 00:00:00+00:00,-0.9674213865576915
2019-01-19 00:30:00+00:00,-1.0491988566070025
2019-01-19 01:00:00+00:00,-1.0995730179872316
2019-01-19 01:30:00+00:00,-1.0994556846560273
2019-01-19 02:00:00+00:00,-1.0994389336993753
2019-01-19 02:30:00+00:00,-1.0993425259462193
2019-01-19 03:00:00+00:00,-1.0996202304437515
2019-01-19 03:30:00+00:00,-1.0602053329005068
2019-01-19 04:00:00+00:00,-0.9211478406364356
2019-01-19 04:30:00+00:00,-1.0367993247504805
2019-01-19 05:00:00+00:00,-0.992571853047345
2019-01-19 05:30:00+00:00,-0.6636722763540077
2019-01-19 06:00:00+00:00,-0.7509932282418667
2019-01-19 06:30:00+00:00,-0.8931905719437164
2019-01-19 07:00:00+00:00,-0.9122790108952842
2019-01-19 07:30:00+00:00,-0.7762085597771248
2019-01-19 08:00:00+00:00,-0.7776986948128629
2019-01-19 08:30:00+00:00,-0.9407900775114716
2019-01-19 09:00:00+00:00,-0.8822897979716068
2019-01-19 09:30:00+00:00,-0.8237895184317418
2019-01-19 10:00:00+00:00,-0.8237895184317418
2019-01-19 10:30:00+00:00,-0.8237895184317418
2019-01-19 11:00:00+00:00,-0.8237895184317418
2019-01-19 11:30:00+00:00,-0.8237895184317418
2019-01-19 12:00:00+00:00,-0.8237895184317418
2019-01-19 12:30:00+00:00,-0.8237895184317418
2019-01-19 13:00:00+00:00,-0.8237895184317418
2019-01-19 13:30:00+00:00,-0.8237895184317418
2019-01-19 14:00:00+00:00,-0.7067889593520118
2019-01-19 14:30:00+00:00,-0.589788400272282
2019-01-19 15:00:00+00:00,-0.47278784119255207
2019-01-19 15:30:00+00:00,-0.3557872821128222
2019-01-19 16:00:00+00:00,-0.23878672303309223
2019-01-19 16:30:00+00:00,-0.12178616395336239
2019-01-19 17:00:00+00:00,-0.004785604873632443
2019-01-19 17:30:00+00:00,0.11221495420609744
2019-01-19 18:00:00+00:00,-0.14582380962175495
2019-01-19 18:30:00+00:00,-0.24413504424995486
2019-01-19 19:00:00+00:00,-0.23285278191921838
2019-01-19 19:30:00+00:00,-0.28613890826759086
2019-01-19 20:00:00+00:00,-0.512704026638927
2019-01-19 20:30:00+00:00,-0.3918949901863047
2019-01-19 21:00:00+00:00,-0.38560147058858385
2019-01-19 21:30:00+00:00,-0.39447510608265446
2019-01-19 22:00:00+00:00,-0.6453405163429626
2019-01-19 22:30:00+00:00,-1.0712623572214894
2019-01-19 23:00:00+00:00,-1.0997908803718188
2019-01-19 23:30:00+00:00,-1.0996312043631022
2019-01-20 00:00:00+00:00,-1.100027758877844
2019-01-20 00:30:00+00:00,-1.1000145205576997
2019-01-20 01:00:00+00:00,-1.0999134992428459
2019-01-20 01:30:00+00:00,-1.099812477927992
2019-01-20 02:00:00+00:00,-1.099812477927992
2019-01-20 02:30:00+00:00,-1.0996104352982845
2019-01-20 03:00:00+00:00,-1.0997594248420055
2019-01-20 03:30:00+00:00,-1.1001814712976463
2019-01-20 04:00:00+00:00,-1.0996004043897816
2019-01-20 04:30:00+00:00,-1.0265493329074955
2019-01-20 05:00:00+00:00,-0.8332700445531572
2019-01-20 05:30:00+00:00,-0.7144798585486083
2019-01-20 06:00:00+00:00,-0.5442018822420446
2019-01-20 06:30:00+00:00,-0.7582798854323997
2019-01-20 07:00:00+00:00,-1.0284530286484859
2019-01-20 07:30:00+00:00,-0.9911426530300426
2019-01-20 08:00:00+00:00,-0.912356036290873
2019-01-20 08:30:00+00:00,-0.9081518377593724
2019-01-20 09:00:00+00:00,-0.6915596524009797
2019-01-20 09:30:00+00:00,-0.8045577714972758
2019-01-20 10:00:00+00:00,-0.8257585186710016
2019-01-20 10:30:00+00:00,-0.7735540177620143
2019-01-20 11:00:00+00:00,-0.879526180343661
2019-01-20 11:30:00+00:00,-0.5967983995232887
2019-01-20 12:00:00+00:00,-0.22641105794819336
2019-01-20 12:30:00+00:00,0.1554748741482141
2019-01-20 13:00:00+00:00,0.8446883273741035
2019-01-20 13:30:00+00:00,1.1770920418207276
2019-01-20 14:00:00+00:00,1.638946685690307
2019-01-20 14:30:00+00:00,1.167915041074392
2019-01-20 15:00:00+00:00,0.9059318248826855
2019-01-20 15:30:00+00:00,0.6090948101086947
2019-01-20 16:00:00+00:00,0.34415149087804703
2019-01-20 16:30:00+00:00,0.1943319794835352
2019-01-20 17:00:00+00:00,-0.19040706674997743
2019-01-20 17:30:00+00:00,-0.6431522630236082
2019-01-20 18:00:00+00:00,-0.3722825129332975
2019-01-20 18:30:00+00:00,-0.5275875459259044
2019-01-20 19:00:00+00:00,-0.7490671443965394
2019-01-20 19:30:00+00:00,-0.7218529071883635
2019-01-20 20:00:00+00:00,-0.3997623285699941
2019-01-20 20:30:00+00:00,-0.3684371873595899
2019-01-20 21:00:00+00:00,-0.47415850702333145
2019-01-20 21:30:00+00:00,-0.4634703650681238
2019-01-20 22:00:00+00:00,-0.4846462035334907
2019-01-20 22:30:00+00:00,-0.5435660679336101
2019-01-20 23:00:00+00:00,-0.41055875801061076
2019-01-20 23:30:00+00:00,-0.35730231502584586
2019-01-21 00:00:00+00:00,-0.5803389746738148
2019-01-21 00:30:00+00:00,-0.6319468518048095
2019-01-21 01:00:00+00:00,-0.6855626655401855
2019-01-21 01:30:00+00:00,-0.8138902501342236
2019-01-21 02:00:00+00:00,-0.9641860598812859
2019-01-21 02:30:00+00:00,-0.9870201328317153
2019-01-21 03:00:00+00:00,-1.0098542057821451
2019-01-21 03:30:00+00:00,-1.0098542057821451
2019-01-21 04:00:00+00:00,-1.0098542057821451
2019-01-21 04:30:00+00:00,-1.0098542057821451
2019-01-21 05:00:00+00:00,-1.1011904975838631
2019-01-21 05:30:00+00:00,-1.0189693018878663
2019-01-21 06:00:00+00:00,-0.8066799307103977
2019-01-21 06:30:00+00:00,-0.666597040207007
2019-01-21 07:00:00+00:00,-0.6273892969046182
2019-01-21 07:30:00+00:00,0.09561673411355148
2019-01-21 08:00:00+00:00,0.050438300843426
2019-01-21 08:30:00+00:00,0.07323174846203265
2019-01-21 09:00:00+00:00,-0.1442638289144594
2019-01-21 09:30:00+00:00,-0.32742633322336434
2019-01-21 10:00:00+00:00,-0.28999363531573435
2019-01-21 10:30:00+00:00,-0.2639450448656172
2019-01-21 11:00:00+00:00,0.07226341812304705
2019-01-21 11:30:00+00:00,0.016472423452721544
2019-01-21 12:00:00+00:00,0.02647463339555429
2019-01-21 12:30:00+00:00,1.178721901283876
2019-01-21 13:00:00+00:00,1.2492209519774944
2019-01-21 13:30:00+00:00,0.5406416218256241
2019-01-21 14:00:00+00:00,0.7636585131716435
2019-01-21 14:30:00+00:00,1.274751519024223
2019-01-21 15:00:00+00:00,1.1081264691516333
2019-01-21 15:30:00+00:00,1.3490394014880505
2019-01-21 16:00:00+00:00,1.7311660742298278
2019-01-21 16:30:00+00:00,1.6762014595197607
2019-01-21 17:00:00+00:00,1.7279893428758482
2019-01-21 17:30:00+00:00,1.689733309709693
2019-01-21 18:00:00+00:00,1.6466461750414751
2019-01-21 18:30:00+00:00,0.5935938426935095
2019-01-21 19:00:00+00:00,0.4778103193928658
2019-01-21 19:30:00+00:00,0.3877816429472996
2019-01-21 20:00:00+00:00,-0.19402572648035996
2019-01-21 20:30:00+00:00,-0.3875292293392029
2019-01-21 21:00:00+00:00,-0.6055710114165695
2019-01-21 21:30:00+00:00,-0.21511813470173746
2019-01-21 22:00:00+00:00,0.22743325368577538
2019-01-21 22:30:00+00:00,-0.2866323538427991
2019-01-21 23:00:00+00:00,-0.47208339784345493
2019-01-21 23:30:00+00:00,-0.7685082362400175
2019-01-22 00:00:00+00:00,-0.883189313455804
2019-01-22 00:30:00+00:00,-0.7532722017730084
2019-01-22 01:00:00+00:00,-0.5934255567059047
2019-01-22 01:30:00+00:00,-0.7937150438307243
2019-01-22 02:00:00+00:00,-0.8141293547312921
2019-01-22 02:30:00+00:00,-0.8333997689193939
2019-01-22 03:00:00+00:00,-0.8048164047311606
2019-01-22 03:30:00+00:00,-0.790605561096226
2019-01-22 04:00:00+00:00,-0.8502073008158635
2019-01-22 04:30:00+00:00,-1.0703136487833635
2019-01-22 05:00:00+00:00,-1.0737106141480712
2019-01-22 05:30:00+00:00,-1.077107579512779
2019-01-22 06:00:00+00:00,-1.077107579512779
2019-01-22 06:30:00+00:00,-1.077107579512779
2019-01-22 07:00:00+00:00,-1.077107579512779
2019-01-22 07:30:00+00:00,-1.077107579512779
2019-01-22 08:00:00+00:00,-1.077107579512779
2019-01-22 08:30:00+00:00,-1.077107579512779
2019-01-22 09:00:00+00:00,-1.1008863370657334
2019-01-22 09:30:00+00:00,-0.9819175066979211
2019-01-22 10:00:00+00:00,-0.9762687184503436
2019-01-22 10:30:00+00:00,-1.0656168222362419
2019-01-22 11:00:00+00:00,-0.8621133945871925
2019-01-22 11:30:00+00:00,-0.7710645752185716
2019-01-22 12:00:00+00:00,-1.0211635442731857
2019-01-22 12:30:00+00:00,-0.9674191372619245
2019-01-22 13:00:00+00:00,-0.9601345208117381
2019-01-22 13:30:00+00:00,-0.9131545097865685
2019-01-22 14:00:00+00:00,-0.8245833492459316
2019-01-22 14:30:00+00:00,0.13368056352375104
2019-01-22 15:00:00+00:00,0.8334166461474102
2019-01-22 15:30:00+00:00,1.712556632876211
2019-01-22 16:00:00+00:00,1.353364243233684
2019-01-22 16:30:00+00:00,1.255539869194108
2019-01-22 17:00:00+00:00,1.5139545541166666
2019-01-22 17:30:00+00:00,1.6685299149298467
2019-01-22 18:00:00+00:00,1.6252841413922712
2019-01-22 18:30:00+00:00,1.2567456090304205
2019-01-22 19:00:00+00:00,1.1208346610072224
2019-01-22 19:30:00+00:00,1.0214793598062266
2019-01-22 20:00:00+00:00,0.8565887228478515
2019-01-22 20:30:00+00:00,0.545537896368379
2019-01-22 21:00:00+00:00,0.4189332962940892
2019-01-22 21:30:00+00:00,0.29232869621979946
2019-01-22 22:00:00+00:00,0.29232869621979946
2019-01-22 22:30:00+00:00,0.29232869621979946
2019-01-22 23:00:00+00:00,0.29232869621979946
2019-01-22 23:30:00+00:00,0.29232869621979946
2019-01-23 00:00:00+00:00,0.29232869621979946
2019-01-23 00:30:00+00:00,0.29232869621979946
2019-01-23 01:00:00+00:00,0.29232869621979946
2019-01-23 01:30:00+00:00,0.29232869621979946
2019-01-23 02:00:00+00:00,-0.17188817071926304
2019-01-23 02:30:00+00:00,-0.6361050376583255
2019-01-23 03:00:00+00:00,-1.100321904597388
2019-01-23 03:30:00+00:00,-1.0994107378006637
2019-01-23 04:00:00+00:00,-1.0993607030619217
2019-01-23 04:30:00+00:00,-1.0993106683231797
2019-01-23 05:00:00+00:00,-1.0993106683231797
2019-01-23 05:30:00+00:00,-1.0992105988456962
2019-01-23 06:00:00+00:00,-1.0997882116703275
2019-01-23 06:30:00+00:00,-1.0994649171129927
2019-01-23 07:00:00+00:00,-1.100256509593286
2019-01-23 07:30:00+00:00,-1.1010481020735794
2019-01-23 08:00:00+00:00,-1.1010481020735794
2019-01-23 08:30:00+00:00,-1.1026312870341661
2019-01-23 09:00:00+00:00,-1.1014536520809695
2019-01-23 09:30:00+00:00,-1.0371982439845866
2019-01-23 10:00:00+00:00,-0.9729428358882034
2019-01-23 10:30:00+00:00,-0.9007513185618685
2019-01-23 11:00:00+00:00,-0.9488267935871376
2019-01-23 11:30:00+00:00,-0.964039564349534
2019-01-23 12:00:00+00:00,-0.9936375644542379
2019-01-23 12:30:00+00:00,-0.9316029495939961
2019-01-23 13:00:00+00:00,-1.0099802983519877
2019-01-23 13:30:00+00:00,-0.9152284630542143
2019-01-23 14:00:00+00:00,-0.40184954964149844
2019-01-23 14:30:00+00:00,0.10313564971632773
2019-01-23 15:00:00+00:00,0.22952929466491312
2019-01-23 15:30:00+00:00,0.20285210407236365
2019-01-23 16:00:00+00:00,0.3372426562379985
2019-01-23 16:30:00+00:00,0.5610094659593831
2019-01-23 17:00:00+00:00,0.42750030834857267
2019-01-23 17:30:00+00:00,0.2533689647741658
2019-01-23 18:00:00+00:00,0.26391196979602316
2019-01-23 18:30:00+00:00,0.6618215240339153
2019-01-23 19:00:00+00:00,0.6167885290138111
2019-01-23 19:30:00+00:00,0.3168033755023305
2019-01-23 20:00:00+00:00,-0.13488285785639528
2019-01-23 20:30:00+00:00,-0.22811236819185038
2019-01-23 21:00:00+00:00,-0.26799286941666167
2019-01-23 21:30:00+00:00,-0.33968302074916396
2019-01-23 22:00:00+00:00,-0.21100776836236418
2019-01-23 22:30:00+00:00,-0.33843231355358133
2019-01-23 23:00:00+00:00,-0.27306224098159587
2019-01-23 23:30:00+00:00,-0.44805001711295844
2019-01-24 00:00:00+00:00,-0.30575679840359155
2019-01-24 00:30:00+00:00,-0.5681221039283811
2019-01-24 01:00:00+00:00,-0.5976916162371456
2019-01-24 01:30:00+00:00,-0.7374032025579474
2019-01-24 02:00:00+00:00,-0.9722207032122789
2019-01-24 02:30:00+00:00,-0.998620426178688
2019-01-24 03:00:00+00:00,-1.0900800307021685
2019-01-24 03:30:00+00:00,-0.9560845970968698
2019-01-24 04:00:00+00:00,-0.9152414370508511
2019-01-24 04:30:00+00:00,-0.9483541643876895
2019-01-24 05:00:00+00:00,-1.022928303457469
2019-01-24 05:30:00+00:00,-1.1053724229291313
2019-01-24 06:00:00+00:00,-1.1030813893278344
2019-01-24 06:30:00+00:00,-1.100790355726537
2019-01-24 07:00:00+00:00,-0.9212230753189664
2019-01-24 07:30:00+00:00,-1.0471951195119715
2019-01-24 08:00:00+00:00,-1.0863249223929916
2019-01-24 08:30:00+00:00,-1.0790657897166502
2019-01-24 09:00:00+00:00,-0.9258602443804542
2019-01-24 09:30:00+00:00,-0.7726546990442582
2019-01-24 10:00:00+00:00,-0.9811067870094636
2019-01-24 10:30:00+00:00,-1.1025834862043136
2019-01-24 11:00:00+00:00,-0.9794981541348055
2019-01-24 11:30:00+00:00,-0.7541498808242817
2019-01-24 12:00:00+00:00,-0.6320843706295628
2019-01-24 12:30:00+00:00,-0.43429148553218605
2019-01-24 13:00:00+00:00,-0.004774682041651219
2019-01-24 13:30:00+00:00,0.711374841593581
2019-01-24 14:00:00+00:00,0.623812391835569
2019-01-24 14:30:00+00:00,1.5455663696561937
2019-01-24 15:00:00+00:00,1.268164893882203
2019-01-24 15:30:00+00:00,1.1798880233602493
2019-01-24 16:00:00+00:00,0.9290038789210999
2019-01-24 16:30:00+00:00,1.4336708503032023
2019-01-24 17:00:00+00:00,0.6810824327916893
2019-01-24 17:30:00+00:00,0.27892198714333005
2019-01-24 18:00:00+00:00,0.5612824313809718
2019-01-24 18:30:00+00:00,0.8436428756186134
2019-01-24 19:00:00+00:00,0.004402944949101596
2019-01-24 19:30:00+00:00,-0.3808894527728972
2019-01-24 20:00:00+00:00,-0.7212839754440181
2019-01-24 20:30:00+00:00,-0.951497207382493
2019-01-24 21:00:00+00:00,-0.8785863571332806
2019-01-24 21:30:00+00:00,-0.5368202976642032
2019-01-24 22:00:00+00:00,-0.700905320689685
2019-01-24 22:30:00+00:00,-0.7397754312971555
2019-01-24 23:00:00+00:00,-0.7963922546964493
2019-01-24 23:30:00+00:00,-0.8465251280692095
2019-01-25 00:00:00+00:00,-0.9291936349747333
2019-01-25 00:30:00+00:00,-1.0053326324422425
2019-01-25 01:00:00+00:00,-1.00983710491483
2019-01-25 01:30:00+00:00,-0.8287079166380094
2019-01-25 02:00:00+00:00,-0.7101238497925979
2019-01-25 02:30:00+00:00,-0.550069683723441
2019-01-25 03:00:00+00:00,-0.7716838207294946
2019-01-25 03:30:00+00:00,-0.9471639085372915
2019-01-25 04:00:00+00:00,-1.016327029768404
2019-01-25 04:30:00+00:00,-1.0457032178028494
2019-01-25 05:00:00+00:00,-0.7485192650661224
2019-01-25 05:30:00+00:00,-1.030994279375506
2019-01-25 06:00:00+00:00,-1.099989936582269
2019-01-25 06:30:00+00:00,-0.8971119338026144
2019-01-25 07:00:00+00:00,-1.0989827350367507
2019-01-25 07:30:00+00:00,-1.093726275690493
2019-01-25 08:00:00+00:00,-1.094527029283242
2019-01-25 08:30:00+00:00,-1.095327782875991
2019-01-25 09:00:00+00:00,-1.095327782875991
2019-01-25 09:30:00+00:00,-1.0969292900614889
2019-01-25 10:00:00+00:00,-0.8807457873017305
2019-01-25 10:30:00+00:00,-1.0345597622094618
2019-01-25 11:00:00+00:00,-1.1009773803167338
2019-01-25 11:30:00+00:00,-0.654679814230993
2019-01-25 12:00:00+00:00,-0.3721801245176572
2019-01-25 12:30:00+00:00,-0.41215796829741463
2019-01-25 13:00:00+00:00,0.40389065492444287
2019-01-25 13:30:00+00:00,0.6111601563926761
2019-01-25 14:00:00+00:00,0.7629345879545854
2019-01-25 14:30:00+00:00,0.622203495035709
2019-01-25 15:00:00+00:00,0.34138245776276155
2019-01-25 15:30:00+00:00,0.6191711016882893
2019-01-25 16:00:00+00:00,0.9901323265629873
2019-01-25 16:30:00+00:00,1.1938246766936522
2019-01-25 17:00:00+00:00,1.1820188932781648
2019-01-25 17:30:00+00:00,1.1702131098626771
2019-01-25 18:00:00+00:00,1.1702131098626771
2019-01-25 18:30:00+00:00,1.1702131098626771
2019-01-25 19:00:00+00:00,1.1702131098626771
2019-01-25 19:30:00+00:00,1.1702131098626771
2019-01-25 20:00:00+00:00,1.1702131098626771
2019-01-25 20:30:00+00:00,1.1702131098626771
2019-01-25 21:00:00+00:00,1.1702131098626771
2019-01-25 21:30:00+00:00,1.1702131098626771
2019-01-25 22:00:00+00:00,1.1630244295561967
2019-01-25 22:30:00+00:00,1.1558357492497162
2019-01-25 23:00:00+00:00,1.1486470689432358
2019-01-25 23:30:00+00:00,1.1414583886367553
2019-01-26 00:00:00+00:00,1.1342697083302749
2019-01-26 00:30:00+00:00,1.1270810280237944
2019-01-26 01:00:00+00:00,1.119892347717314
2019-01-26 01:30:00+00:00,1.1127036674108335
2019-01-26 02:00:00+00:00,1.105514987104353
2019-01-26 02:30:00+00:00,1.0983263067978726
2019-01-26 03:00:00+00:00,1.0911376264913921
2019-01-26 03:30:00+00:00,1.0839489461849117
2019-01-26 04:00:00+00:00,1.076760265878431
2019-01-26 04:30:00+00:00,1.0695715855719505
2019-01-26 05:00:00+00:00,1.06238290526547
2019-01-26 05:30:00+00:00,1.0551942249589896
2019-01-26 06:00:00+00:00,1.0480055446525092
2019-01-26 06:30:00+00:00,1.0408168643460287
2019-01-26 07:00:00+00:00,1.0336281840395483
2019-01-26 07:30:00+00:00,1.0264395037330678
2019-01-26 08:00:00+00:00,1.0192508234265873
2019-01-26 08:30:00+00:00,1.012062143120107
2019-01-26 09:00:00+00:00,1.0048734628136264
2019-01-26 09:30:00+00:00,0.997684782507146
2019-01-26 10:00:00+00:00,0.9904961022006655
2019-01-26 10:30:00+00:00,0.9833074218941851
2019-01-26 11:00:00+00:00,0.9761187415877046
2019-01-26 11:30:00+00:00,0.9689300612812242
2019-01-26 12:00:00+00:00,0.9617413809747437
2019-01-26 12:30:00+00:00,0.9545527006682633
2019-01-26 13:00:00+00:00,0.9473640203617828
2019-01-26 13:30:00+00:00,0.9401753400553022
2019-01-26 14:00:00+00:00,0.9329866597488218
2019-01-26 14:30:00+00:00,0.9257979794423413
2019-01-26 15:00:00+00:00,0.9186092991358609
2019-01-26 15:30:00+00:00,0.9114206188293804
2019-01-26 16:00:00+00:00,0.9042319385229
2019-01-26 16:30:00+00:00,0.8970432582164195
2019-01-26 17:00:00+00:00,0.889854577909939
2019-01-26 17:30:00+00:00,0.8826658976034585
2019-01-26 18:00:00+00:00,0.875477217296978
2019-01-26 18:30:00+00:00,0.8682885369904976
2019-01-26 19:00:00+00:00,0.8610998566840171
2019-01-26 19:30:00+00:00,0.8539111763775367
2019-01-26 20:00:00+00:00,0.8467224960710562
2019-01-26 20:30:00+00:00,0.8395338157645758
2019-01-26 21:00:00+00:00,0.8323451354580953
2019-01-26 21:30:00+00:00,0.8251564551516148
2019-01-26 22:00:00+00:00,0.8179677748451344
2019-01-26 22:30:00+00:00,0.8107790945386539
2019-01-26 23:00:00+00:00,0.8035904142321735
2019-01-26 23:30:00+00:00,0.796401733925693
2019-01-27 00:00:00+00:00,0.7892130536192126
2019-01-27 00:30:00+00:00,0.7820243733127321
2019-01-27 01:00:00+00:00,0.7748356930062517
2019-01-27 01:30:00+00:00,0.7676470126997712
2019-01-27 02:00:00+00:00,0.7604583323932907
2019-01-27 02:30:00+00:00,0.7532696520868102
2019-01-27 03:00:00+00:00,0.7460809717803297
2019-01-27 03:30:00+00:00,0.7388922914738493
2019-01-27 04:00:00+00:00,0.7317036111673688
2019-01-27 04:30:00+00:00,0.7245149308608884
2019-01-27 05:00:00+00:00,0.7173262505544079
2019-01-27 05:30:00+00:00,0.7101375702479273
2019-01-27 06:00:00+00:00,0.7029488899414469
2019-01-27 06:30:00+00:00,0.6957602096349664
2019-01-27 07:00:00+00:00,0.688571529328486
2019-01-27 07:30:00+00:00,0.6813828490220055
2019-01-27 08:00:00+00:00,0.6741941687155251
2019-01-27 08:30:00+00:00,0.6670054884090446
2019-01-27 09:00:00+00:00,0.6598168081025642
2019-01-27 09:30:00+00:00,0.6526281277960837
2019-01-27 10:00:00+00:00,0.6454394474896032
2019-01-27 10:30:00+00:00,0.6382507671831228
2019-01-27 11:00:00+00:00,0.6310620868766423
2019-01-27 11:30:00+00:00,0.6238734065701619
2019-01-27 12:00:00+00:00,0.6166847262636814
2019-01-27 12:30:00+00:00,0.609496045957201
2019-01-27 13:00:00+00:00,0.6023073656507205
2019-01-27 13:30:00+00:00,0.59511868534424
2019-01-27 14:00:00+00:00,0.5879300050377595
2019-01-27 14:30:00+00:00,0.580741324731279
2019-01-27 15:00:00+00:00,0.5735526444247986
2019-01-27 15:30:00+00:00,0.5663639641183181
2019-01-27 16:00:00+00:00,0.5591752838118377
2019-01-27 16:30:00+00:00,0.5519866035053572
2019-01-27 17:00:00+00:00,0.5447979231988768
2019-01-27 17:30:00+00:00,0.5376092428923963
2019-01-27 18:00:00+00:00,0.5304205625859159
2019-01-27 18:30:00+00:00,0.5232318822794354
2019-01-27 19:00:00+00:00,0.516043201972955
2019-01-27 19:30:00+00:00,0.5088545216664744
2019-01-27 20:00:00+00:00,0.5016658413599939
2019-01-27 20:30:00+00:00,0.49447716105351347
2019-01-27 21:00:00+00:00,0.487288480747033
2019-01-27 21:30:00+00:00,0.48009980044055256
2019-01-27 22:00:00+00:00,0.4729111201340721
2019-01-27 22:30:00+00:00,0.46572243982759165
2019-01-27 23:00:00+00:00,0.4585337595211112
2019-01-27 23:30:00+00:00,0.45134507921463074
2019-01-28 00:00:00+00:00,0.4441563989081503
2019-01-28 00:30:00+00:00,0.43696771860166983
2019-01-28 01:00:00+00:00,0.4297790382951894
2019-01-28 01:30:00+00:00,0.4225903579887088
2019-01-28 02:00:00+00:00,0.41540167768222835
2019-01-28 02:30:00+00:00,0.4082129973757479
2019-01-28 03:00:00+00:00,0.40102431706926744
2019-01-28 03:30:00+00:00,0.393835636762787
2019-01-28 04:00:00+00:00,0.38664695645630653
2019-01-28 04:30:00+00:00,0.3794582761498261
2019-01-28 05:00:00+00:00,0.3722695958433456
2019-01-28 05:30:00+00:00,0.36508091553686517
2019-01-28 06:00:00+00:00,0.3578922352303847
2019-01-28 06:30:00+00:00,0.35070355492390426
2019-01-28 07:00:00+00:00,0.3435148746174238
2019-01-28 07:30:00+00:00,0.33632619431094324
2019-01-28 08:00:00+00:00,0.3291375140044628
2019-01-28 08:30:00+00:00,0.32194883369798233
2019-01-28 09:00:00+00:00,0.3147601533915019
2019-01-28 09:30:00+00:00,0.3075714730850214
2019-01-28 10:00:00+00:00,0.30038279277854096
2019-01-28 10:30:00+00:00,0.2931941124720605
2019-01-28 11:00:00+00:00,0.28600543216558005
2019-01-28 11:30:00+00:00,0.2788167518590996
2019-01-28 12:00:00+00:00,0.27162807155261914
2019-01-28 12:30:00+00:00,0.2644393912461387
2019-01-28 13:00:00+00:00,0.25725071093965823
2019-01-28 13:30:00+00:00,0.25006203063317767
2019-01-28 14:00:00+00:00,0.2428733503266972
2019-01-28 14:30:00+00:00,0.23568467002021676
2019-01-28 15:00:00+00:00,0.2284959897137363
2019-01-28 15:30:00+00:00,0.22130730940725585
2019-01-28 16:00:00+00:00,0.2141186291007754
2019-01-28 16:30:00+00:00,0.20692994879429494
2019-01-28 17:00:00+00:00,0.19974126848781448
2019-01-28 17:30:00+00:00,0.19255258818133403
2019-01-28 18:00:00+00:00,0.18536390787485357
2019-01-28 18:30:00+00:00,0.17817522756837312
2019-01-28 19:00:00+00:00,0.17098654726189266
2019-01-28 19:30:00+00:00,0.1637978669554121
2019-01-28 20:00:00+00:00,0.15660918664893164
2019-01-28 20:30:00+00:00,0.1494205063424512
2019-01-28 21:00:00+00:00,0.14223182603597073
2019-01-28 21:30:00+00:00,0.13504314572949028
2019-01-28 22:00:00+00:00,0.12785446542300982
2019-01-28 22:30:00+00:00,0.12066578511652937
2019-01-28 23:00:00+00:00,0.11347710481004891
2019-01-28 23:30:00+00:00,0.10628842450356846
2019-01-29 00:00:00+00:00,0.099099744197088
2019-01-29 00:30:00+00:00,0.09191106389060755
2019-01-29 01:00:00+00:00,0.08472238358412709
2019-01-29 01:30:00+00:00,0.07753370327764664
2019-01-29 02:00:00+00:00,0.07034502297116618
2019-01-29 02:30:00+00:00,0.06315634266468573
2019-01-29 03:00:00+00:00,0.05596766235820527
2019-01-29 03:30:00+00:00,0.04877898205172482
2019-01-29 04:00:00+00:00,0.04159030174524436
2019-01-29 04:30:00+00:00,0.03440162143876391
2019-01-29 05:00:00+00:00,0.02721294113228323
2019-01-29 05:30:00+00:00,0.020024260825802775
2019-01-29 06:00:00+00:00,0.01283558051932232
2019-01-29 06:30:00+00:00,0.0056469002128418655
2019-01-29 07:00:00+00:00,-0.0015417800936385895
2019-01-29 07:30:00+00:00,-0.008730460400119044
2019-01-29 08:00:00+00:00,-0.0159191407065995
2019-01-29 08:30:00+00:00,-0.023107821013079954
2019-01-29 09:00:00+00:00,-0.03029650131956041
2019-01-29 09:30:00+00:00,-0.037485181626040864
2019-01-29 10:00:00+00:00,-0.04467386193252132
2019-01-29 10:30:00+00:00,-0.051862542239001774
2019-01-29 11:00:00+00:00,-0.05905122254548223
2019-01-29 11:30:00+00:00,-0.06623990285196268
2019-01-29 12:00:00+00:00,-0.07342858315844314
2019-01-29 12:30:00+00:00,-0.0806172634649236
2019-01-29 13:00:00+00:00,-0.08780594377140405
2019-01-29 13:30:00+00:00,-0.0949946240778845
2019-01-29 14:00:00+00:00,-0.10218330438436496
2019-01-29 14:30:00+00:00,-0.10937198469084541
2019-01-29 15:00:00+00:00,-0.11656066499732587
2019-01-29 15:30:00+00:00,-0.12374934530380632
2019-01-29 16:00:00+00:00,-0.13093802561028678
2019-01-29 16:30:00+00:00,-0.13812670591676723
2019-01-29 17:00:00+00:00,-0.1453153862232479
2019-01-29 17:30:00+00:00,-0.15250406652972837
2019-01-29 18:00:00+00:00,-0.15969274683620882
2019-01-29 18:30:00+00:00,-0.16688142714268928
2019-01-29 19:00:00+00:00,-0.17407010744916973
2019-01-29 19:30:00+00:00,-0.18125878775565019
2019-01-29 20:00:00+00:00,-0.18844746806213064
2019-01-29 20:30:00+00:00,-0.1956361483686111
2019-01-29 21:00:00+00:00,-0.20282482867509155
2019-01-29 21:30:00+00:00,-0.210013508981572
2019-01-29 22:00:00+00:00,-0.21720218928805246
2019-01-29 22:30:00+00:00,-0.22439086959453292
2019-01-29 23:00:00+00:00,-0.23157954990101337
2019-01-29 23:30:00+00:00,-0.23876823020749383
2019-01-30 00:00:00+00:00,-0.24595691051397428
2019-01-30 00:30:00+00:00,-0.25314559082045474
2019-01-30 01:00:00+00:00,-0.26033427112693514
2019-01-30 01:30:00+00:00,-0.05628797937974404
2019-01-30 02:00:00+00:00,-0.39155128827169455
2019-01-30 02:30:00+00:00,-0.630336727483736
2019-01-30 03:00:00+00:00,-0.6655322125227886
2019-01-30 03:30:00+00:00,-0.6086529278152085
2019-01-30 04:00:00+00:00,-0.6415132689059183
2019-01-30 04:30:00+00:00,-0.7880924857017941
2019-01-30 05:00:00+00:00,-1.0567518182945794
2019-01-30 05:30:00+00:00,-0.7210604915768216
2019-01-30 06:00:00+00:00,-0.6449741423798298
2019-01-30 06:30:00+00:00,-0.8462545794242402
2019-01-30 07:00:00+00:00,-1.062675415118265
2019-01-30 07:30:00+00:00,-1.073637422131546
2019-01-30 08:00:00+00:00,-1.077608869394911
2019-01-30 08:30:00+00:00,-1.102433984535546
2019-01-30 09:00:00+00:00,-1.101128955485907
2019-01-30 09:30:00+00:00,-1.0533585022247527
2019-01-30 10:00:00+00:00,-1.0223331857913895
2019-01-30 10:30:00+00:00,-0.9941273666141688
2019-01-30 11:00:00+00:00,-0.9514559540963317
2019-01-30 11:30:00+00:00,-1.036846569405531
2019-01-30 12:00:00+00:00,-1.0001619823322674
2019-01-30 12:30:00+00:00,-0.9998543913009038
2019-01-30 13:00:00+00:00,-0.9059838518905038
2019-01-30 13:30:00+00:00,-0.8268006008275964
2019-01-30 14:00:00+00:00,-0.31178731691206313
2019-01-30 14:30:00+00:00,0.25600286399842354
2019-01-30 15:00:00+00:00,0.3191216132636834
2019-01-30 15:30:00+00:00,-0.045678831342303834
2019-01-30 16:00:00+00:00,0.08759326608170222
2019-01-30 16:30:00+00:00,0.2183749501781874
2019-01-30 17:00:00+00:00,0.8196603468012822
2019-01-30 17:30:00+00:00,1.170768283507173
2019-01-30 18:00:00+00:00,1.1918890707382919
2019-01-30 18:30:00+00:00,1.2783525501516724
2019-01-30 19:00:00+00:00,0.8938473874868863
2019-01-30 19:30:00+00:00,0.9660491919225918
2019-01-30 20:00:00+00:00,1.0382509963582975
2019-01-30 20:30:00+00:00,1.0382509963582975
2019-01-30 21:00:00+00:00,1.0382509963582975
2019-01-30 21:30:00+00:00,1.0382509963582975
2019-01-30 22:00:00+00:00,1.0382509963582975
2019-01-30 22:30:00+00:00,1.0382509963582975
2019-01-30 23:00:00+00:00,1.4714618229725318
2019-01-30 23:30:00+00:00,1.1154935688355863
2019-01-31 00:00:00+00:00,1.1628283421597008
2019-01-31 00:30:00+00:00,0.6588202065184964
2019-01-31 01:00:00+00:00,0.15943630578720897
2019-01-31 01:30:00+00:00,-0.06388557151523147
2019-01-31 02:00:00+00:00,0.1605531452238677
2019-01-31 02:30:00+00:00,0.08586649605968286
2019-01-31 03:00:00+00:00,-0.1275748734490827
2019-01-31 03:30:00+00:00,-0.025134912955796705
2019-01-31 04:00:00+00:00,-0.23596596640334278
2019-01-31 04:30:00+00:00,-0.12202303817087984
2019-01-31 05:00:00+00:00,-0.07447949166130613
2019-01-31 05:30:00+00:00,0.08875428089502209
2019-01-31 06:00:00+00:00,-0.15728109364165893
2019-01-31 06:30:00+00:00,0.0735199366172083
2019-01-31 07:00:00+00:00,-0.10123441423079903
2019-01-31 07:30:00+00:00,-0.17431079247300454
2019-01-31 08:00:00+00:00,-0.2215362174557468
2019-01-31 08:30:00+00:00,-0.676774608385774
2019-01-31 09:00:00+00:00,-0.5249917553311659
2019-01-31 09:30:00+00:00,-0.6525511998126532
2019-01-31 10:00:00+00:00,-0.2790657157409806
2019-01-31 10:30:00+00:00,-0.6319867973736614
2019-01-31 11:00:00+00:00,-0.5279783256862248
2019-01-31 11:30:00+00:00,-0.4400854496031179
2019-01-31 12:00:00+00:00,0.04040191380830788
2019-01-31 12:30:00+00:00,0.47358354266593805
2019-01-31 13:00:00+00:00,0.527529973288771
2019-01-31 13:30:00+00:00,1.0542330887909974
2019-01-31 14:00:00+00:00,1.2394388223730353
2019-01-31 14:30:00+00:00,1.3442672623269685
2019-01-31 15:00:00+00:00,0.9332153567964708
2019-01-31 15:30:00+00:00,0.6232767371282173
2019-01-31 16:00:00+00:00,0.9484154432944192
2019-01-31 16:30:00+00:00,1.138724867875005
2019-01-31 17:00:00+00:00,1.3290342924555905
2019-01-31 17:30:00+00:00,1.1652955873192565
2019-01-31 18:00:00+00:00,1.0015568821829224
2019-01-31 18:30:00+00:00,1.0015568821829224
2019-01-31 19:00:00+00:00,1.0015568821829224
2019-01-31 19:30:00+00:00,1.0015568821829224
2019-01-31 20:00:00+00:00,1.0015568821829224
2019-01-31 20:30:00+00:00,1.0015568821829224
2019-01-31 21:00:00+00:00,1.0015568821829224
2019-01-31 21:30:00+00:00,-0.1446140537714152
2019-01-31 22:00:00+00:00,-0.049981673407871616
2019-01-31 22:30:00+00:00,0.04465070695567199
2019-01-31 23:00:00+00:00,-0.6367613012066835
2019-01-31 23:30:00+00:00,-0.6249243074710834
2019-02-01 00:00:00+00:00,-0.6130873137354833
2019-02-01 00:30:00+00:00,-0.6130873137354833
2019-02-01 01:00:00+00:00,-0.6130873137354833
2019-02-01 01:30:00+00:00,-0.6130873137354833
2019-02-01 02:00:00+00:00,-0.6130873137354833
2019-02-01 02:30:00+00:00,-0.6130873137354833
2019-02-01 03:00:00+00:00,-0.6130873137354833
2019-02-01 03:30:00+00:00,-0.6130873137354833
2019-02-01 04:00:00+00:00,-0.6130873137354833
2019-02-01 04:30:00+00:00,-0.5823111300229231
2019-02-01 05:00:00+00:00,-0.5515349463103629
2019-02-01 05:30:00+00:00,-0.5207587625978028
2019-02-01 06:00:00+00:00,-0.48998257888524266
2019-02-01 06:30:00+00:00,-0.45920639517268247
2019-02-01 07:00:00+00:00,-0.5780852486191095
2019-02-01 07:30:00+00:00,-0.9473544005526178
2019-02-01 08:00:00+00:00,-0.9896294744898054
2019-02-01 08:30:00+00:00,-1.100372092484849
2019-02-01 09:00:00+00:00,-0.9280759905380517
2019-02-01 09:30:00+00:00,-1.012741680284804
2019-02-01 10:00:00+00:00,-0.6666352864696462
2019-02-01 10:30:00+00:00,-1.0212042016095102
2019-02-01 11:00:00+00:00,-0.8624306197319722
2019-02-01 11:30:00+00:00,-1.092084362953164
2019-02-01 12:00:00+00:00,-0.8811323778635369
2019-02-01 12:30:00+00:00,-0.8733998725946022
2019-02-01 13:00:00+00:00,-1.0470766888676108
2019-02-01 13:30:00+00:00,-0.7699780237945413
2019-02-01 14:00:00+00:00,-0.4928793587214719
2019-02-01 14:30:00+00:00,-0.4928793587214719
2019-02-01 15:00:00+00:00,-0.4928793587214719
2019-02-01 15:30:00+00:00,-0.4928793587214719
2019-02-01 16:00:00+00:00,-0.4928793587214719
2019-02-01 16:30:00+00:00,-0.4928793587214719
2019-02-01 17:00:00+00:00,1.1697126317169446
2019-02-01 17:30:00+00:00,1.2394489290989608
2019-02-01 18:00:00+00:00,0.9093298847359628
2019-02-01 18:30:00+00:00,0.9333139172300383
2019-02-01 19:00:00+00:00,0.9185882757099012
2019-02-01 19:30:00+00:00,0.8762715601157476
2019-02-01 20:00:00+00:00,0.6745232095489464
2019-02-01 20:30:00+00:00,0.6048086504223777
2019-02-01 21:00:00+00:00,-0.11110931395554606
2019-02-01 21:30:00+00:00,-0.24815381793824795
2019-02-01 22:00:00+00:00,-0.33461335625161237
2019-02-01 22:30:00+00:00,-0.8163446607062711
2019-02-01 23:00:00+00:00,-0.9880997602814128
2019-02-01 23:30:00+00:00,-0.8271811324113406
2019-02-02 00:00:00+00:00,-0.8811349365941592
2019-02-02 00:30:00+00:00,-0.7148031115832955
2019-02-02 01:00:00+00:00,-0.6289391128062957
2019-02-02 01:30:00+00:00,-0.4486303524186469
2019-02-02 02:00:00+00:00,-0.6483691389623417
2019-02-02 02:30:00+00:00,-1.0575977475680798
2019-02-02 03:00:00+00:00,-1.1003358701085302
2019-02-02 03:30:00+00:00,-1.0998403932992138
2019-02-02 04:00:00+00:00,-1.03922727961029
2019-02-02 04:30:00+00:00,-0.8033092414985938
2019-02-02 05:00:00+00:00,-0.8275344108564701
2019-02-02 05:30:00+00:00,-0.8513185356699697
2019-02-02 06:00:00+00:00,-1.0252557158436206
2019-02-02 06:30:00+00:00,-1.0818112026233013
2019-02-02 07:00:00+00:00,-1.0723835227055185
2019-02-02 07:30:00+00:00,-1.077967779911244
2019-02-02 08:00:00+00:00,-1.0197569566597868
2019-02-02 08:30:00+00:00,-0.818241880888916
2019-02-02 09:00:00+00:00,-0.9996593080291942
2019-02-02 09:30:00+00:00,-0.9497791069460076
2019-02-02 10:00:00+00:00,-0.7681542595479004
2019-02-02 10:30:00+00:00,-1.0078585501626978
2019-02-02 11:00:00+00:00,-1.0486691313724346
2019-02-02 11:30:00+00:00,-1.0976315066644793
2019-02-02 12:00:00+00:00,-1.1045690327879625
2019-02-02 12:30:00+00:00,-1.0944167286886188
2019-02-02 13:00:00+00:00,-0.9806699385816686
2019-02-02 13:30:00+00:00,-0.9532260531572814
2019-02-02 14:00:00+00:00,-0.4974014772699486
2019-02-02 14:30:00+00:00,-0.2208419431544511
2019-02-02 15:00:00+00:00,1.0997055668604843
2019-02-02 15:30:00+00:00,1.5981165484339668
2019-02-02 16:00:00+00:00,0.7992377466263533
2019-02-02 16:30:00+00:00,0.21987902867030565
2019-02-02 17:00:00+00:00,0.34253641983176175
2019-02-02 17:30:00+00:00,0.46814875803394357
2019-02-02 18:00:00+00:00,0.5560679634812178
2019-02-02 18:30:00+00:00,0.30830480201755506
2019-02-02 19:00:00+00:00,0.14142857326417732
2019-02-02 19:30:00+00:00,-0.33312840758091006
2019-02-02 20:00:00+00:00,-0.6434935821208785
2019-02-02 20:30:00+00:00,-0.4474758168734789
2019-02-02 21:00:00+00:00,-0.46094736850846596
2019-02-02 21:30:00+00:00,-0.11353676163720867
2019-02-02 22:00:00+00:00,-0.3247236537509193
2019-02-02 22:30:00+00:00,-0.5198534984036891
2019-02-02 23:00:00+00:00,-0.5876839007719032
2019-02-02 23:30:00+00:00,-0.6714338756351331
2019-02-03 00:00:00+00:00,-0.7235397926664066
2019-02-03 00:30:00+00:00,-0.6317077147514432
2019-02-03 01:00:00+00:00,-0.6935507353863195
2019-02-03 01:30:00+00:00,-0.6149846001579927
2019-02-03 02:00:00+00:00,-0.6657629942758727
2019-02-03 02:30:00+00:00,-0.5893033200749656
2019-02-03 03:00:00+00:00,-0.5127239884550515
2019-02-03 03:30:00+00:00,-0.6624022179769251
2019-02-03 04:00:00+00:00,-0.7232110371522135
2019-02-03 04:30:00+00:00,-0.5021807875047001
2019-02-03 05:00:00+00:00,-0.6261385465042276
2019-02-03 05:30:00+00:00,-0.41151731695119154
2019-02-03 06:00:00+00:00,-0.5752937425705578
2019-02-03 06:30:00+00:00,-0.7374116784723785
2019-02-03 07:00:00+00:00,-0.7565748956288227
2019-02-03 07:30:00+00:00,-0.9881891786798309
2019-02-03 08:00:00+00:00,-0.9537336438150587
2019-02-03 08:30:00+00:00,-0.9924760804487932
2019-02-03 09:00:00+00:00,-1.0756075017821436
2019-02-03 09:30:00+00:00,-1.1012844198476577
2019-02-03 10:00:00+00:00,-1.0887545297349064
2019-02-03 10:30:00+00:00,-0.9704627994524021
2019-02-03 11:00:00+00:00,-0.8038607515231287
2019-02-03 11:30:00+00:00,-0.6395632768798892
2019-02-03 12:00:00+00:00,-0.5661190339944223
2019-02-03 12:30:00+00:00,-0.3253647524768952
2019-02-03 13:00:00+00:00,0.5274544140181786
2019-02-03 13:30:00+00:00,1.3677749091711058
2019-02-03 14:00:00+00:00,0.8546324454122277
2019-02-03 14:30:00+00:00,0.4870218083180548
2019-02-03 15:00:00+00:00,0.9394593392000768
2019-02-03 15:30:00+00:00,0.8479222066410205
2019-02-03 16:00:00+00:00,1.2110943107008811
2019-02-03 16:30:00+00:00,0.4406012169404975
2019-02-03 17:00:00+00:00,1.3751130460602234
2019-02-03 17:30:00+00:00,0.610623417114146
2019-02-03 18:00:00+00:00,0.5934024043613306
2019-02-03 18:30:00+00:00,0.489303724805599
2019-02-03 19:00:00+00:00,1.253950177596084
2019-02-03 19:30:00+00:00,1.578661268662818
2019-02-03 20:00:00+00:00,1.4998989698652907
2019-02-03 20:30:00+00:00,1.4915352607404981
2019-02-03 21:00:00+00:00,1.1074149220583636
2019-02-03 21:30:00+00:00,0.9951776627864147
2019-02-03 22:00:00+00:00,0.640586118136831
2019-02-03 22:30:00+00:00,0.27844409608820925
2019-02-03 23:00:00+00:00,0.04540100813873218
2019-02-03 23:30:00+00:00,-0.15876180507314497
2019-02-04 00:00:00+00:00,-0.12298589060586061
2019-02-04 00:30:00+00:00,-0.22512867548616752
2019-02-04 01:00:00+00:00,-0.45107758804122544
2019-02-04 01:30:00+00:00,-0.6128718596904318
2019-02-04 02:00:00+00:00,-0.7213467631944593
2019-02-04 02:30:00+00:00,-0.8580746794183786
2019-02-04 03:00:00+00:00,-0.7794925424718022
2019-02-04 03:30:00+00:00,-0.6213382409328618
2019-02-04 04:00:00+00:00,-0.393397608970963
2019-02-04 04:30:00+00:00,-0.3446550973882332
2019-02-04 05:00:00+00:00,-0.11180847708992987
2019-02-04 05:30:00+00:00,-0.08291057885096723
2019-02-04 06:00:00+00:00,-0.38951589069053083
2019-02-04 06:30:00+00:00,-0.3671798982783881
2019-02-04 07:00:00+00:00,-0.5107789466197434
2019-02-04 07:30:00+00:00,0.16541986884689563
2019-02-04 08:00:00+00:00,0.047757059242890684
2019-02-04 08:30:00+00:00,-0.08771191211536288
2019-02-04 09:00:00+00:00,-0.2280635071413951
2019-02-04 09:30:00+00:00,-0.1731014403975882
2019-02-04 10:00:00+00:00,0.212648811885954
2019-02-04 10:30:00+00:00,0.5954683716781103
2019-02-04 11:00:00+00:00,0.32191171411032377
2019-02-04 11:30:00+00:00,0.4399904419058098
2019-02-04 12:00:00+00:00,0.40461073444817136
2019-02-04 12:30:00+00:00,0.6221136353947108
2019-02-04 13:00:00+00:00,0.6008916570529963
2019-02-04 13:30:00+00:00,0.3230476901839657
2019-02-04 14:00:00+00:00,0.4096305579172611
2019-02-04 14:30:00+00:00,0.4962134256505566
2019-02-04 15:00:00+00:00,0.4962134256505566
2019-02-04 15:30:00+00:00,0.4962134256505566
2019-02-04 16:00:00+00:00,0.4962134256505566
2019-02-04 16:30:00+00:00,0.4962134256505566
2019-02-04 17:00:00+00:00,0.4962134256505566
2019-02-04 17:30:00+00:00,0.4962134256505566
2019-02-04 18:00:00+00:00,0.4962134256505566
2019-02-04 18:30:00+00:00,1.1888763675169203
2019-02-04 19:00:00+00:00,0.901539685344229
2019-02-04 19:30:00+00:00,0.47618750412163546
2019-02-04 20:00:00+00:00,0.25915450924933936
2019-02-04 20:30:00+00:00,0.4163004569064206
2019-02-04 21:00:00+00:00,0.6236039192863879
2019-02-04 21:30:00+00:00,0.7102515881974297
2019-02-04 22:00:00+00:00,0.5427108172986808
2019-02-04 22:30:00+00:00,0.20663810767848798
2019-02-04 23:00:00+00:00,-0.13334768399152108
2019-02-04 23:30:00+00:00,-0.1578046210962835
2019-02-05 00:00:00+00:00,-0.18936374345843907
2019-02-05 00:30:00+00:00,-0.2538605794929844
2019-02-05 01:00:00+00:00,-0.4215957256010579
2019-02-05 01:30:00+00:00,-0.572564882621694
2019-02-05 02:00:00+00:00,-0.9148873850697592
2019-02-05 02:30:00+00:00,-0.7786787697139413
2019-02-05 03:00:00+00:00,-0.5662437441095235
2019-02-05 03:30:00+00:00,-0.6269386115848765
2019-02-05 04:00:00+00:00,-0.7765643958857974
2019-02-05 04:30:00+00:00,-0.34545527888409466
2019-02-05 05:00:00+00:00,-0.06084339488590338
2019-02-05 05:30:00+00:00,0.27571608935453834
2019-02-05 06:00:00+00:00,0.3369239916957308
2019-02-05 06:30:00+00:00,0.8638359823480516
2019-02-05 07:00:00+00:00,0.40256217656436694
2019-02-05 07:30:00+00:00,0.38497448325211353
2019-02-05 08:00:00+00:00,-0.0442856056427147
2019-02-05 08:30:00+00:00,-0.1476811824414718
2019-02-05 09:00:00+00:00,-0.24620387838245547
2019-02-05 09:30:00+00:00,-0.2672433033037811
2019-02-05 10:00:00+00:00,0.20291633679862517
2019-02-05 10:30:00+00:00,0.08113016853817756
2019-02-05 11:00:00+00:00,0.38677742477339166
2019-02-05 11:30:00+00:00,0.6414299403285165
2019-02-05 12:00:00+00:00,1.0610467235997314
2019-02-05 12:30:00+00:00,1.4806635068709462
2019-02-05 13:00:00+00:00,1.0304569852170395
2019-02-05 13:30:00+00:00,0.742228743515662
2019-02-05 14:00:00+00:00,0.8817170088078218
2019-02-05 14:30:00+00:00,0.8068281555531539
2019-02-05 15:00:00+00:00,1.2505582279196445
2019-02-05 15:30:00+00:00,1.4987509127011573
2019-02-05 16:00:00+00:00,1.217011223916664
2019-02-05 16:30:00+00:00,0.45306947642576934
2019-02-05 17:00:00+00:00,0.7519975305533159
2019-02-05 17:30:00+00:00,0.48537940946675606
2019-02-05 18:00:00+00:00,0.7720613954265084
2019-02-05 18:30:00+00:00,0.3839606820529789
2019-02-05 19:00:00+00:00,0.11886462316885146
2019-02-05 19:30:00+00:00,-0.05141396193434602
2019-02-05 20:00:00+00:00,-0.35474472205647345
2019-02-05 20:30:00+00:00,-0.7488633274750642
2019-02-05 21:00:00+00:00,-0.9831647660144986
2019-02-05 21:30:00+00:00,-1.0391892336049962
2019-02-05 22:00:00+00:00,-1.070838882904836
2019-02-05 22:30:00+00:00,-1.100137996256727
2019-02-05 23:00:00+00:00,-1.1001689511811674
2019-02-05 23:30:00+00:00,-0.9778345247146074
2019-02-06 00:00:00+00:00,-0.8901835733314916
2019-02-06 00:30:00+00:00,-0.9541010496856458
2019-02-06 01:00:00+00:00,-0.9340450586429834
2019-02-06 01:30:00+00:00,-0.9685789072624306
2019-02-06 02:00:00+00:00,-1.0822859313386675
2019-02-06 02:30:00+00:00,-1.0996732520720602
2019-02-06 03:00:00+00:00,-1.0719729200853925
2019-02-06 03:30:00+00:00,-1.005442638422325
2019-02-06 04:00:00+00:00,-1.0039178005761233
2019-02-06 04:30:00+00:00,-0.7061375822820206
2019-02-06 05:00:00+00:00,-0.25915912258249113
2019-02-06 05:30:00+00:00,-0.3156070052697805
2019-02-06 06:00:00+00:00,-0.5625011678587571
2019-02-06 06:30:00+00:00,-0.6538349581736769
2019-02-06 07:00:00+00:00,-0.6245683628113683
2019-02-06 07:30:00+00:00,-0.37029751712766756
2019-02-06 08:00:00+00:00,-0.7426830446061568
2019-02-06 08:30:00+00:00,-0.5444566693887417
2019-02-06 09:00:00+00:00,-0.5992086079729729
2019-02-06 09:30:00+00:00,-0.6622273952847776
2019-02-06 10:00:00+00:00,-0.7265687821728765
2019-02-06 10:30:00+00:00,-0.5789409141071301
2019-02-06 11:00:00+00:00,-0.581925064246833
2019-02-06 11:30:00+00:00,-0.3788517840890662
2019-02-06 12:00:00+00:00,0.06862939041216592
2019-02-06 12:30:00+00:00,0.6246802735850938
2019-02-06 13:00:00+00:00,0.7196581343827099
2019-02-06 13:30:00+00:00,0.9667071755365451
2019-02-06 14:00:00+00:00,1.6081205604245656
2019-02-06 14:30:00+00:00,1.6055485053964733
2019-02-06 15:00:00+00:00,1.7087006920554144
2019-02-06 15:30:00+00:00,1.6320837278129672
2019-02-06 16:00:00+00:00,1.1381709835685279
2019-02-06 16:30:00+00:00,1.4474730962955555
2019-02-06 17:00:00+00:00,1.218777552537002
2019-02-06 17:30:00+00:00,0.6183391229480081
2019-02-06 18:00:00+00:00,0.124858628292468
2019-02-06 18:30:00+00:00,0.38560038784220907
2019-02-06 19:00:00+00:00,0.3600690335237766
2019-02-06 19:30:00+00:00,-0.45529594767918813
2019-02-06 20:00:00+00:00,-0.6836974096655166
2019-02-06 20:30:00+00:00,-0.8513462059464344
2019-02-06 21:00:00+00:00,-0.9706315626493853
2019-02-06 21:30:00+00:00,-0.6902748133217788
2019-02-06 22:00:00+00:00,-0.47915745955706
2019-02-06 22:30:00+00:00,-0.6108728545942129
2019-02-06 23:00:00+00:00,-0.6767471877854976
2019-02-06 23:30:00+00:00,-0.646351294514806
2019-02-07 00:00:00+00:00,-0.6524686584284272
2019-02-07 00:30:00+00:00,-0.9179248135241301
2019-02-07 01:00:00+00:00,-0.7696629887315224
2019-02-07 01:30:00+00:00,-0.9874345823144165
2019-02-07 02:00:00+00:00,-1.1004545731970585
2019-02-07 02:30:00+00:00,-1.0997475443691618
2019-02-07 03:00:00+00:00,-0.911504733987103
2019-02-07 03:30:00+00:00,-0.9863944308288524
2019-02-07 04:00:00+00:00,-0.7923972933390709
2019-02-07 04:30:00+00:00,-0.644142550481297
2019-02-07 05:00:00+00:00,-0.9047251646955888
2019-02-07 05:30:00+00:00,-0.9931070373905362
2019-02-07 06:00:00+00:00,-0.9605769681415948
2019-02-07 06:30:00+00:00,-1.0934059601292667
2019-02-07 07:00:00+00:00,-1.0797301892638542
2019-02-07 07:30:00+00:00,-1.0828885730104336
2019-02-07 08:00:00+00:00,-1.0860469567570128
2019-02-07 08:30:00+00:00,-1.0312580474004285
2019-02-07 09:00:00+00:00,-0.9603852512953382
2019-02-07 09:30:00+00:00,-1.1048459962965935
2019-02-07 10:00:00+00:00,-0.8841437848352646
2019-02-07 10:30:00+00:00,-0.8394139622640376
2019-02-07 11:00:00+00:00,-0.7243582240531862
2019-02-07 11:30:00+00:00,-0.3590787431928025
2019-02-07 12:00:00+00:00,0.04145634036025108
2019-02-07 12:30:00+00:00,0.7014490061266067
2019-02-07 13:00:00+00:00,0.49638961293509376
2019-02-07 13:30:00+00:00,0.5847243311988003
2019-02-07 14:00:00+00:00,1.205342117352654
2019-02-07 14:30:00+00:00,0.9593859483479541
2019-02-07 15:00:00+00:00,0.6639712790277331
2019-02-07 15:30:00+00:00,0.36392045877837514
2019-02-07 16:00:00+00:00,0.985614867855789
2019-02-07 16:30:00+00:00,0.6739218740630835
2019-02-07 17:00:00+00:00,0.40142161178999997
2019-02-07 17:30:00+00:00,-0.11394010508770934
2019-02-07 18:00:00+00:00,-0.14747382608713067
2019-02-07 18:30:00+00:00,0.5239180340003871
2019-02-07 19:00:00+00:00,0.03405121720338485
2019-02-07 19:30:00+00:00,-0.3028951478931003
2019-02-07 20:00:00+00:00,-0.23503382797992672
2019-02-07 20:30:00+00:00,-0.7097681262421933
2019-02-07 21:00:00+00:00,-0.9197764491894127
2019-02-07 21:30:00+00:00,-1.0420281100743485
2019-02-07 22:00:00+00:00,-0.9568512601060271
2019-02-07 22:30:00+00:00,-0.9059213162737662
2019-02-07 23:00:00+00:00,-0.5574157280036962
2019-02-07 23:30:00+00:00,-0.5640063394374883
2019-02-08 00:00:00+00:00,-0.6671567404724853
2019-02-08 00:30:00+00:00,-0.6792599928688315
2019-02-08 01:00:00+00:00,-0.7866547714918192
2019-02-08 01:30:00+00:00,-0.8099532016452745
2019-02-08 02:00:00+00:00,-0.9319245833624652
2019-02-08 02:30:00+00:00,-0.9813138254732696
2019-02-08 03:00:00+00:00,-0.9610360206300396
2019-02-08 03:30:00+00:00,-0.9781466164735944
2019-02-08 04:00:00+00:00,-1.0564102160818765
2019-02-08 04:30:00+00:00,-1.1006639515785304
2019-02-08 05:00:00+00:00,-1.0673695682472348
2019-02-08 05:30:00+00:00,-1.034075184915939
2019-02-08 06:00:00+00:00,-0.8697261017390776
2019-02-08 06:30:00+00:00,-0.8522867147274291
2019-02-08 07:00:00+00:00,-1.0065252050376396
2019-02-08 07:30:00+00:00,-0.9155197434545544
2019-02-08 08:00:00+00:00,-1.0327831491791937
2019-02-08 08:30:00+00:00,-0.9035306003762861
2019-02-08 09:00:00+00:00,-1.0272852014268328
2019-02-08 09:30:00+00:00,-0.9501117687242576
2019-02-08 10:00:00+00:00,-0.922442595974792
2019-02-08 10:30:00+00:00,-0.7169204226170602
2019-02-08 11:00:00+00:00,-0.7052468472329743
2019-02-08 11:30:00+00:00,-0.6239070804567804
2019-02-08 12:00:00+00:00,-0.5362898897659678
2019-02-08 12:30:00+00:00,-0.43227221592892273
2019-02-08 13:00:00+00:00,-0.2514209785644029
2019-02-08 13:30:00+00:00,-0.8444623320987183
2019-02-08 14:00:00+00:00,-0.8914719308205058
2019-02-08 14:30:00+00:00,-1.0243557570177293
2019-02-08 15:00:00+00:00,-1.0305015313125314
2019-02-08 15:30:00+00:00,-0.5902989534408299
2019-02-08 16:00:00+00:00,0.9103477646424603
2019-02-08 16:30:00+00:00,0.2904042803144243
2019-02-08 17:00:00+00:00,-0.09421881691199817
2019-02-08 17:30:00+00:00,-0.3684259694719695
2019-02-08 18:00:00+00:00,-0.5124577784137871
2019-02-08 18:30:00+00:00,-0.6069751170476527
2019-02-08 19:00:00+00:00,-0.6258368395638219
2019-02-08 19:30:00+00:00,-0.3458614434629135
2019-02-08 20:00:00+00:00,-0.2395292637278485
2019-02-08 20:30:00+00:00,-0.21999896904031854
2019-02-08 21:00:00+00:00,-0.014830407223459402
2019-02-08 21:30:00+00:00,-0.055440373413903184
2019-02-08 22:00:00+00:00,-0.09605033960434696
2019-02-08 22:30:00+00:00,-0.09605033960434696
2019-02-08 23:00:00+00:00,-0.1772702719852345
2019-02-08 23:30:00+00:00,-0.4127191299260077
2019-02-09 00:00:00+00:00,-0.4788676677365192
2019-02-09 00:30:00+00:00,-0.43538429901855685
2019-02-09 01:00:00+00:00,-0.553427169492008
2019-02-09 01:30:00+00:00,-0.7939718608572973
2019-02-09 02:00:00+00:00,-0.6178037319395702
2019-02-09 02:30:00+00:00,-0.6776347559594728
2019-02-09 03:00:00+00:00,-0.7899733311285507
2019-02-09 03:30:00+00:00,-0.7622407678625039
2019-02-09 04:00:00+00:00,-0.686142294269271
2019-02-09 04:30:00+00:00,-0.7566210005316191
2019-02-09 05:00:00+00:00,-0.9559537985337855
2019-02-09 05:30:00+00:00,-1.0865852122109958
2019-02-09 06:00:00+00:00,-1.080156209430079
2019-02-09 06:30:00+00:00,-1.0465274630317296
2019-02-09 07:00:00+00:00,-0.973145282897532
2019-02-09 07:30:00+00:00,-1.079187773493565
2019-02-09 08:00:00+00:00,-1.0285426695165165
2019-02-09 08:30:00+00:00,-0.979718040793904
2019-02-09 09:00:00+00:00,-0.8950235380855668
2019-02-09 09:30:00+00:00,-0.9679800817484654
2019-02-09 10:00:00+00:00,-0.9427625390691441
2019-02-09 10:30:00+00:00,-0.9034931236991162
2019-02-09 11:00:00+00:00,-0.9591133468458236
2019-02-09 11:30:00+00:00,-0.9155717703658681
2019-02-09 12:00:00+00:00,-0.5930413757202015
2019-02-09 12:30:00+00:00,-0.25345576010606985
2019-02-09 13:00:00+00:00,-0.1002809365666405
2019-02-09 13:30:00+00:00,0.6294453633209027
2019-02-09 14:00:00+00:00,0.3050587256570374
2019-02-09 14:30:00+00:00,0.3904644677871662
2019-02-09 15:00:00+00:00,0.03657300495955663
2019-02-09 15:30:00+00:00,0.14819594323594798
2019-02-09 16:00:00+00:00,0.058724070069485004
2019-02-09 16:30:00+00:00,0.5551798403707231
2019-02-09 17:00:00+00:00,0.34234034494381244
2019-02-09 17:30:00+00:00,0.13791881064343392
2019-02-09 18:00:00+00:00,-0.03148516350059246
2019-02-09 18:30:00+00:00,0.4330440732748652
2019-02-09 19:00:00+00:00,0.5461639652138418
2019-02-09 19:30:00+00:00,0.11587977366076026
2019-02-09 20:00:00+00:00,0.5196199909089296
2019-02-09 20:30:00+00:00,0.7363668864373146
2019-02-09 21:00:00+00:00,0.3102443708226294
2019-02-09 21:30:00+00:00,-0.0038276601645381263
2019-02-09 22:00:00+00:00,0.0024687804387978937
2019-02-09 22:30:00+00:00,0.15960051844086254
2019-02-09 23:00:00+00:00,-0.2066795997391468
2019-02-09 23:30:00+00:00,-0.005576402365952887
2019-02-10 00:00:00+00:00,-0.19069716447341858
2019-02-10 00:30:00+00:00,-0.3109276769020159
2019-02-10 01:00:00+00:00,-0.018776187034654085
2019-02-10 01:30:00+00:00,0.09489262745333678
2019-02-10 02:00:00+00:00,-0.3130853995651377
2019-02-10 02:30:00+00:00,-0.6246334896550992
2019-02-10 03:00:00+00:00,-0.6967483557638258
2019-02-10 03:30:00+00:00,-0.6309298386405162
2019-02-10 04:00:00+00:00,-0.5137265691969812
2019-02-10 04:30:00+00:00,-0.5607515265964821
2019-02-10 05:00:00+00:00,-0.6107714601304225
2019-02-10 05:30:00+00:00,-0.5846220903205787
2019-02-10 06:00:00+00:00,-0.8187120024150593
2019-02-10 06:30:00+00:00,-0.7097292181739242
2019-02-10 07:00:00+00:00,-0.7938533511990039
2019-02-10 07:30:00+00:00,-0.7088873116127345
2019-02-10 08:00:00+00:00,-0.7195598463522562
2019-02-10 08:30:00+00:00,-0.7906313449559872
2019-02-10 09:00:00+00:00,-0.6223624198377234
2019-02-10 09:30:00+00:00,-0.7213557360684513
2019-02-10 10:00:00+00:00,-0.2715738574281734
2019-02-10 10:30:00+00:00,0.15374884685843687
2019-02-10 11:00:00+00:00,0.15356495871377362
2019-02-10 11:30:00+00:00,0.5333975190598144
2019-02-10 12:00:00+00:00,0.7674866467593925
2019-02-10 12:30:00+00:00,1.3951604483405688
2019-02-10 13:00:00+00:00,1.544026903739716
2019-02-10 13:30:00+00:00,1.4559811790778914
2019-02-10 14:00:00+00:00,1.5395841091771016
2019-02-10 14:30:00+00:00,1.3521534340662782
2019-02-10 15:00:00+00:00,1.6171919512535797
2019-02-10 15:30:00+00:00,1.7233538455812027
2019-02-10 16:00:00+00:00,1.6905999043304096
2019-02-10 16:30:00+00:00,1.6131184038461481
2019-02-10 17:00:00+00:00,1.2761704592023266
2019-02-10 17:30:00+00:00,1.6746678609083117
2019-02-10 18:00:00+00:00,1.5256010084885465
2019-02-10 18:30:00+00:00,1.375985487892519
2019-02-10 19:00:00+00:00,1.6496875513869553
2019-02-10 19:30:00+00:00,1.5811379124136744
2019-02-10 20:00:00+00:00,0.9540862805681961
2019-02-10 20:30:00+00:00,0.39286672106123255
2019-02-10 21:00:00+00:00,0.22336539806066033
2019-02-10 21:30:00+00:00,0.0027294031024062224
2019-02-10 22:00:00+00:00,0.19222726826353237
2019-02-10 22:30:00+00:00,0.7028933931037937
2019-02-10 23:00:00+00:00,0.8934256705131999
2019-02-10 23:30:00+00:00,0.373259995279845
2019-02-11 00:00:00+00:00,-0.15782521460189736
2019-02-11 00:30:00+00:00,-0.2746045873759247
2019-02-11 01:00:00+00:00,-0.5315222243115428
2019-02-11 01:30:00+00:00,-0.6353552444657212
2019-02-11 02:00:00+00:00,-0.47257194083524023
2019-02-11 02:30:00+00:00,-0.041376091876567885
2019-02-11 03:00:00+00:00,0.1690271983733828
2019-02-11 03:30:00+00:00,1.360047763822972
2019-02-11 04:00:00+00:00,0.97147697144992
2019-02-11 04:30:00+00:00,1.2901548336634998
2019-02-11 05:00:00+00:00,0.8738473821995965
2019-02-11 05:30:00+00:00,0.8666214627304488
2019-02-11 06:00:00+00:00,0.6930712827964008
2019-02-11 06:30:00+00:00,1.047016776906012
2019-02-11 07:00:00+00:00,0.5747995782367178
2019-02-11 07:30:00+00:00,0.7247482472902477
2019-02-11 08:00:00+00:00,1.4760046533886477
2019-02-11 08:30:00+00:00,1.483950750450774
2019-02-11 09:00:00+00:00,1.1153206472793111
2019-02-11 09:30:00+00:00,0.9992907022189522
2019-02-11 10:00:00+00:00,0.7186420150055106
2019-02-11 10:30:00+00:00,1.0795110647771275
2019-02-11 11:00:00+00:00,0.8568237787894437
2019-02-11 11:30:00+00:00,0.8231204348519247
2019-02-11 12:00:00+00:00,0.7324472398223473
2019-02-11 12:30:00+00:00,1.292818574178911
2019-02-11 13:00:00+00:00,1.2592121983035678
2019-02-11 13:30:00+00:00,1.5484077936265603
2019-02-11 14:00:00+00:00,1.7109861901792578
2019-02-11 14:30:00+00:00,1.5584838370480625
2019-02-11 15:00:00+00:00,1.51265912496678
2019-02-11 15:30:00+00:00,1.71833807858418
2019-02-11 16:00:00+00:00,1.7269580019414832
2019-02-11 16:30:00+00:00,1.7355779252987866
2019-02-11 17:00:00+00:00,1.74419784865609
2019-02-11 17:30:00+00:00,1.0687987111678774
2019-02-11 18:00:00+00:00,0.6785176739443898
2019-02-11 18:30:00+00:00,0.6148706311655466
2019-02-11 19:00:00+00:00,0.463482268191282
2019-02-11 19:30:00+00:00,0.7455457255377202
2019-02-11 20:00:00+00:00,0.7301194824971716
2019-02-11 20:30:00+00:00,0.9800997340644074
2019-02-11 21:00:00+00:00,1.3175727669406316
2019-02-11 21:30:00+00:00,0.877082848287425
2019-02-11 22:00:00+00:00,0.10125867791352632
2019-02-11 22:30:00+00:00,0.269595798623147
2019-02-11 23:00:00+00:00,0.15077971800629825
2019-02-11 23:30:00+00:00,-0.2295550797478491
2019-02-12 00:00:00+00:00,-0.43382751400733094
2019-02-12 00:30:00+00:00,-0.44587022979599455
2019-02-12 01:00:00+00:00,-0.45075396082091024
2019-02-12 01:30:00+00:00,-0.5345221416787972
2019-02-12 02:00:00+00:00,-0.41578723077527524
2019-02-12 02:30:00+00:00,-0.46121412197093764
2019-02-12 03:00:00+00:00,-0.28274239143025737
2019-02-12 03:30:00+00:00,0.04844894367996252
2019-02-12 04:00:00+00:00,0.549583162287913
2019-02-12 04:30:00+00:00,0.6634361517045366
2019-02-12 05:00:00+00:00,0.5711271242729898
2019-02-12 05:30:00+00:00,0.7266617207483853
2019-02-12 06:00:00+00:00,0.5796901743192286
2019-02-12 06:30:00+00:00,-0.04382957746248458
2019-02-12 07:00:00+00:00,-0.08619389450448656
2019-02-12 07:30:00+00:00,-0.26512185046160025
2019-02-12 08:00:00+00:00,-0.20648946035923346
2019-02-12 08:30:00+00:00,-0.12275792859137773
2019-02-12 09:00:00+00:00,0.018318407470887785
2019-02-12 09:30:00+00:00,0.3310133407817123
2019-02-12 10:00:00+00:00,-0.015830241363114773
2019-02-12 10:30:00+00:00,-0.23047662349242548
2019-02-12 11:00:00+00:00,0.2171777695356174
2019-02-12 11:30:00+00:00,0.15788310458141244
2019-02-12 12:00:00+00:00,0.6195573338949432
2019-02-12 12:30:00+00:00,0.8342650825827274
2019-02-12 13:00:00+00:00,1.2981429859657603
2019-02-12 13:30:00+00:00,1.1293575593181593
2019-02-12 14:00:00+00:00,1.5777607875827635
2019-02-12 14:30:00+00:00,1.7394823684558844
2019-02-12 15:00:00+00:00,1.6870450816714773
2019-02-12 15:30:00+00:00,0.9937757983223405
2019-02-12 16:00:00+00:00,0.5015745994349307
2019-02-12 16:30:00+00:00,0.4965809315879382
2019-02-12 17:00:00+00:00,0.7003178629060526
2019-02-12 17:30:00+00:00,0.6600803557665341
2019-02-12 18:00:00+00:00,0.9794228201962667
2019-02-12 18:30:00+00:00,1.0181162786147582
2019-02-12 19:00:00+00:00,1.0044371987032426
2019-02-12 19:30:00+00:00,0.5043645835645498
2019-02-12 20:00:00+00:00,0.4486813854188184
2019-02-12 20:30:00+00:00,0.07894037305720328
2019-02-12 21:00:00+00:00,-0.0657298945767894
2019-02-12 21:30:00+00:00,-0.090572037393993
2019-02-12 22:00:00+00:00,-0.23269496326247796
2019-02-12 22:30:00+00:00,-0.5391848034992536
2019-02-12 23:00:00+00:00,-0.7714502609633428
2019-02-12 23:30:00+00:00,-0.8650898538410708
2019-02-13 00:00:00+00:00,-0.9236583110347478
2019-02-13 00:30:00+00:00,-0.8717203045173613
2019-02-13 01:00:00+00:00,-0.8555613276694952
2019-02-13 01:30:00+00:00,-0.8707815316438612
2019-02-13 02:00:00+00:00,-1.0787966066525123
2019-02-13 02:30:00+00:00,-1.0600211689403196
2019-02-13 03:00:00+00:00,-1.085842761187434
2019-02-13 03:30:00+00:00,-1.0735627309326268
2019-02-13 04:00:00+00:00,-0.8165603522854931
2019-02-13 04:30:00+00:00,-0.3714247334449341
2019-02-13 05:00:00+00:00,-0.49688992807515786
2019-02-13 05:30:00+00:00,-0.6172058096249268
2019-02-13 06:00:00+00:00,-0.5970225602950314
2019-02-13 06:30:00+00:00,-0.7253563049564159
2019-02-13 07:00:00+00:00,-0.5894836839624819
2019-02-13 07:30:00+00:00,-0.7232172114036658
2019-02-13 08:00:00+00:00,-0.7446111253841239
2019-02-13 08:30:00+00:00,-0.7986590673639647
2019-02-13 09:00:00+00:00,-0.6575580806418527
2019-02-13 09:30:00+00:00,-0.6560851506440416
2019-02-13 10:00:00+00:00,-0.6169144634471496
2019-02-13 10:30:00+00:00,-0.5981913800750148
2019-02-13 11:00:00+00:00,-0.5658461258680728
2019-02-13 11:30:00+00:00,-0.5235095149460086
2019-02-13 12:00:00+00:00,-0.32038996868892855
2019-02-13 12:30:00+00:00,0.1320156770007844
2019-02-13 13:00:00+00:00,0.47474996863499286
2019-02-13 13:30:00+00:00,0.537477480425128
2019-02-13 14:00:00+00:00,0.4985022733445886
2019-02-13 14:30:00+00:00,0.5555541044628927
2019-02-13 15:00:00+00:00,1.1936885823528478
2019-02-13 15:30:00+00:00,1.5265163940100648
2019-02-13 16:00:00+00:00,1.3670417275999476
2019-02-13 16:30:00+00:00,1.0313834171064225
2019-02-13 17:00:00+00:00,0.8621972668582804
2019-02-13 17:30:00+00:00,0.8089182880221412
2019-02-13 18:00:00+00:00,1.048462296620046
2019-02-13 18:30:00+00:00,0.9470668884749714
2019-02-13 19:00:00+00:00,0.3607612416047375
2019-02-13 19:30:00+00:00,-0.0034696928352529887
2019-02-13 20:00:00+00:00,0.3860016900025611
2019-02-13 20:30:00+00:00,0.010412448937797617
2019-02-13 21:00:00+00:00,0.0607946551901875
2019-02-13 21:30:00+00:00,-0.15053622070782013
2019-02-13 22:00:00+00:00,-0.16759284404179564
2019-02-13 22:30:00+00:00,-0.2536013454144117
2019-02-13 23:00:00+00:00,-0.37259356008802447
2019-02-13 23:30:00+00:00,-0.3752355903723749
2019-02-14 00:00:00+00:00,-0.4380714158950779
2019-02-14 00:30:00+00:00,-0.7800964627901606
2019-02-14 01:00:00+00:00,-0.5642117399031152
2019-02-14 01:30:00+00:00,-0.5511577791776087
2019-02-14 02:00:00+00:00,-0.6516062411259477
2019-02-14 02:30:00+00:00,-0.533287792579631
2019-02-14 03:00:00+00:00,0.0027699998128064784
2019-02-14 03:30:00+00:00,-0.3315136600269421
2019-02-14 04:00:00+00:00,-0.49855926202556317
2019-02-14 04:30:00+00:00,-0.5321098799348174
2019-02-14 05:00:00+00:00,-0.7695639206517315
2019-02-14 05:30:00+00:00,-0.8958967396982258
2019-02-14 06:00:00+00:00,-0.8235077178197268
2019-02-14 06:30:00+00:00,-0.9042504689653148
2019-02-14 07:00:00+00:00,-0.5703198852921187
2019-02-14 07:30:00+00:00,-0.339457254772753
2019-02-14 08:00:00+00:00,0.33134335632344813
2019-02-14 08:30:00+00:00,-0.5131918007410191
2019-02-14 09:00:00+00:00,-0.865541143987841
2019-02-14 09:30:00+00:00,-0.495648840825274
2019-02-14 10:00:00+00:00,-0.14410748026984246
2019-02-14 10:30:00+00:00,0.15850743120810415
2019-02-14 11:00:00+00:00,0.03195459930471703
2019-02-14 11:30:00+00:00,0.9752818245030568
2019-02-14 12:00:00+00:00,1.3468428711405784
2019-02-14 12:30:00+00:00,1.5536264554602939
2019-02-14 13:00:00+00:00,1.334102330956866
2019-02-14 13:30:00+00:00,1.577455355379561
2019-02-14 14:00:00+00:00,1.6517611827193308
2019-02-14 14:30:00+00:00,1.7434387404703375
2019-02-14 15:00:00+00:00,1.6934658535414084
2019-02-14 15:30:00+00:00,1.455307007598662
2019-02-14 16:00:00+00:00,1.2400223859943924
2019-02-14 16:30:00+00:00,1.5861869553849073
2019-02-14 17:00:00+00:00,1.6861017312715638
2019-02-14 17:30:00+00:00,0.7826201744712646
2019-02-14 18:00:00+00:00,0.6843349596700669
2019-02-14 18:30:00+00:00,0.8334246051290715
2019-02-14 19:00:00+00:00,0.13850885903154747
2019-02-14 19:30:00+00:00,-0.5564068870659765
2019-02-14 20:00:00+00:00,-0.16724683216261435
2019-02-14 20:30:00+00:00,-0.3485100062650609
2019-02-14 21:00:00+00:00,-0.2542523383249778
2019-02-14 21:30:00+00:00,-0.07012095108534754
2019-02-14 22:00:00+00:00,0.2837359922212417
2019-02-14 22:30:00+00:00,0.10429173224305281
2019-02-14 23:00:00+00:00,-0.15113990723376902
2019-02-14 23:30:00+00:00,-0.4716426319902601
2019-02-15 00:00:00+00:00,-0.7677068205827684
2019-02-15 00:30:00+00:00,-0.9841168433656103
2019-02-15 01:00:00+00:00,-0.9381611463301874
2019-02-15 01:30:00+00:00,-1.0784865169343594
2019-02-15 02:00:00+00:00,-1.1000491701804476
2019-02-15 02:30:00+00:00,-1.0997943066868106
2019-02-15 03:00:00+00:00,-1.0995394431931738
2019-02-15 03:30:00+00:00,-1.0998650325884878
2019-02-15 04:00:00+00:00,-1.0999855161507395
2019-02-15 04:30:00+00:00,-1.1004785895887985
2019-02-15 05:00:00+00:00,-1.0445856917271494
2019-02-15 05:30:00+00:00,-0.8189834162082055
2019-02-15 06:00:00+00:00,-0.7966023487655937
2019-02-15 06:30:00+00:00,-1.0263182070928774
2019-02-15 07:00:00+00:00,-1.0653204336255544
2019-02-15 07:30:00+00:00,-1.1043226601582312
2019-02-15 08:00:00+00:00,-1.101737663705303
2019-02-15 08:30:00+00:00,-1.0990144570953255
2019-02-15 09:00:00+00:00,-1.0962912504853484
2019-02-15 09:30:00+00:00,-1.0962912504853484
2019-02-15 10:00:00+00:00,-1.0908448372653936
2019-02-15 10:30:00+00:00,-0.7261855090754371
2019-02-15 11:00:00+00:00,-1.0189757825574723
2019-02-15 11:30:00+00:00,-0.9460648373081662
2019-02-15 12:00:00+00:00,-1.0566076395886481
2019-02-15 12:30:00+00:00,-0.9959088414814897
2019-02-15 13:00:00+00:00,-0.7858542134241742
2019-02-15 13:30:00+00:00,-0.2609953644312361
2019-02-15 14:00:00+00:00,0.2222487654449526
2019-02-15 14:30:00+00:00,0.6866960595516346
2019-02-15 15:00:00+00:00,1.2863572510819712
2019-02-15 15:30:00+00:00,1.1017755066484283
2019-02-15 16:00:00+00:00,0.7705641521205673
2019-02-15 16:30:00+00:00,1.0660900391196948
2019-02-15 17:00:00+00:00,0.395709175629396
2019-02-15 17:30:00+00:00,0.015501353504170775
2019-02-15 18:00:00+00:00,0.10409573684799621
2019-02-15 18:30:00+00:00,0.626547424252918
2019-02-15 19:00:00+00:00,0.2658712080221195
2019-02-15 19:30:00+00:00,-0.2802072679772156
2019-02-15 20:00:00+00:00,-0.26972314970505307
2019-02-15 20:30:00+00:00,-0.5184699771623131
2019-02-15 21:00:00+00:00,-0.8457009983537921
2019-02-15 21:30:00+00:00,-0.8233919406243141
2019-02-15 22:00:00+00:00,-0.9825908599162588
2019-02-15 22:30:00+00:00,-1.0891026202487681
2019-02-15 23:00:00+00:00,-1.01245081873681
2019-02-15 23:30:00+00:00,-0.989456789024188
2019-02-16 00:00:00+00:00,-1.0639565082701377
2019-02-16 00:30:00+00:00,-1.1002589932275757
2019-02-16 01:00:00+00:00,-1.0998029322859548
2019-02-16 01:30:00+00:00,-1.0997932932280545
2019-02-16 02:00:00+00:00,-1.0683066418742313
2019-02-16 02:30:00+00:00,-1.1000888715555794
2019-02-16 03:00:00+00:00,-1.0988538410968582
2019-02-16 03:30:00+00:00,-1.101347696212947
2019-02-16 04:00:00+00:00,-1.1006784906406333
2019-02-16 04:30:00+00:00,-1.0994528481459935
2019-02-16 05:00:00+00:00,-0.9942384080831146
2019-02-16 05:30:00+00:00,-1.0997203256223558
2019-02-16 06:00:00+00:00,-1.0486661658443042
2019-02-16 06:30:00+00:00,-1.0828241764237208
2019-02-16 07:00:00+00:00,-1.0177623140129042
2019-02-16 07:30:00+00:00,-1.0325532753596836
2019-02-16 08:00:00+00:00,-0.9768812095944022
2019-02-16 08:30:00+00:00,-1.062168096768061
2019-02-16 09:00:00+00:00,-0.9837509518066548
2019-02-16 09:30:00+00:00,-0.9053338068452484
2019-02-16 10:00:00+00:00,-0.8630255588366625
2019-02-16 10:30:00+00:00,-0.8207173108280766
2019-02-16 11:00:00+00:00,-0.7376475327659369
2019-02-16 11:30:00+00:00,-1.1033847961714986
2019-02-16 12:00:00+00:00,-0.7894834574013331
2019-02-16 12:30:00+00:00,-0.7287075079147092
2019-02-16 13:00:00+00:00,-0.9520809325889507
2019-02-16 13:30:00+00:00,-0.9215843056110944
2019-02-16 14:00:00+00:00,-0.8526909476461743
2019-02-16 14:30:00+00:00,-1.0223133607826358
2019-02-16 15:00:00+00:00,-1.0999305131641082
2019-02-16 15:30:00+00:00,-0.9000974912553258
2019-02-16 16:00:00+00:00,-0.7002644693465433
2019-02-16 16:30:00+00:00,-0.7002644693465433
2019-02-16 17:00:00+00:00,-0.3005984255289787
2019-02-16 17:30:00+00:00,0.020696204974324308
2019-02-16 18:00:00+00:00,0.3153999273483512
2019-02-16 18:30:00+00:00,0.6576762189947776
2019-02-16 19:00:00+00:00,0.15928499804508073
2019-02-16 19:30:00+00:00,0.18215900656906125
2019-02-16 20:00:00+00:00,0.1588094392854431
2019-02-16 20:30:00+00:00,0.26577872117017126
2019-02-16 21:00:00+00:00,0.3368736449421873
2019-02-16 21:30:00+00:00,-0.14751792867104938
2019-02-16 22:00:00+00:00,-0.3458131792351345
2019-02-16 22:30:00+00:00,-0.7241444762706228
2019-02-16 23:00:00+00:00,-1.0969426512258444
2019-02-16 23:30:00+00:00,-1.0836030497538285
2019-02-17 00:00:00+00:00,-1.1039613018677648
2019-02-17 00:30:00+00:00,-1.1001220721690566
2019-02-17 01:00:00+00:00,-1.1001023122800484
2019-02-17 01:30:00+00:00,-1.099799031447654
2019-02-17 02:00:00+00:00,-1.1004879480921363
2019-02-17 02:30:00+00:00,-1.1002638163193004
2019-02-17 03:00:00+00:00,-1.1000396845464646
2019-02-17 03:30:00+00:00,-1.1003255866208967
2019-02-17 04:00:00+00:00,-0.9914540276261707
2019-02-17 04:30:00+00:00,-0.8825824686314448
2019-02-17 05:00:00+00:00,-0.8825824686314448
2019-02-17 05:30:00+00:00,-0.8825824686314448
2019-02-17 06:00:00+00:00,-0.5559677916472667
2019-02-17 06:30:00+00:00,0.03189574310152519
2019-02-17 07:00:00+00:00,-0.1844086836331823
2019-02-17 07:30:00+00:00,-0.4007131103678899
2019-02-17 08:00:00+00:00,-0.7076087830103536
2019-02-17 08:30:00+00:00,-0.3772203389767037
2019-02-17 09:00:00+00:00,-0.5215485129086982
2019-02-17 09:30:00+00:00,-0.10270631390391408
2019-02-17 10:00:00+00:00,-0.29720573044800036
2019-02-17 10:30:00+00:00,-0.4896511742333378
2019-02-17 11:00:00+00:00,-0.12601233370072393
2019-02-17 11:30:00+00:00,-0.18433935130299647
2019-02-17 12:00:00+00:00,-0.6409422673628175
2019-02-17 12:30:00+00:00,-0.9113088233996882
2019-02-17 13:00:00+00:00,-0.6954276964519291
2019-02-17 13:30:00+00:00,-0.8925828098420456
2019-02-17 14:00:00+00:00,-1.0707794526858638
2019-02-17 14:30:00+00:00,-0.9781634043138041
2019-02-17 15:00:00+00:00,-0.9682524358701319
2019-02-17 15:30:00+00:00,-0.9258301965238556
2019-02-17 16:00:00+00:00,-1.0063446431681449
2019-02-17 16:30:00+00:00,-1.079638742839344
2019-02-17 17:00:00+00:00,-1.1043930844714624
2019-02-17 17:30:00+00:00,-1.1021728716080892
2019-02-17 18:00:00+00:00,-1.0999163664010616
2019-02-17 18:30:00+00:00,-1.099623966377905
2019-02-17 19:00:00+00:00,-1.0993315663547485
2019-02-17 19:30:00+00:00,-1.0441699799790327
2019-02-17 20:00:00+00:00,-0.989008393603317
2019-02-17 20:30:00+00:00,-0.98568175037966
2019-02-17 21:00:00+00:00,-1.1009026208347807
2019-02-17 21:30:00+00:00,-1.1006712928755493
2019-02-17 22:00:00+00:00,-1.1004399649163181
2019-02-17 22:30:00+00:00,-1.1004399649163181
2019-02-17 23:00:00+00:00,-1.1004399649163181
2019-02-17 23:30:00+00:00,-1.0997459810386239
2019-02-18 00:00:00+00:00,-0.8313851471197578
2019-02-18 00:30:00+00:00,-0.5327373966080058
2019-02-18 01:00:00+00:00,-0.34673130604431396
2019-02-18 01:30:00+00:00,-0.8467507736651815
2019-02-18 02:00:00+00:00,-0.9921834091581332
2019-02-18 02:30:00+00:00,-1.029272786770222
2019-02-18 03:00:00+00:00,-1.0730938427800403
2019-02-18 03:30:00+00:00,-0.816090855159155
2019-02-18 04:00:00+00:00,-0.8999738860526676
2019-02-18 04:30:00+00:00,-0.8149409284233456
2019-02-18 05:00:00+00:00,-0.8236267343952586
2019-02-18 05:30:00+00:00,-0.7880565860723072
2019-02-18 06:00:00+00:00,-0.8354196504353261
2019-02-18 06:30:00+00:00,-1.0852634511310704
2019-02-18 07:00:00+00:00,-1.0889405445944238
2019-02-18 07:30:00+00:00,-1.092617638057777
2019-02-18 08:00:00+00:00,-1.092617638057777
2019-02-18 08:30:00+00:00,-1.0999718249844836
2019-02-18 09:00:00+00:00,-0.9990114172841075
2019-02-18 09:30:00+00:00,-1.0114691652590957
2019-02-18 10:00:00+00:00,-1.055637620329863
2019-02-18 10:30:00+00:00,-1.09980607540063
2019-02-18 11:00:00+00:00,-1.100068803986375
2019-02-18 11:30:00+00:00,-1.1003315325721201
2019-02-18 12:00:00+00:00,-1.0999372809854187
2019-02-18 12:30:00+00:00,-1.1020864679967792
2019-02-18 13:00:00+00:00,-1.0631856304784486
2019-02-18 13:30:00+00:00,-1.0191422162020198
2019-02-18 14:00:00+00:00,-1.0481622514592144
2019-02-18 14:30:00+00:00,-1.0175848035504123
2019-02-18 15:00:00+00:00,-1.0916004041029415
2019-02-18 15:30:00+00:00,-1.1013697052988256
2019-02-18 16:00:00+00:00,-1.0798728122690777
2019-02-18 16:30:00+00:00,-0.023598709887054665
2019-02-18 17:00:00+00:00,0.9012072289209516
2019-02-18 17:30:00+00:00,1.423098458977054
2019-02-18 18:00:00+00:00,0.2995965323393018
2019-02-18 18:30:00+00:00,0.01454160309914429
2019-02-18 19:00:00+00:00,-0.10925070191190972
2019-02-18 19:30:00+00:00,-0.3163276248528627
2019-02-18 20:00:00+00:00,-0.41873015726976076
2019-02-18 20:30:00+00:00,-0.335527848659023
2019-02-18 21:00:00+00:00,-0.3198392107675934
2019-02-18 21:30:00+00:00,-0.445001399260139
2019-02-18 22:00:00+00:00,-0.4472325919478841
2019-02-18 22:30:00+00:00,-0.4983417967243537
2019-02-18 23:00:00+00:00,-0.35354324895381545
2019-02-18 23:30:00+00:00,-0.0676474419826917
2019-02-19 00:00:00+00:00,-0.1179173367805598
2019-02-19 00:30:00+00:00,-0.179291305516392
2019-02-19 01:00:00+00:00,-0.3868726231715958
2019-02-19 01:30:00+00:00,-0.6015313903844359
2019-02-19 02:00:00+00:00,-0.656149565728199
2019-02-19 02:30:00+00:00,-0.8356947570438037
2019-02-19 03:00:00+00:00,-0.9285986210798878
2019-02-19 03:30:00+00:00,-1.0093505449654754
2019-02-19 04:00:00+00:00,-1.0857213987972167
2019-02-19 04:30:00+00:00,-1.0631138851492379
2019-02-19 05:00:00+00:00,-1.0226088097366355
2019-02-19 05:30:00+00:00,-0.9910437939582557
2019-02-19 06:00:00+00:00,-0.9275166160720141
2019-02-19 06:30:00+00:00,-1.021502041829632
2019-02-19 07:00:00+00:00,-0.8740665325374897
2019-02-19 07:30:00+00:00,-1.0809081669663838
2019-02-19 08:00:00+00:00,-1.094971905265319
2019-02-19 08:30:00+00:00,-1.104456618056951
2019-02-19 09:00:00+00:00,-1.1020049034224813
2019-02-19 09:30:00+00:00,-1.0223147586877244
2019-02-19 10:00:00+00:00,-0.9776058057152546
2019-02-19 10:30:00+00:00,-0.7978483158516548
2019-02-19 11:00:00+00:00,-0.6609757569791939
2019-02-19 11:30:00+00:00,-0.150186694034904
2019-02-19 12:00:00+00:00,-0.2134176005337386
2019-02-19 12:30:00+00:00,-0.05210597532260032
2019-02-19 13:00:00+00:00,1.299161977748251
2019-02-19 13:30:00+00:00,1.2568319664286736
2019-02-19 14:00:00+00:00,1.4004267992041182
2019-02-19 14:30:00+00:00,1.7320717889011648
2019-02-19 15:00:00+00:00,1.7553728866218674
2019-02-19 15:30:00+00:00,1.7466601592959594
2019-02-19 16:00:00+00:00,1.718262519762783
2019-02-19 16:30:00+00:00,1.4301657353360646
2019-02-19 17:00:00+00:00,1.14563916079007
2019-02-19 17:30:00+00:00,1.0059070299295316
2019-02-19 18:00:00+00:00,0.903844336087744
2019-02-19 18:30:00+00:00,0.7189655141442823
2019-02-19 19:00:00+00:00,0.6954445089640449
2019-02-19 19:30:00+00:00,0.8160058707663034
2019-02-19 20:00:00+00:00,0.9090251068435703
2019-02-19 20:30:00+00:00,1.0842711426915874
2019-02-19 21:00:00+00:00,0.8635998451008872
2019-02-19 21:30:00+00:00,0.992110772537078
2019-02-19 22:00:00+00:00,0.8366736587507482
2019-02-19 22:30:00+00:00,0.5993353691033928
2019-02-19 23:00:00+00:00,0.8081388769210498
2019-02-19 23:30:00+00:00,0.7362020683406404
2019-02-20 00:00:00+00:00,0.3292590661410037
2019-02-20 00:30:00+00:00,0.3045815987167712
2019-02-20 01:00:00+00:00,0.41493869118307614
2019-02-20 01:30:00+00:00,0.16476818349049951
2019-02-20 02:00:00+00:00,-0.1387541539821854
2019-02-20 02:30:00+00:00,-0.2460795240813718
2019-02-20 03:00:00+00:00,-0.39517162032734804
2019-02-20 03:30:00+00:00,-0.5703257147613298
2019-02-20 04:00:00+00:00,-0.5820346658390984
2019-02-20 04:30:00+00:00,-0.5542881488336647
2019-02-20 05:00:00+00:00,-0.3204798861728997
2019-02-20 05:30:00+00:00,-0.24395226767365766
2019-02-20 06:00:00+00:00,-0.6198892094180475
2019-02-20 06:30:00+00:00,-0.26049766285650616
2019-02-20 07:00:00+00:00,-0.1952661129385487
2019-02-20 07:30:00+00:00,-0.14648275204159947
2019-02-20 08:00:00+00:00,0.06268866488307108
2019-02-20 08:30:00+00:00,-0.06062492028866446
2019-02-20 09:00:00+00:00,0.8416723418757919
2019-02-20 09:30:00+00:00,0.45700504317045093
2019-02-20 10:00:00+00:00,0.4295227374393519
2019-02-20 10:30:00+00:00,0.6669980201637926
2019-02-20 11:00:00+00:00,0.9147966462697567
2019-02-20 11:30:00+00:00,1.2921035966555565
2019-02-20 12:00:00+00:00,1.2524534664388287
2019-02-20 12:30:00+00:00,1.5544065374195561
2019-02-20 13:00:00+00:00,1.4984991280311937
2019-02-20 13:30:00+00:00,1.6885079387077016
2019-02-20 14:00:00+00:00,1.636257159553133
2019-02-20 14:30:00+00:00,1.0780409326341556
2019-02-20 15:00:00+00:00,0.6117220657333019
2019-02-20 15:30:00+00:00,1.3507708478695581
2019-02-20 16:00:00+00:00,1.0483265133422404
2019-02-20 16:30:00+00:00,0.6137367886667965
2019-02-20 17:00:00+00:00,0.5443999286278315
2019-02-20 17:30:00+00:00,-0.19155784570463436
2019-02-20 18:00:00+00:00,-0.14349298096705868
2019-02-20 18:30:00+00:00,0.006079464760532643
2019-02-20 19:00:00+00:00,-0.10538988797082387
2019-02-20 19:30:00+00:00,0.030010633512533774
2019-02-20 20:00:00+00:00,-0.3526841868861178
2019-02-20 20:30:00+00:00,-0.61077029269339
2019-02-20 21:00:00+00:00,-0.6853857543371027
2019-02-20 21:30:00+00:00,-0.6638979399422705
2019-02-20 22:00:00+00:00,-0.6588872397325187
2019-02-20 22:30:00+00:00,-0.6177169379261077
2019-02-20 23:00:00+00:00,-0.45507977465938315
2019-02-20 23:30:00+00:00,-0.20729223218128454
2019-02-21 00:00:00+00:00,-0.3410232890640746
2019-02-21 00:30:00+00:00,-0.4838502687813338
2019-02-21 01:00:00+00:00,-0.10207766281936799
2019-02-21 01:30:00+00:00,-0.4044154769937911
2019-02-21 02:00:00+00:00,-0.6386533026001954
2019-02-21 02:30:00+00:00,-0.5321926372455563
2019-02-21 03:00:00+00:00,-0.41948059530487597
2019-02-21 03:30:00+00:00,-0.6698121087139113
2019-02-21 04:00:00+00:00,-0.6115527485301713
2019-02-21 04:30:00+00:00,-0.5780590506236317
2019-02-21 05:00:00+00:00,-0.5059865178544256
2019-02-21 05:30:00+00:00,-0.6118752337290008
2019-02-21 06:00:00+00:00,-0.497768684373706
2019-02-21 06:30:00+00:00,-0.38366213501841145
2019-02-21 07:00:00+00:00,-0.38366213501841145
2019-02-21 07:30:00+00:00,-0.1554490363078221
2019-02-21 08:00:00+00:00,0.5486485068108605
2019-02-21 08:30:00+00:00,0.681771547433345
2019-02-21 09:00:00+00:00,0.3859631352408054
2019-02-21 09:30:00+00:00,0.7025381883530113
2019-02-21 10:00:00+00:00,0.6811133747828706
2019-02-21 10:30:00+00:00,0.5759459203409459
2019-02-21 11:00:00+00:00,0.38740445127483164
2019-02-21 11:30:00+00:00,0.5936556962250035
2019-02-21 12:00:00+00:00,1.1260164075627108
2019-02-21 12:30:00+00:00,0.7700445360016072
2019-02-21 13:00:00+00:00,0.5647119872262539
2019-02-21 13:30:00+00:00,0.3898512359282951
2019-02-21 14:00:00+00:00,0.2508261355658836
2019-02-21 14:30:00+00:00,-0.14350516517940115
2019-02-21 15:00:00+00:00,-0.15140050410976297
2019-02-21 15:30:00+00:00,0.05561768498729029
2019-02-21 16:00:00+00:00,0.35719535855148826
2019-02-21 16:30:00+00:00,0.3728453273847844
2019-02-21 17:00:00+00:00,-0.026864962945190085
2019-02-21 17:30:00+00:00,-0.060195982150354654
2019-02-21 18:00:00+00:00,-0.09352700135551942
2019-02-21 18:30:00+00:00,-0.30483040891235075
2019-02-21 19:00:00+00:00,-0.4437750730248204
2019-02-21 19:30:00+00:00,-0.7301741735032237
2019-02-21 20:00:00+00:00,-0.6767112974218094
2019-02-21 20:30:00+00:00,-0.5547438151284243
2019-02-21 21:00:00+00:00,-0.4227543211812904
2019-02-21 21:30:00+00:00,-0.42010364330530936
2019-02-21 22:00:00+00:00,-0.6106995977683586
2019-02-21 22:30:00+00:00,-0.7078878380695732
2019-02-21 23:00:00+00:00,-0.6630005504436582
2019-02-21 23:30:00+00:00,-0.7021464587072141
2019-02-22 00:00:00+00:00,-0.7407039875812331
2019-02-22 00:30:00+00:00,-0.8410444827221737
2019-02-22 01:00:00+00:00,-0.9508678247873666
2019-02-22 01:30:00+00:00,-0.9006594292652911
2019-02-22 02:00:00+00:00,-0.9607137992137285
2019-02-22 02:30:00+00:00,-1.0828224945900387
2019-02-22 03:00:00+00:00,-1.099713513844634
2019-02-22 03:30:00+00:00,-1.0990004404099927
2019-02-22 04:00:00+00:00,-1.0806853611816272
2019-02-22 04:30:00+00:00,-1.095695074843593
2019-02-22 05:00:00+00:00,-0.8718234178063267
2019-02-22 05:30:00+00:00,-0.7506656860364653
2019-02-22 06:00:00+00:00,-0.33600258037957925
2019-02-22 06:30:00+00:00,0.556979479614409
2019-02-22 07:00:00+00:00,0.046701863071125414
2019-02-22 07:30:00+00:00,0.1622771992869864
2019-02-22 08:00:00+00:00,0.7559970037263752
2019-02-22 08:30:00+00:00,0.44964415763297577
2019-02-22 09:00:00+00:00,0.3564582517107875
2019-02-22 09:30:00+00:00,0.37305372687004684
2019-02-22 10:00:00+00:00,0.912327608775945
2019-02-22 10:30:00+00:00,0.6990428263350948
2019-02-22 11:00:00+00:00,1.0758875238153445
2019-02-22 11:30:00+00:00,0.7205124109666149
2019-02-22 12:00:00+00:00,1.0719199772691421
2019-02-22 12:30:00+00:00,0.7217528589130859
2019-02-22 13:00:00+00:00,0.5500778573557188
2019-02-22 13:30:00+00:00,0.6624373167283264
2019-02-22 14:00:00+00:00,0.4039455724898812
2019-02-22 14:30:00+00:00,1.1774522088059978
2019-02-22 15:00:00+00:00,1.559348667204749
2019-02-22 15:30:00+00:00,1.6016596444131799
2019-02-22 16:00:00+00:00,1.7064286559673625
2019-02-22 16:30:00+00:00,1.7403448670993078
2019-02-22 17:00:00+00:00,1.3254080682809133
2019-02-22 17:30:00+00:00,0.9803253530238846
2019-02-22 18:00:00+00:00,0.18242421847975224
2019-02-22 18:30:00+00:00,-0.10257341958275946
2019-02-22 19:00:00+00:00,-0.2383134832100469
2019-02-22 19:30:00+00:00,-0.5007200431364731
2019-02-22 20:00:00+00:00,-0.8216628275693137
2019-02-22 20:30:00+00:00,-1.0333990051223945
2019-02-22 21:00:00+00:00,-1.023372272969641
2019-02-22 21:30:00+00:00,-0.9935882350204648
2019-02-22 22:00:00+00:00,-0.8928646884879372
2019-02-22 22:30:00+00:00,-0.8770068261918631
2019-02-22 23:00:00+00:00,-0.9541504992993997
2019-02-22 23:30:00+00:00,-1.0328567437244744
2019-02-23 00:00:00+00:00,-1.1001016374640624
2019-02-23 00:30:00+00:00,-1.0885658282869064
2019-02-23 01:00:00+00:00,-1.0940111271110684
2019-02-23 01:30:00+00:00,-1.0994564259352304
2019-02-23 02:00:00+00:00,-1.063310889352151
2019-02-23 02:30:00+00:00,-1.012945890443045
2019-02-23 03:00:00+00:00,-1.0931257098293117
2019-02-23 03:30:00+00:00,-1.102477281303403
2019-02-23 04:00:00+00:00,-1.099755391362219
2019-02-23 04:30:00+00:00,-1.1000983723129432
2019-02-23 05:00:00+00:00,-1.0702188456307176
2019-02-23 05:30:00+00:00,-1.0499657582999569
2019-02-23 06:00:00+00:00,-0.6472777329211441
2019-02-23 06:30:00+00:00,-0.12348188098729689
2019-02-23 07:00:00+00:00,-0.3881443724533941
2019-02-23 07:30:00+00:00,0.018786177873854042
2019-02-23 08:00:00+00:00,0.041363106846013825
2019-02-23 08:30:00+00:00,0.28875292792995416
2019-02-23 09:00:00+00:00,0.49867371443024494
2019-02-23 09:30:00+00:00,0.15553752758957232
2019-02-23 10:00:00+00:00,0.29843429816643097
2019-02-23 10:30:00+00:00,0.4698541343007143
2019-02-23 11:00:00+00:00,0.06681635564988253
2019-02-23 11:30:00+00:00,0.021857537899894326
2019-02-23 12:00:00+00:00,-0.03526792647627107
2019-02-23 12:30:00+00:00,0.21297076544158058
2019-02-23 13:00:00+00:00,1.3000315020392819
2019-02-23 13:30:00+00:00,1.033592540113858
2019-02-23 14:00:00+00:00,1.2217774027891595
2019-02-23 14:30:00+00:00,0.8132376163574405
2019-02-23 15:00:00+00:00,0.4921747375355366
2019-02-23 15:30:00+00:00,1.1759992790353466
2019-02-23 16:00:00+00:00,1.457351781886833
2019-02-23 16:30:00+00:00,1.4313282125487896
2019-02-23 17:00:00+00:00,0.3946155251468044
2019-02-23 17:30:00+00:00,-0.2016503574955718
2019-02-23 18:00:00+00:00,-0.3186844628187466
2019-02-23 18:30:00+00:00,-0.6105250897690513
2019-02-23 19:00:00+00:00,-0.6929902482795885
2019-02-23 19:30:00+00:00,-0.44627465221271534
2019-02-23 20:00:00+00:00,-0.3292115966826092
2019-02-23 20:30:00+00:00,-0.7027526998282837
2019-02-23 21:00:00+00:00,-0.6134348885701221
2019-02-23 21:30:00+00:00,-0.795436989855776
2019-02-23 22:00:00+00:00,-0.6949607180851051
2019-02-23 22:30:00+00:00,-0.5936416937413002
2019-02-23 23:00:00+00:00,-0.38126082228946273
2019-02-23 23:30:00+00:00,-0.8497440966691272
2019-02-24 00:00:00+00:00,-0.979269450930749
2019-02-24 00:30:00+00:00,-0.9540168533904363
2019-02-24 01:00:00+00:00,-1.022735411736673
2019-02-24 01:30:00+00:00,-1.1009722073400776
2019-02-24 02:00:00+00:00,-1.1003918031066655
2019-02-24 02:30:00+00:00,-1.099713264962034
2019-02-24 03:00:00+00:00,-1.0915184470417407
2019-02-24 03:30:00+00:00,-1.0833236291214474
2019-02-24 04:00:00+00:00,-0.7735839236596979
2019-02-24 04:30:00+00:00,-0.7177728665637885
2019-02-24 05:00:00+00:00,-0.8552615437050789
2019-02-24 05:30:00+00:00,-1.0300734078336748
2019-02-24 06:00:00+00:00,-1.057510878491246
2019-02-24 06:30:00+00:00,-1.0662363333264104
2019-02-24 07:00:00+00:00,-0.4995516159716204
2019-02-24 07:30:00+00:00,-0.5035141985321314
2019-02-24 08:00:00+00:00,-0.512594915953824
2019-02-24 08:30:00+00:00,-0.46260313932077984
2019-02-24 09:00:00+00:00,-0.4318304667141465
2019-02-24 09:30:00+00:00,-0.25915314872558143
2019-02-24 10:00:00+00:00,-0.37291741126032363
2019-02-24 10:30:00+00:00,-0.645197615694411
2019-02-24 11:00:00+00:00,-0.47898139159323916
2019-02-24 11:30:00+00:00,-0.42155959993524883
2019-02-24 12:00:00+00:00,-0.5229353897641758
2019-02-24 12:30:00+00:00,-0.1981631634215882
2019-02-24 13:00:00+00:00,0.714489471600173
2019-02-24 13:30:00+00:00,1.3188358673945488
2019-02-24 14:00:00+00:00,1.2822020845270632
2019-02-24 14:30:00+00:00,1.2700045992831295
2019-02-24 15:00:00+00:00,1.3949748372895894
2019-02-24 15:30:00+00:00,1.3572851033686775
2019-02-24 16:00:00+00:00,0.2684606566488761
2019-02-24 16:30:00+00:00,-0.1657360146601913
2019-02-24 17:00:00+00:00,0.06472598986875276
2019-02-24 17:30:00+00:00,1.0349800140344803
2019-02-24 18:00:00+00:00,0.8319750196467091
2019-02-24 18:30:00+00:00,0.3037941250858871
2019-02-24 19:00:00+00:00,0.17444478023457705
2019-02-24 19:30:00+00:00,0.5638835666261485
2019-02-24 20:00:00+00:00,0.5593550758673419
2019-02-24 20:30:00+00:00,0.5009666691180458
2019-02-24 21:00:00+00:00,0.5038871879191759
2019-02-24 21:30:00+00:00,0.5042889502348655
2019-02-24 22:00:00+00:00,0.4433566129962555
2019-02-24 22:30:00+00:00,0.5669456986476406
2019-02-24 23:00:00+00:00,-0.2065354102657393
2019-02-24 23:30:00+00:00,-0.012159109870708208
2019-02-25 00:00:00+00:00,0.7286995129711025
2019-02-25 00:30:00+00:00,0.46185948234952123
2019-02-25 01:00:00+00:00,1.571246456752869
2019-02-25 01:30:00+00:00,-0.8031082315742881
2019-02-25 02:00:00+00:00,-1.1014782531596063
2019-02-25 02:30:00+00:00,-0.9203470571734157
2019-02-25 03:00:00+00:00,-0.8470161437047289
2019-02-25 03:30:00+00:00,-0.8257578971821505
2019-02-25 04:00:00+00:00,-0.8755738071294492
2019-02-25 04:30:00+00:00,-1.0144134602021335
2019-02-25 05:00:00+00:00,-1.1024182990088707
2019-02-25 05:30:00+00:00,-1.1001977478477853
2019-02-25 06:00:00+00:00,-1.1003920993696479
2019-02-25 06:30:00+00:00,-1.1005864508915102
2019-02-25 07:00:00+00:00,-1.1002671628966483
2019-02-25 07:30:00+00:00,-1.099947874901786
2019-02-25 08:00:00+00:00,-1.099947874901786
2019-02-25 08:30:00+00:00,-1.0993092989120614
2019-02-25 09:00:00+00:00,-1.1046579674857553
2019-02-25 09:30:00+00:00,-1.10404610247966
2019-02-25 10:00:00+00:00,-1.0891616178426315
2019-02-25 10:30:00+00:00,-1.1042635564352368
2019-02-25 11:00:00+00:00,-1.086248190449902
2019-02-25 11:30:00+00:00,-1.0446179934578017
2019-02-25 12:00:00+00:00,-0.9956521143969818
2019-02-25 12:30:00+00:00,-0.930402902308928
2019-02-25 13:00:00+00:00,-0.8865573172092143
2019-02-25 13:30:00+00:00,-0.9668991406710319
2019-02-25 14:00:00+00:00,-1.0240174317111037
2019-02-25 14:30:00+00:00,-1.0215197045434659
2019-02-25 15:00:00+00:00,0.46416168631741717
2019-02-25 15:30:00+00:00,1.3484957554420651
2019-02-25 16:00:00+00:00,1.6701527671364367
2019-02-25 16:30:00+00:00,1.7416945329560378
2019-02-25 17:00:00+00:00,1.7412550762143055
2019-02-25 17:30:00+00:00,1.186798770115204
2019-02-25 18:00:00+00:00,0.006826491375405585
2019-02-25 18:30:00+00:00,-0.0921644446756054
2019-02-25 19:00:00+00:00,-0.47489784454179157
2019-02-25 19:30:00+00:00,-0.5917381888579502
2019-02-25 20:00:00+00:00,-0.6303155860142569
2019-02-25 20:30:00+00:00,-0.5355319761585471
2019-02-25 21:00:00+00:00,-0.6046645030748585
2019-02-25 21:30:00+00:00,-0.9485889358258185
2019-02-25 22:00:00+00:00,-1.084931986967985
2019-02-25 22:30:00+00:00,-1.1046278280892523
2019-02-25 23:00:00+00:00,-0.8765378281317295
2019-02-25 23:30:00+00:00,-1.0709049667976047
2019-02-26 00:00:00+00:00,-1.1003244765653464
2019-02-26 00:30:00+00:00,-1.1003906293462244
2019-02-26 01:00:00+00:00,-1.10056440968329
2019-02-26 01:30:00+00:00,-1.099898147885799
2019-02-26 02:00:00+00:00,-1.0997715193759101
2019-02-26 02:30:00+00:00,-1.0998071563398835
2019-02-26 03:00:00+00:00,-1.0998427933038568
2019-02-26 03:30:00+00:00,-1.0758564629696359
2019-02-26 04:00:00+00:00,-1.0518701326354152
2019-02-26 04:30:00+00:00,-0.8154835281531467
2019-02-26 05:00:00+00:00,-0.7539950544646324
2019-02-26 05:30:00+00:00,-0.60329207801377
2019-02-26 06:00:00+00:00,-0.38473495157412285
2019-02-26 06:30:00+00:00,-0.5915748439637353
2019-02-26 07:00:00+00:00,-0.7984147363533478
2019-02-26 07:30:00+00:00,-1.0052546287429602
2019-02-26 08:00:00+00:00,-0.9376733748460606
2019-02-26 08:30:00+00:00,-0.5777352704671617
2019-02-26 09:00:00+00:00,-0.7936635463165077
2019-02-26 09:30:00+00:00,-0.6044731382143976
2019-02-26 10:00:00+00:00,-0.5428956460752817
2019-02-26 10:30:00+00:00,-0.6760325751097374
2019-02-26 11:00:00+00:00,-0.7896511272551108
2019-02-26 11:30:00+00:00,-0.7656357227749231
2019-02-26 12:00:00+00:00,-1.0025815073912447
2019-02-26 12:30:00+00:00,-1.083805229931093
2019-02-26 13:00:00+00:00,-1.100072962722637
2019-02-26 13:30:00+00:00,-0.6934312726561545
2019-02-26 14:00:00+00:00,-0.48298273197968467
2019-02-26 14:30:00+00:00,-0.2326535979404499
2019-02-26 15:00:00+00:00,-0.26471769721495964
2019-02-26 15:30:00+00:00,-0.5850810089797255
2019-02-26 16:00:00+00:00,-0.5631564055666805
2019-02-26 16:30:00+00:00,-0.5652273018946395
2019-02-26 17:00:00+00:00,-0.09971663354018977
2019-02-26 17:30:00+00:00,-0.15328189880964913
2019-02-26 18:00:00+00:00,-0.40510313667697667
2019-02-26 18:30:00+00:00,-0.12338688629829157
2019-02-26 19:00:00+00:00,-0.2249066633971985
2019-02-26 19:30:00+00:00,-0.47171237769859203
2019-02-26 20:00:00+00:00,-0.5423383888636444
2019-02-26 20:30:00+00:00,-0.7490696454298621
2019-02-26 21:00:00+00:00,-0.7354543438244008
2019-02-26 21:30:00+00:00,-0.886422710963063
2019-02-26 22:00:00+00:00,-1.08323904541138
2019-02-26 22:30:00+00:00,-1.1002334568156422
2019-02-26 23:00:00+00:00,-0.9870678520816235
2019-02-26 23:30:00+00:00,-0.9323229365830489
2019-02-27 00:00:00+00:00,-0.9812938177460142
2019-02-27 00:30:00+00:00,-0.9070429584379641
2019-02-27 01:00:00+00:00,-0.8233863176851401
2019-02-27 01:30:00+00:00,-0.973535872322694
2019-02-27 02:00:00+00:00,-1.0722652640560641
2019-02-27 02:30:00+00:00,-1.1003032810932987
2019-02-27 03:00:00+00:00,-1.0998546896718742
2019-02-27 03:30:00+00:00,-1.0442515366076777
2019-02-27 04:00:00+00:00,-1.015382523981955
2019-02-27 04:30:00+00:00,-0.9865135113562321
2019-02-27 05:00:00+00:00,-0.8785176544489145
2019-02-27 05:30:00+00:00,-0.9299327012015155
2019-02-27 06:00:00+00:00,-0.8116560608981662
2019-02-27 06:30:00+00:00,-1.0038451661374845
2019-02-27 07:00:00+00:00,-1.105362537778728
2019-02-27 07:30:00+00:00,-1.0681185662320576
2019-02-27 08:00:00+00:00,-1.0761051938661235
2019-02-27 08:30:00+00:00,-1.0005408799689819
2019-02-27 09:00:00+00:00,-1.0911531226574607
2019-02-27 09:30:00+00:00,-0.9420449581351235
2019-02-27 10:00:00+00:00,-1.100523304921399
2019-02-27 10:30:00+00:00,-0.864786266522057
2019-02-27 11:00:00+00:00,-0.629049228122715
2019-02-27 11:30:00+00:00,-1.0367418731569908
2019-02-27 12:00:00+00:00,-0.9974163796721811
2019-02-27 12:30:00+00:00,-1.0999044911213784
2019-02-27 13:00:00+00:00,-1.0999297775301897
2019-02-27 13:30:00+00:00,-1.1004647812664463
2019-02-27 14:00:00+00:00,-1.100720154215542
2019-02-27 14:30:00+00:00,-1.0572964591269314
2019-02-27 15:00:00+00:00,-1.0138727640383205
2019-02-27 15:30:00+00:00,0.22240907557294512
2019-02-27 16:00:00+00:00,-0.5700395810879648
2019-02-27 16:30:00+00:00,-0.6930024068300856
2019-02-27 17:00:00+00:00,-0.8159652325722064
2019-02-27 17:30:00+00:00,-0.9389280583143272
2019-02-27 18:00:00+00:00,-0.6987814437820684
2019-02-27 18:30:00+00:00,-0.536165793829574
2019-02-27 19:00:00+00:00,-0.7487304860081349
2019-02-27 19:30:00+00:00,-0.6268860234043058
2019-02-27 20:00:00+00:00,-0.7138053269705793
2019-02-27 20:30:00+00:00,-0.7952195575370173
2019-02-27 21:00:00+00:00,-1.0416100613695534
2019-02-27 21:30:00+00:00,-1.062850850190114
2019-02-27 22:00:00+00:00,-1.104447807166914
2019-02-27 22:30:00+00:00,-1.017841613599646
2019-02-27 23:00:00+00:00,-0.6553357765586477
2019-02-27 23:30:00+00:00,-0.1641459117145368
2019-02-28 00:00:00+00:00,0.9205128152760534
2019-02-28 00:30:00+00:00,0.8846020811313025
2019-02-28 01:00:00+00:00,0.1251246685769427
2019-02-28 01:30:00+00:00,0.4455506504939301
2019-02-28 02:00:00+00:00,0.1666426811506426
2019-02-28 02:30:00+00:00,0.027354377925428663
2019-02-28 03:00:00+00:00,-0.5678017766050134
2019-02-28 03:30:00+00:00,-0.300548582926663
2019-02-28 04:00:00+00:00,-0.42379905349037844
2019-02-28 04:30:00+00:00,-0.7928500357264566
2019-02-28 05:00:00+00:00,-0.9877453097843998
2019-02-28 05:30:00+00:00,-1.0242911859050134
2019-02-28 06:00:00+00:00,-1.0144605629511787
2019-02-28 06:30:00+00:00,-1.1034878254694693
2019-02-28 07:00:00+00:00,-1.055160536512637
2019-02-28 07:30:00+00:00,-1.0946753733292465
2019-02-28 08:00:00+00:00,-1.0991870171395302
2019-02-28 08:30:00+00:00,-1.100795960569566
2019-02-28 09:00:00+00:00,-0.9701342439243713
2019-02-28 09:30:00+00:00,-1.0630191058840905
2019-02-28 10:00:00+00:00,-1.0743502842665116
2019-02-28 10:30:00+00:00,-0.9086522200358955
2019-02-28 11:00:00+00:00,-0.9741149361105818
2019-02-28 11:30:00+00:00,-1.0900087828398088
2019-02-28 12:00:00+00:00,-0.9778552157148405
2019-02-28 12:30:00+00:00,-1.1036834941451341
2019-02-28 13:00:00+00:00,-0.8877870578353011
2019-02-28 13:30:00+00:00,-0.8174175940342379
2019-02-28 14:00:00+00:00,-0.6930145324167545
2019-02-28 14:30:00+00:00,-0.5827045387799491
2019-02-28 15:00:00+00:00,-0.2874910656621407
2019-02-28 15:30:00+00:00,-0.04260311980161966
2019-02-28 16:00:00+00:00,0.2884799729132791
2019-02-28 16:30:00+00:00,-0.012792057813904087
2019-02-28 17:00:00+00:00,-0.573756190814166
2019-02-28 17:30:00+00:00,-0.0746715433898868
2019-02-28 18:00:00+00:00,0.2087881803689396
2019-02-28 18:30:00+00:00,0.39096977776703545
2019-02-28 19:00:00+00:00,-0.4455274375142491
2019-02-28 19:30:00+00:00,-0.6189268349828361
2019-02-28 20:00:00+00:00,-0.5594604949815936
2019-02-28 20:30:00+00:00,-0.35902548568485865
2019-02-28 21:00:00+00:00,-0.35041688044345637
2019-02-28 21:30:00+00:00,-0.18299477385864252
2019-02-28 22:00:00+00:00,-0.06726253139892888
2019-02-28 22:30:00+00:00,-0.6459677155263686
2019-02-28 23:00:00+00:00,-0.7619502362983924
2019-02-28 23:30:00+00:00,-0.8903580728511703
2019-03-01 00:00:00+00:00,-0.7114720057490153
2019-03-01 00:30:00+00:00,-0.9727270704716691
2019-03-01 01:00:00+00:00,-1.0817503031614168
2019-03-01 01:30:00+00:00,-1.1004196241897424
2019-03-01 02:00:00+00:00,-1.1053035000029363
2019-03-01 02:30:00+00:00,-1.1025929602976507
2019-03-01 03:00:00+00:00,-1.0998824205923652
2019-03-01 03:30:00+00:00,-1.1002311733164132
2019-03-01 04:00:00+00:00,-1.1005799260404612
2019-03-01 04:30:00+00:00,-1.1009681990513949
2019-03-01 05:00:00+00:00,-1.101466341474113
2019-03-01 05:30:00+00:00,-1.098144595761091
2019-03-01 06:00:00+00:00,-1.094822850048069
2019-03-01 06:30:00+00:00,-1.094822850048069
2019-03-01 07:00:00+00:00,-1.0881793586220252
2019-03-01 07:30:00+00:00,-1.0940225251406854
2019-03-01 08:00:00+00:00,-1.0998656916593454
2019-03-01 08:30:00+00:00,-1.1003874556911213
2019-03-01 09:00:00+00:00,-1.1008137602938162
2019-03-01 09:30:00+00:00,-1.101240064896511
2019-03-01 10:00:00+00:00,-1.1011329970433656
2019-03-01 10:30:00+00:00,-1.1010259291902202
2019-03-01 11:00:00+00:00,-1.0785693582132283
2019-03-01 11:30:00+00:00,-0.9454168920889245
2019-03-01 12:00:00+00:00,-0.7776932006758602
2019-03-01 12:30:00+00:00,-0.813906973695894
2019-03-01 13:00:00+00:00,-0.1697193484574074
2019-03-01 13:30:00+00:00,0.9337895570845353
2019-03-01 14:00:00+00:00,1.6787164203314242
2019-03-01 14:30:00+00:00,1.7408868098073509
2019-03-01 15:00:00+00:00,1.7489325419090602
2019-03-01 15:30:00+00:00,1.7473901226265793
2019-03-01 16:00:00+00:00,1.7082505399193388
2019-03-01 16:30:00+00:00,1.7468321948584669
2019-03-01 17:00:00+00:00,1.7474394894551428
2019-03-01 17:30:00+00:00,1.7492782601649275
2019-03-01 18:00:00+00:00,1.7411999580179107
2019-03-01 18:30:00+00:00,1.7351654916489696
2019-03-01 19:00:00+00:00,1.7511534015059536
2019-03-01 19:30:00+00:00,1.4428281157239211
2019-03-01 20:00:00+00:00,0.9973050438585577
2019-03-01 20:30:00+00:00,0.8403065710784741
2019-03-01 21:00:00+00:00,0.8084725491972659
2019-03-01 21:30:00+00:00,0.6244733315577888
2019-03-01 22:00:00+00:00,0.012138180450061018
2019-03-01 22:30:00+00:00,-0.5445223680292328
2019-03-01 23:00:00+00:00,-0.6997860614999039
2019-03-01 23:30:00+00:00,-0.6931681930844572
2019-03-02 00:00:00+00:00,-0.2849610858641325
2019-03-02 00:30:00+00:00,-0.06682447296994408
2019-03-02 01:00:00+00:00,0.09053262801205071
2019-03-02 01:30:00+00:00,0.6194719319232185
2019-03-02 02:00:00+00:00,0.4441241232203201
2019-03-02 02:30:00+00:00,0.2802002857800436
2019-03-02 03:00:00+00:00,0.4390068317825018
2019-03-02 03:30:00+00:00,0.38680697935538255
2019-03-02 04:00:00+00:00,0.27937757673437735
2019-03-02 04:30:00+00:00,-0.16806759569498475
2019-03-02 05:00:00+00:00,-0.012447921043026352
2019-03-02 05:30:00+00:00,-0.3991704723676266
2019-03-02 06:00:00+00:00,-0.4399812170802917
2019-03-02 06:30:00+00:00,-0.5109605859342241
2019-03-02 07:00:00+00:00,-0.41190692508836174
2019-03-02 07:30:00+00:00,-0.4013874028108972
2019-03-02 08:00:00+00:00,-0.3441352650984002
2019-03-02 08:30:00+00:00,0.15479175049825777
2019-03-02 09:00:00+00:00,0.001906047703704804
2019-03-02 09:30:00+00:00,0.08609068535136448
2019-03-02 10:00:00+00:00,-0.0014198863831900376
2019-03-02 10:30:00+00:00,0.5057193663602775
2019-03-02 11:00:00+00:00,0.2000323573647764
2019-03-02 11:30:00+00:00,0.7368377637833962
2019-03-02 12:00:00+00:00,0.7029697777222614
2019-03-02 12:30:00+00:00,1.132458954319962
2019-03-02 13:00:00+00:00,0.9910109418828956
2019-03-02 13:30:00+00:00,1.1207184332002293
2019-03-02 14:00:00+00:00,1.4759753492979466
2019-03-02 14:30:00+00:00,1.7456328798467886
2019-03-02 15:00:00+00:00,1.7523886231931431
2019-03-02 15:30:00+00:00,1.7438026020721775
2019-03-02 16:00:00+00:00,1.7638030262741684
2019-03-02 16:30:00+00:00,1.5181596104740993
2019-03-02 17:00:00+00:00,1.756882085653225
2019-03-02 17:30:00+00:00,0.5866874245028328
2019-03-02 18:00:00+00:00,1.0811106828769923
2019-03-02 18:30:00+00:00,0.9281124860676341
2019-03-02 19:00:00+00:00,0.36096979208398244
2019-03-02 19:30:00+00:00,0.14234666941222623
2019-03-02 20:00:00+00:00,0.052781572092154554
2019-03-02 20:30:00+00:00,0.12451613355120364
2019-03-02 21:00:00+00:00,0.04210847223908611
2019-03-02 21:30:00+00:00,-0.13107281245421265
2019-03-02 22:00:00+00:00,-0.15760777683194893
2019-03-02 22:30:00+00:00,-0.6319160540116586
2019-03-02 23:00:00+00:00,-0.9554394432348642
2019-03-02 23:30:00+00:00,-0.9340280623015786
2019-03-03 00:00:00+00:00,-0.8255758017875526
2019-03-03 00:30:00+00:00,-0.9806596685710732
2019-03-03 01:00:00+00:00,-0.912053339806894
2019-03-03 01:30:00+00:00,-0.8295527989621981
2019-03-03 02:00:00+00:00,-0.9518931449808671
2019-03-03 02:30:00+00:00,-1.0652742651255451
2019-03-03 03:00:00+00:00,-1.099888890270767
2019-03-03 03:30:00+00:00,-1.0279210758714568
2019-03-03 04:00:00+00:00,-0.9559532614721464
2019-03-03 04:30:00+00:00,-0.9157406759656908
2019-03-03 05:00:00+00:00,-0.7056905203322715
2019-03-03 05:30:00+00:00,-0.9625994780558973
2019-03-03 06:00:00+00:00,-1.0415266773526928
2019-03-03 06:30:00+00:00,-1.0338928282940483
2019-03-03 07:00:00+00:00,-1.099990295312437
2019-03-03 07:30:00+00:00,-1.094983019909334
2019-03-03 08:00:00+00:00,-1.0899757445062312
2019-03-03 08:30:00+00:00,-1.0849684691031283
2019-03-03 09:00:00+00:00,-1.1049411459370424
2019-03-03 09:30:00+00:00,-0.920790715282859
2019-03-03 10:00:00+00:00,-1.105478994063064
2019-03-03 10:30:00+00:00,-1.0805437570692713
2019-03-03 11:00:00+00:00,-1.0556085200754788
2019-03-03 11:30:00+00:00,-1.0988408736645918
2019-03-03 12:00:00+00:00,-0.9213847102090252
2019-03-03 12:30:00+00:00,-0.6284678056075285
2019-03-03 13:00:00+00:00,-0.7697736666121154
2019-03-03 13:30:00+00:00,-0.8539054837066209
2019-03-03 14:00:00+00:00,-0.8362223261928657
2019-03-03 14:30:00+00:00,-0.7568287074324179
2019-03-03 15:00:00+00:00,-0.14228506656684842
2019-03-03 15:30:00+00:00,0.9919316794815588
2019-03-03 16:00:00+00:00,1.1028234623499469
2019-03-03 16:30:00+00:00,0.6940858931437955
2019-03-03 17:00:00+00:00,0.28175776181692386
2019-03-03 17:30:00+00:00,-0.16353528203179774
2019-03-03 18:00:00+00:00,-0.6039018008490401
2019-03-03 18:30:00+00:00,-0.8330423282346837
2019-03-03 19:00:00+00:00,-0.8312355766846936
2019-03-03 19:30:00+00:00,-0.818916300050801
2019-03-03 20:00:00+00:00,-0.9058333127171767
2019-03-03 20:30:00+00:00,-0.8821733641667355
2019-03-03 21:00:00+00:00,-0.8933244572311985
2019-03-03 21:30:00+00:00,-0.9027498007228915
2019-03-03 22:00:00+00:00,-1.0227790281611917
2019-03-03 22:30:00+00:00,-1.0999798895766746
2019-03-03 23:00:00+00:00,-1.1004072640369842
2019-03-03 23:30:00+00:00,-1.0779998862497835
2019-03-04 00:00:00+00:00,-1.1044635290642206
2019-03-04 00:30:00+00:00,-1.0232353714515874
2019-03-04 01:00:00+00:00,-1.0324733463149511
2019-03-04 01:30:00+00:00,-1.0991420061707426
2019-03-04 02:00:00+00:00,-1.0947817426358353
2019-03-04 02:30:00+00:00,-1.0997031564949096
2019-03-04 03:00:00+00:00,-1.1006117403397728
2019-03-04 03:30:00+00:00,-1.099660984299531
2019-03-04 04:00:00+00:00,-1.0993737951611295
2019-03-04 04:30:00+00:00,-1.0999589522643438
2019-03-04 05:00:00+00:00,-1.0992130426801066
2019-03-04 05:30:00+00:00,-1.10472733242084
2019-03-04 06:00:00+00:00,-1.0985487176324948
2019-03-04 06:30:00+00:00,-1.0923701028441495
2019-03-04 07:00:00+00:00,-1.1002774371792046
2019-03-04 07:30:00+00:00,-1.0693521280485068
2019-03-04 08:00:00+00:00,-1.1042317171719542
2019-03-04 08:30:00+00:00,-1.1032228119152436
2019-03-04 09:00:00+00:00,-1.1022139066585328
2019-03-04 09:30:00+00:00,-1.1012050014018222
2019-03-04 10:00:00+00:00,-1.1011727824659312
2019-03-04 10:30:00+00:00,-1.10114056353004
2019-03-04 11:00:00+00:00,-0.8776140376467214
2019-03-04 11:30:00+00:00,-0.9887242220677838
2019-03-04 12:00:00+00:00,-1.099834406488846
2019-03-04 12:30:00+00:00,-1.0967602305136706
2019-03-04 13:00:00+00:00,-1.0936860545384952
2019-03-04 13:30:00+00:00,-0.8806052302352556
2019-03-04 14:00:00+00:00,-0.9251075899753611
2019-03-04 14:30:00+00:00,-0.8150953196393922
2019-03-04 15:00:00+00:00,-0.45805766923882035
2019-03-04 15:30:00+00:00,0.727595098617605
2019-03-04 16:00:00+00:00,1.628698146239564
2019-03-04 16:30:00+00:00,0.7194432983169293
2019-03-04 17:00:00+00:00,0.1374895136711892
2019-03-04 17:30:00+00:00,0.3810890500685052
2019-03-04 18:00:00+00:00,0.5921130053690584
2019-03-04 18:30:00+00:00,0.5838310042418567
2019-03-04 19:00:00+00:00,0.39264907919286923
2019-03-04 19:30:00+00:00,-0.42119741515487685
2019-03-04 20:00:00+00:00,-0.6582602891485108
2019-03-04 20:30:00+00:00,-0.3857967014751364
2019-03-04 21:00:00+00:00,-0.4812037973455456
2019-03-04 21:30:00+00:00,-0.21619123608052124
2019-03-04 22:00:00+00:00,-0.37092777681682315
2019-03-04 22:30:00+00:00,-0.1715716541775115
2019-03-04 23:00:00+00:00,-0.35378157771994784
2019-03-04 23:30:00+00:00,-0.3331081613523688
2019-03-05 00:00:00+00:00,-0.17694132187091116
2019-03-05 00:30:00+00:00,0.0712627822803625
2019-03-05 01:00:00+00:00,0.028419438311478463
2019-03-05 01:30:00+00:00,-0.014423905657405572
2019-03-05 02:00:00+00:00,-0.014423905657405572
2019-03-05 02:30:00+00:00,-0.014423905657405572
2019-03-05 03:00:00+00:00,-0.014423905657405572
2019-03-05 03:30:00+00:00,-0.014423905657405572
2019-03-05 04:00:00+00:00,-0.22864062550182557
2019-03-05 04:30:00+00:00,-0.010633193980012584
2019-03-05 05:00:00+00:00,-0.010633193980012584
2019-03-05 05:30:00+00:00,-0.12679662701865976
2019-03-05 06:00:00+00:00,-0.24296006005730678
2019-03-05 06:30:00+00:00,-0.24296006005730678
2019-03-05 07:00:00+00:00,-0.47528692613460094
2019-03-05 07:30:00+00:00,-0.4067883037171654
2019-03-05 08:00:00+00:00,-0.5068478806875826
2019-03-05 08:30:00+00:00,-0.21553398060647702
2019-03-05 09:00:00+00:00,-0.4843886416211193
2019-03-05 09:30:00+00:00,-0.3889618603729189
2019-03-05 10:00:00+00:00,-0.601387692561229
2019-03-05 10:30:00+00:00,-0.9302056585234754
2019-03-05 11:00:00+00:00,-0.8281546851621142
2019-03-05 11:30:00+00:00,-0.9242754949282661
2019-03-05 12:00:00+00:00,-1.0668714167746944
2019-03-05 12:30:00+00:00,-1.091178462116259
2019-03-05 13:00:00+00:00,-1.0997608525787888
2019-03-05 13:30:00+00:00,-1.100436784163197
2019-03-05 14:00:00+00:00,-1.099583701484816
2019-03-05 14:30:00+00:00,-1.1002305774229166
2019-03-05 15:00:00+00:00,-1.0995319085450264
2019-03-05 15:30:00+00:00,-1.0992818431178861
2019-03-05 16:00:00+00:00,-1.1000211085792273
2019-03-05 16:30:00+00:00,-0.6839939759505084
2019-03-05 17:00:00+00:00,-0.9047910146347368
2019-03-05 17:30:00+00:00,-1.0905721765459684
2019-03-05 18:00:00+00:00,-1.1005627700279659
2019-03-05 18:30:00+00:00,-0.8382626292977898
2019-03-05 19:00:00+00:00,-0.5759624885676137
2019-03-05 19:30:00+00:00,-0.31366234783743757
2019-03-05 20:00:00+00:00,0.1570217917413544
2019-03-05 20:30:00+00:00,-0.20903870091234406
2019-03-05 21:00:00+00:00,-0.9859235480717737
2019-03-05 21:30:00+00:00,-0.9194257407119409
2019-03-05 22:00:00+00:00,-0.9540526631722648
2019-03-05 22:30:00+00:00,-0.7348275987691454
2019-03-05 23:00:00+00:00,-0.42728090283068637
2019-03-05 23:30:00+00:00,-0.316666363707046
2019-03-06 00:00:00+00:00,0.5274427787566407
2019-03-06 00:30:00+00:00,0.6743624533839344
2019-03-06 01:00:00+00:00,0.6020671233697757
2019-03-06 01:30:00+00:00,0.14758934778754876
2019-03-06 02:00:00+00:00,-0.23544469598489035
2019-03-06 02:30:00+00:00,-0.23527086552991702
2019-03-06 03:00:00+00:00,0.11709148184620094
2019-03-06 03:30:00+00:00,0.07793897495118139
2019-03-06 04:00:00+00:00,0.16966693939522115
2019-03-06 04:30:00+00:00,-0.13224843194471872
2019-03-06 05:00:00+00:00,-0.23033139113485024
2019-03-06 05:30:00+00:00,-0.21204091362201138
2019-03-06 06:00:00+00:00,-0.25649376951195746
2019-03-06 06:30:00+00:00,-0.48227195892781854
2019-03-06 07:00:00+00:00,-0.5601689164680417
2019-03-06 07:30:00+00:00,-0.3477296696963477
2019-03-06 08:00:00+00:00,-0.1789935550384468
2019-03-06 08:30:00+00:00,-0.15330992513426647
2019-03-06 09:00:00+00:00,-0.23974456742739322
2019-03-06 09:30:00+00:00,-0.38763190369430195
2019-03-06 10:00:00+00:00,-0.7179682673318073
2019-03-06 10:30:00+00:00,-0.21259744686068496
2019-03-06 11:00:00+00:00,-0.486053657669492
2019-03-06 11:30:00+00:00,-0.49033765938955876
2019-03-06 12:00:00+00:00,-0.4449520453088231
2019-03-06 12:30:00+00:00,-0.3293389167123119
2019-03-06 13:00:00+00:00,-0.6057236703711388
2019-03-06 13:30:00+00:00,-0.7913618560695532
2019-03-06 14:00:00+00:00,-0.893429102232884
2019-03-06 14:30:00+00:00,-0.6957947234015114
2019-03-06 15:00:00+00:00,-0.34594257478542606
2019-03-06 15:30:00+00:00,-0.28545910557481996
2019-03-06 16:00:00+00:00,-0.2765575363576658
2019-03-06 16:30:00+00:00,-0.5502385384536078
2019-03-06 17:00:00+00:00,-0.7745419014798544
2019-03-06 17:30:00+00:00,-0.3616784691228243
2019-03-06 18:00:00+00:00,-0.40166502484410777
2019-03-06 18:30:00+00:00,-0.9720178438865258
2019-03-06 19:00:00+00:00,-1.0145145135993952
2019-03-06 19:30:00+00:00,-1.0570111833122644
2019-03-06 20:00:00+00:00,-1.0995078530251334
2019-03-06 20:30:00+00:00,-1.1004046305336306
2019-03-06 21:00:00+00:00,-1.0611091829407884
2019-03-06 21:30:00+00:00,-0.9478287040748825
2019-03-06 22:00:00+00:00,-0.6255123682350434
2019-03-06 22:30:00+00:00,-0.6176418166166981
2019-03-06 23:00:00+00:00,-0.7370383879379082
2019-03-06 23:30:00+00:00,-0.7209230450893298
2019-03-07 00:00:00+00:00,-0.3350162200930557
2019-03-07 00:30:00+00:00,0.13232414182264557
2019-03-07 01:00:00+00:00,-0.13537917901063745
2019-03-07 01:30:00+00:00,-0.05266782889275723
2019-03-07 02:00:00+00:00,0.09483431183746703
2019-03-07 02:30:00+00:00,-0.10999109449913298
2019-03-07 03:00:00+00:00,-0.4652709131187368
2019-03-07 03:30:00+00:00,-0.4778253647229245
2019-03-07 04:00:00+00:00,-0.5565505946321909
2019-03-07 04:30:00+00:00,-0.6210709418956266
2019-03-07 05:00:00+00:00,-0.7280493633655017
2019-03-07 05:30:00+00:00,-0.7708978625166517
2019-03-07 06:00:00+00:00,-0.8606157123997673
2019-03-07 06:30:00+00:00,-0.7637113205395955
2019-03-07 07:00:00+00:00,-0.9077670678091804
2019-03-07 07:30:00+00:00,-0.96092198246322
2019-03-07 08:00:00+00:00,-0.7646170039786512
2019-03-07 08:30:00+00:00,-0.5239739566549017
2019-03-07 09:00:00+00:00,0.04690937527319004
2019-03-07 09:30:00+00:00,-0.5551042432642246
2019-03-07 10:00:00+00:00,-0.5686237172081972
2019-03-07 10:30:00+00:00,-0.6523576576837105
2019-03-07 11:00:00+00:00,-0.1749235944312346
2019-03-07 11:30:00+00:00,-0.1494349351947385
2019-03-07 12:00:00+00:00,-0.6285349817467925
2019-03-07 12:30:00+00:00,-0.591645281386294
2019-03-07 13:00:00+00:00,-0.8277709361306669
2019-03-07 13:30:00+00:00,-0.5451846650614468
2019-03-07 14:00:00+00:00,-0.4649984593545538
2019-03-07 14:30:00+00:00,-0.2252167350505187
2019-03-07 15:00:00+00:00,-0.5516149523133472
2019-03-07 15:30:00+00:00,-0.93268799966033
2019-03-07 16:00:00+00:00,-0.9670623224068273
2019-03-07 16:30:00+00:00,-0.8529279502268745
2019-03-07 17:00:00+00:00,-0.9963806537615219
2019-03-07 17:30:00+00:00,-0.9751665100112695
2019-03-07 18:00:00+00:00,-0.2683302503984607
2019-03-07 18:30:00+00:00,0.14622045990085678
2019-03-07 19:00:00+00:00,-0.22144106508909134
2019-03-07 19:30:00+00:00,-0.3505016511233648
2019-03-07 20:00:00+00:00,-0.7191511053849889
2019-03-07 20:30:00+00:00,-1.0666096378054644
2019-03-07 21:00:00+00:00,-0.9795685342264076
2019-03-07 21:30:00+00:00,-0.6724931381257742
2019-03-07 22:00:00+00:00,-0.9097891338706104
2019-03-07 22:30:00+00:00,-0.8935146180463723
2019-03-07 23:00:00+00:00,-0.5127741061974479
2019-03-07 23:30:00+00:00,-0.31582062230350627
2019-03-08 00:00:00+00:00,-0.2789873526922713
2019-03-08 00:30:00+00:00,-0.29412067871647785
2019-03-08 01:00:00+00:00,-0.4106893445632545
2019-03-08 01:30:00+00:00,-0.6880977851877952
2019-03-08 02:00:00+00:00,-0.8370022324882606
2019-03-08 02:30:00+00:00,-0.8525758780013268
2019-03-08 03:00:00+00:00,-0.8846672693422143
2019-03-08 03:30:00+00:00,-1.0081234835720463
2019-03-08 04:00:00+00:00,-1.0661411709472468
2019-03-08 04:30:00+00:00,-1.0830207124707385
2019-03-08 05:00:00+00:00,-1.0889303598156528
2019-03-08 05:30:00+00:00,-1.094840007160567
2019-03-08 06:00:00+00:00,-1.1007496545054813
2019-03-08 06:30:00+00:00,-1.0740778500770554
2019-03-08 07:00:00+00:00,-1.0474060456486294
2019-03-08 07:30:00+00:00,-1.0714007409097561
2019-03-08 08:00:00+00:00,-1.041007436174995
2019-03-08 08:30:00+00:00,-1.0702586728839698
2019-03-08 09:00:00+00:00,-1.0995099095929444
2019-03-08 09:30:00+00:00,-1.1003885119629198
2019-03-08 10:00:00+00:00,-1.1012671143328951
2019-03-08 10:30:00+00:00,-1.1012671143328951
2019-03-08 11:00:00+00:00,-1.1012671143328951
2019-03-08 11:30:00+00:00,-1.1039029214428209
2019-03-08 12:00:00+00:00,-0.8459414472472745
2019-03-08 12:30:00+00:00,-0.9090530724958986
2019-03-08 13:00:00+00:00,-0.6883085696263918
2019-03-08 13:30:00+00:00,-0.6766667909052585
2019-03-08 14:00:00+00:00,-0.5875117246398152
2019-03-08 14:30:00+00:00,-0.1438243401971333
2019-03-08 15:00:00+00:00,1.345158669267263
2019-03-08 15:30:00+00:00,1.430053065026851
2019-03-08 16:00:00+00:00,1.6790137172654929
2019-03-08 16:30:00+00:00,1.7076086540746094
2019-03-08 17:00:00+00:00,1.6317915146791986
2019-03-08 17:30:00+00:00,1.150607837318401
2019-03-08 18:00:00+00:00,0.8991022077134387
2019-03-08 18:30:00+00:00,0.7093211268037023
2019-03-08 19:00:00+00:00,1.1008622343105847
2019-03-08 19:30:00+00:00,0.9066769544761423
2019-03-08 20:00:00+00:00,0.6251376695894492
2019-03-08 20:30:00+00:00,0.015590079967435447
2019-03-08 21:00:00+00:00,-0.0945819025474315
2019-03-08 21:30:00+00:00,-0.3508215751101595
2019-03-08 22:00:00+00:00,-0.4911794697572871
2019-03-08 22:30:00+00:00,-0.5064897028854778
2019-03-08 23:00:00+00:00,-0.5570004075361327
2019-03-08 23:30:00+00:00,-0.5576399017096253
2019-03-09 00:00:00+00:00,-0.6589117358507344
2019-03-09 00:30:00+00:00,-0.6922807959530298
2019-03-09 01:00:00+00:00,-0.7531417977671157
2019-03-09 01:30:00+00:00,-0.8101909952036928
2019-03-09 02:00:00+00:00,-1.0006167755531994
2019-03-09 02:30:00+00:00,-0.7614862035299411
2019-03-09 03:00:00+00:00,-0.5985148523612466
2019-03-09 03:30:00+00:00,-0.7528967205107473
2019-03-09 04:00:00+00:00,-0.8593245899434545
2019-03-09 04:30:00+00:00,-0.9283918954286989
2019-03-09 05:00:00+00:00,-1.085557960697795
2019-03-09 05:30:00+00:00,-0.9888054917088093
2019-03-09 06:00:00+00:00,-0.7101655575234388
2019-03-09 06:30:00+00:00,-1.1000945724042452
2019-03-09 07:00:00+00:00,-1.1004834021027832
2019-03-09 07:30:00+00:00,-1.1008722318013215
2019-03-09 08:00:00+00:00,-1.1012610614998595
2019-03-09 08:30:00+00:00,-1.0570617681206933
2019-03-09 09:00:00+00:00,-1.0128624747415267
2019-03-09 09:30:00+00:00,-1.1041785633192578
2019-03-09 10:00:00+00:00,-0.9793574828867517
2019-03-09 10:30:00+00:00,-0.9945666521458597
2019-03-09 11:00:00+00:00,-1.0097758214049677
2019-03-09 11:30:00+00:00,-0.9680929826774171
2019-03-09 12:00:00+00:00,-0.9559056410890997
2019-03-09 12:30:00+00:00,-0.876193548517907
2019-03-09 13:00:00+00:00,-0.34948963665718574
2019-03-09 13:30:00+00:00,0.11228167797754267
2019-03-09 14:00:00+00:00,0.3871869116321584
2019-03-09 14:30:00+00:00,0.9849987317241914
2019-03-09 15:00:00+00:00,0.951827994825985
2019-03-09 15:30:00+00:00,1.2554738819923528
2019-03-09 16:00:00+00:00,1.2943368867262874
2019-03-09 16:30:00+00:00,0.5399726510933746
2019-03-09 17:00:00+00:00,0.4598109362785872
2019-03-09 17:30:00+00:00,0.2878663813584822
2019-03-09 18:00:00+00:00,-0.37965385234295673
2019-03-09 18:30:00+00:00,-0.44992969000778005
2019-03-09 19:00:00+00:00,-0.4471797033630177
2019-03-09 19:30:00+00:00,-0.5365733905853967
2019-03-09 20:00:00+00:00,-0.6805017238026574
2019-03-09 20:30:00+00:00,-0.7611163646309633
2019-03-09 21:00:00+00:00,-0.7690405980174531
2019-03-09 21:30:00+00:00,-0.845516265745818
2019-03-09 22:00:00+00:00,-1.0087753445909935
2019-03-09 22:30:00+00:00,-0.9890516914932258
2019-03-09 23:00:00+00:00,-1.0981998389930097
2019-03-09 23:30:00+00:00,-0.9037988848010818
2019-03-10 00:00:00+00:00,-0.7098544172992838
2019-03-10 00:30:00+00:00,-0.940809136287092
2019-03-10 01:00:00+00:00,-0.8979592417012578
2019-03-10 01:30:00+00:00,-1.08580013737445
2019-03-10 02:00:00+00:00,-1.0856680005379122
2019-03-10 02:30:00+00:00,-1.0855358637013746
2019-03-10 03:00:00+00:00,-1.0855358637013746
2019-03-10 03:30:00+00:00,-1.0855358637013746
2019-03-10 04:00:00+00:00,-1.0855358637013746
2019-03-10 04:30:00+00:00,-1.0855358637013746
2019-03-10 05:00:00+00:00,-1.0855358637013746
2019-03-10 05:30:00+00:00,-1.0847430426821487
2019-03-10 06:00:00+00:00,-1.1057115701077067
2019-03-10 06:30:00+00:00,-1.1032236064912972
2019-03-10 07:00:00+00:00,-1.1018497989678602
2019-03-10 07:30:00+00:00,-1.1004759914444229
2019-03-10 08:00:00+00:00,-1.101919716570985
2019-03-10 08:30:00+00:00,-1.1033634416975473
2019-03-10 09:00:00+00:00,-1.1041187409931832
2019-03-10 09:30:00+00:00,-1.0415297918984843
2019-03-10 10:00:00+00:00,-0.9789408428037851
2019-03-10 10:30:00+00:00,-0.9876224751951594
2019-03-10 11:00:00+00:00,-0.8709578961779657
2019-03-10 11:30:00+00:00,-0.5839176431184628
2019-03-10 12:00:00+00:00,-0.5346148216311459
2019-03-10 12:30:00+00:00,-0.49817674516258603
2019-03-10 13:00:00+00:00,-0.5468658495862054
2019-03-10 13:30:00+00:00,-0.4230108054375112
2019-03-10 14:00:00+00:00,0.11768586610967167
2019-03-10 14:30:00+00:00,0.47243889937817196
2019-03-10 15:00:00+00:00,1.065399351167321
2019-03-10 15:30:00+00:00,1.1527134000591304
2019-03-10 16:00:00+00:00,0.45092179028385715
2019-03-10 16:30:00+00:00,0.38758732078636793
2019-03-10 17:00:00+00:00,0.11263243445659422
2019-03-10 17:30:00+00:00,-0.16232245187317965
2019-03-10 18:00:00+00:00,-0.46771343456348874
2019-03-10 18:30:00+00:00,-0.7796169797245753
2019-03-10 19:00:00+00:00,-0.5495878980735943
2019-03-10 19:30:00+00:00,0.19659040414473591
2019-03-10 20:00:00+00:00,-0.39760875734572343
2019-03-10 20:30:00+00:00,-0.5114538529991831
2019-03-10 21:00:00+00:00,-0.6958551851923622
2019-03-10 21:30:00+00:00,-0.9671429625043444
2019-03-10 22:00:00+00:00,-1.0856253856990103
2019-03-10 22:30:00+00:00,-1.0037370669300059
2019-03-10 23:00:00+00:00,-0.9307618994909174
2019-03-10 23:30:00+00:00,-1.0088334420436442
2019-03-11 00:00:00+00:00,-1.0606403834903313
2019-03-11 00:30:00+00:00,-0.9562221100284037
2019-03-11 01:00:00+00:00,-0.8703320220457041
2019-03-11 01:30:00+00:00,-0.936636879150894
2019-03-11 02:00:00+00:00,-1.0086660583128841
2019-03-11 02:30:00+00:00,-1.0466896129458765
2019-03-11 03:00:00+00:00,-0.8548906574508564
2019-03-11 03:30:00+00:00,-1.010018317123817
2019-03-11 04:00:00+00:00,-1.1006813942547957
2019-03-11 04:30:00+00:00,-1.0605797938641572
2019-03-11 05:00:00+00:00,-1.0938634496218094
2019-03-11 05:30:00+00:00,-1.094016647890971
2019-03-11 06:00:00+00:00,-0.7478429750838876
2019-03-11 06:30:00+00:00,-1.0352567932760348
2019-03-11 07:00:00+00:00,-0.9401701676671713
2019-03-11 07:30:00+00:00,-0.8111428142539131
2019-03-11 08:00:00+00:00,-0.6821154608406549
2019-03-11 08:30:00+00:00,-0.9353386917838834
2019-03-11 09:00:00+00:00,-0.9319919934801236
2019-03-11 09:30:00+00:00,-0.928645295176364
2019-03-11 10:00:00+00:00,-0.9800278247799606
2019-03-11 10:30:00+00:00,-1.0907436275704099
2019-03-11 11:00:00+00:00,-0.6149390000226662
2019-03-11 11:30:00+00:00,-0.7484594039278524
2019-03-11 12:00:00+00:00,-0.30681970385516444
2019-03-11 12:30:00+00:00,-0.4195842445915409
2019-03-11 13:00:00+00:00,0.23566794477504582
2019-03-11 13:30:00+00:00,1.021466779121186
2019-03-11 14:00:00+00:00,0.6248221572236192
2019-03-11 14:30:00+00:00,1.0080367322191028
2019-03-11 15:00:00+00:00,1.7221943817901393
2019-03-11 15:30:00+00:00,1.7457263805977996
2019-03-11 16:00:00+00:00,1.3690768579168058
2019-03-11 16:30:00+00:00,0.3886454470863384
2019-03-11 17:00:00+00:00,-0.12726215844693994
2019-03-11 17:30:00+00:00,-0.31950016686703764
2019-03-11 18:00:00+00:00,-0.6931987663693516
2019-03-11 18:30:00+00:00,-0.8920757577390612
2019-03-11 19:00:00+00:00,-0.9469271191761133
2019-03-11 19:30:00+00:00,-0.9207026847309504
2019-03-11 20:00:00+00:00,-0.7727632823814978
2019-03-11 20:30:00+00:00,-0.8986184387348929
2019-03-11 21:00:00+00:00,-0.6108582287647405
2019-03-11 21:30:00+00:00,-0.39204845604280447
2019-03-11 22:00:00+00:00,-0.5510031382868881
2019-03-11 22:30:00+00:00,-0.48850102938827106
2019-03-11 23:00:00+00:00,-0.8134782284317664
2019-03-11 23:30:00+00:00,-0.866392518014217
2019-03-12 00:00:00+00:00,-1.0999631138099208
2019-03-12 00:30:00+00:00,-1.1004525383945931
2019-03-12 01:00:00+00:00,-0.9678563529183238
2019-03-12 01:30:00+00:00,-1.0773145201399663
2019-03-12 02:00:00+00:00,-1.0275215327545129
2019-03-12 02:30:00+00:00,-1.0968246943104765
2019-03-12 03:00:00+00:00,-1.1011627156451922
2019-03-12 03:30:00+00:00,-1.1037806498711078
2019-03-12 04:00:00+00:00,-1.1030781709915594
2019-03-12 04:30:00+00:00,-1.102375692112011
2019-03-12 05:00:00+00:00,-1.1016732132324625
2019-03-12 05:30:00+00:00,-1.0413846042290553
2019-03-12 06:00:00+00:00,-1.0978611566106422
2019-03-12 06:30:00+00:00,-1.0472546810688246
2019-03-12 07:00:00+00:00,-1.1063733281570585
2019-03-12 07:30:00+00:00,-1.0338651897932474
2019-03-12 08:00:00+00:00,-0.9613570514294362
2019-03-12 08:30:00+00:00,-0.7199891374916522
2019-03-12 09:00:00+00:00,-0.6404054863468955
2019-03-12 09:30:00+00:00,-0.8168171333818967
2019-03-12 10:00:00+00:00,-0.9356445826710752
2019-03-12 10:30:00+00:00,-0.6977200936772735
2019-03-12 11:00:00+00:00,-0.598595586144586
2019-03-12 11:30:00+00:00,-0.7364086628989587
2019-03-12 12:00:00+00:00,-0.527214858332323
2019-03-12 12:30:00+00:00,-0.3977425713880979
2019-03-12 13:00:00+00:00,0.6991694836261643
2019-03-12 13:30:00+00:00,1.4016549800378708
2019-03-12 14:00:00+00:00,1.7149884104298851
2019-03-12 14:30:00+00:00,0.8922912589432838
2019-03-12 15:00:00+00:00,1.004461088109746
2019-03-12 15:30:00+00:00,0.717211739564844
2019-03-12 16:00:00+00:00,0.7341410535235341
2019-03-12 16:30:00+00:00,0.3179804283152722
2019-03-12 17:00:00+00:00,0.14656147751751528
2019-03-12 17:30:00+00:00,-0.2856719693010603
2019-03-12 18:00:00+00:00,-0.6512628622448005
2019-03-12 18:30:00+00:00,-0.5653865168596584
2019-03-12 19:00:00+00:00,-0.19900518308808116
2019-03-12 19:30:00+00:00,0.04515003473775179
2019-03-12 20:00:00+00:00,-0.15486486069681693
2019-03-12 20:30:00+00:00,-0.28808084017256985
2019-03-12 21:00:00+00:00,-0.5548208088694871
2019-03-12 21:30:00+00:00,-0.6155379234116408
2019-03-12 22:00:00+00:00,-0.6880630874293906
2019-03-12 22:30:00+00:00,-0.5781357812882003
2019-03-12 23:00:00+00:00,-0.10299415115143258
2019-03-12 23:30:00+00:00,0.22870418653712435
2019-03-13 00:00:00+00:00,-0.41754951434447724
2019-03-13 00:30:00+00:00,-1.039354718966749
2019-03-13 01:00:00+00:00,-0.9533654549719265
2019-03-13 01:30:00+00:00,-0.9604533735505172
2019-03-13 02:00:00+00:00,-1.0415641322494231
2019-03-13 02:30:00+00:00,-0.9713265267005411
2019-03-13 03:00:00+00:00,-1.0489499586940416
2019-03-13 03:30:00+00:00,-1.0305683232447882
2019-03-13 04:00:00+00:00,-1.0813158630176245
2019-03-13 04:30:00+00:00,-1.0832471024282422
2019-03-13 05:00:00+00:00,-1.0851783418388594
2019-03-13 05:30:00+00:00,-1.0851783418388594
2019-03-13 06:00:00+00:00,-1.0851783418388594
2019-03-13 06:30:00+00:00,-1.0851783418388594
2019-03-13 07:00:00+00:00,-1.0851783418388594
2019-03-13 07:30:00+00:00,-1.0851783418388594
2019-03-13 08:00:00+00:00,-1.0851783418388594
2019-03-13 08:30:00+00:00,-1.0851783418388594
2019-03-13 09:00:00+00:00,-1.0851783418388594
2019-03-13 09:30:00+00:00,-1.1025594965344154
2019-03-13 10:00:00+00:00,-1.103008385234267
2019-03-13 10:30:00+00:00,-0.785012521343897
2019-03-13 11:00:00+00:00,-0.5398802149334013
2019-03-13 11:30:00+00:00,-0.5682589798461858
2019-03-13 12:00:00+00:00,-0.1479784426977832
2019-03-13 12:30:00+00:00,0.553392115004936
2019-03-13 13:00:00+00:00,0.2967172912102784
2019-03-13 13:30:00+00:00,1.4638666831382348
2019-03-13 14:00:00+00:00,1.5713128704138595
2019-03-13 14:30:00+00:00,0.9982836466004789
2019-03-13 15:00:00+00:00,0.42376050868682313
2019-03-13 15:30:00+00:00,0.526021002766879
2019-03-13 16:00:00+00:00,0.08787707903005541
2019-03-13 16:30:00+00:00,-0.3939647058697836
2019-03-13 17:00:00+00:00,-0.47105520697188713
2019-03-13 17:30:00+00:00,-0.34819907073430223
2019-03-13 18:00:00+00:00,-0.22534293449671722
2019-03-13 18:30:00+00:00,0.38406869540350363
2019-03-13 19:00:00+00:00,0.11116639577018865
2019-03-13 19:30:00+00:00,-0.017535694915803736
2019-03-13 20:00:00+00:00,-0.30951531247383846
2019-03-13 20:30:00+00:00,-0.4051349038398715
2019-03-13 21:00:00+00:00,-0.012945635233191576
2019-03-13 21:30:00+00:00,-0.20259461076467478
2019-03-13 22:00:00+00:00,-0.6145170056109565
2019-03-13 22:30:00+00:00,-0.11429830467457666
2019-03-13 23:00:00+00:00,-0.0822027503439446
2019-03-13 23:30:00+00:00,-0.25218180358648307
2019-03-14 00:00:00+00:00,0.055035432022204865
2019-03-14 00:30:00+00:00,0.23921109326159168
2019-03-14 01:00:00+00:00,0.38069598579588465
2019-03-14 01:30:00+00:00,0.5032250946794745
2019-03-14 02:00:00+00:00,-0.4834848765768512
2019-03-14 02:30:00+00:00,-0.7583665950931371
2019-03-14 03:00:00+00:00,-0.7581426989867486
2019-03-14 03:30:00+00:00,-0.921296360832266
2019-03-14 04:00:00+00:00,-0.8074652950020569
2019-03-14 04:30:00+00:00,-1.017981454575772
2019-03-14 05:00:00+00:00,-0.7186202412335133
2019-03-14 05:30:00+00:00,-0.9777074598088413
2019-03-14 06:00:00+00:00,-0.9780898270176795
2019-03-14 06:30:00+00:00,-0.7465618451355405
2019-03-14 07:00:00+00:00,-1.0969880085588197
2019-03-14 07:30:00+00:00,-0.7504050433726194
2019-03-14 08:00:00+00:00,-0.3535458614502372
2019-03-14 08:30:00+00:00,-0.053184110682339296
2019-03-14 09:00:00+00:00,0.2609300052833135
2019-03-14 09:30:00+00:00,-0.10144778223095303
2019-03-14 10:00:00+00:00,-0.5486025006075654
2019-03-14 10:30:00+00:00,0.2905378496864823
2019-03-14 11:00:00+00:00,0.34639528011753395
2019-03-14 11:30:00+00:00,0.7607225539303566
2019-03-14 12:00:00+00:00,1.164153357054749
2019-03-14 12:30:00+00:00,1.7286771027901622
2019-03-14 13:00:00+00:00,1.744595383546648
2019-03-14 13:30:00+00:00,1.335075193492043
2019-03-14 14:00:00+00:00,0.9449217473228289
2019-03-14 14:30:00+00:00,0.9095228083470012
2019-03-14 15:00:00+00:00,0.02779148812494594
2019-03-14 15:30:00+00:00,0.29389722260980844
2019-03-14 16:00:00+00:00,0.4120994935477978
2019-03-14 16:30:00+00:00,0.11649496896613802
2019-03-14 17:00:00+00:00,0.012721606415112264
2019-03-14 17:30:00+00:00,-0.09655855810243698
2019-03-14 18:00:00+00:00,-0.3881199395034486
2019-03-14 18:30:00+00:00,-0.08951326930973746
2019-03-14 19:00:00+00:00,-0.1134043800463459
2019-03-14 19:30:00+00:00,-0.13633838304249365
2019-03-14 20:00:00+00:00,-0.25326827717406314
2019-03-14 20:30:00+00:00,-0.28970719050118776
2019-03-14 21:00:00+00:00,-0.5616554558922534
2019-03-14 21:30:00+00:00,-0.6445782805089423
2019-03-14 22:00:00+00:00,-0.4601827852446579
2019-03-14 22:30:00+00:00,-0.18349354119601852
2019-03-14 23:00:00+00:00,-0.7320786936364398
2019-03-14 23:30:00+00:00,-1.0838095294476575
2019-03-15 00:00:00+00:00,-0.7910075107896781
2019-03-15 00:30:00+00:00,-0.6414167130060402
2019-03-15 01:00:00+00:00,-0.8430625130097464
2019-03-15 01:30:00+00:00,-0.9373757229125451
2019-03-15 02:00:00+00:00,-1.0122042725443654
2019-03-15 02:30:00+00:00,-1.0417368341950088
2019-03-15 03:00:00+00:00,-1.0712693958456523
2019-03-15 03:30:00+00:00,-1.1008019574962957
2019-03-15 04:00:00+00:00,-0.6289217722874195
2019-03-15 04:30:00+00:00,-0.46448862852486933
2019-03-15 05:00:00+00:00,-0.3562135930106992
2019-03-15 05:30:00+00:00,-0.24793855749652904
2019-03-15 06:00:00+00:00,-0.24793855749652904
2019-03-15 06:30:00+00:00,-0.24793855749652904
2019-03-15 07:00:00+00:00,0.07688654904598125
2019-03-15 07:30:00+00:00,0.035717763404952675
2019-03-15 08:00:00+00:00,-0.23905240059824379
2019-03-15 08:30:00+00:00,-0.15671731918354156
2019-03-15 09:00:00+00:00,0.07730679724745347
2019-03-15 09:30:00+00:00,0.7602368859276504
2019-03-15 10:00:00+00:00,0.3920084353525562
2019-03-15 10:30:00+00:00,0.9555957540556359
2019-03-15 11:00:00+00:00,1.4458074321521208
2019-03-15 11:30:00+00:00,1.5082986166463606
2019-03-15 12:00:00+00:00,1.5604520334234737
2019-03-15 12:30:00+00:00,1.615533212048232
2019-03-15 13:00:00+00:00,1.494040956093263
2019-03-15 13:30:00+00:00,1.7252669295884753
2019-03-15 14:00:00+00:00,1.7015832751631281
2019-03-15 14:30:00+00:00,1.6223240314528051
2019-03-15 15:00:00+00:00,1.4225555605591018
2019-03-15 15:30:00+00:00,1.1118678708912728
2019-03-15 16:00:00+00:00,1.0442381901678357
2019-03-15 16:30:00+00:00,0.8211761453512222
2019-03-15 17:00:00+00:00,0.727306181408417
2019-03-15 17:30:00+00:00,0.7129085219728755
2019-03-15 18:00:00+00:00,0.09683503454788123
2019-03-15 18:30:00+00:00,-0.08583146806991993
2019-03-15 19:00:00+00:00,-0.3137543222819023
2019-03-15 19:30:00+00:00,-0.4619573926021288
2019-03-15 20:00:00+00:00,-0.8028073203882741
2019-03-15 20:30:00+00:00,-0.9795925416135897
2019-03-15 21:00:00+00:00,-0.8570251057609986
2019-03-15 21:30:00+00:00,-0.6471436984745061
2019-03-15 22:00:00+00:00,-0.5201684070242603
2019-03-15 22:30:00+00:00,-0.48974290406586946
2019-03-15 23:00:00+00:00,-0.3481405151146646
2019-03-15 23:30:00+00:00,0.3381353605430838
2019-03-16 00:00:00+00:00,0.6068176544443392
2019-03-16 00:30:00+00:00,-0.025834308301072178
2019-03-16 01:00:00+00:00,-0.2723257604159035
2019-03-16 01:30:00+00:00,0.021251662631045772
2019-03-16 02:00:00+00:00,-0.4617651921885439
2019-03-16 02:30:00+00:00,-0.8387749123777994
2019-03-16 03:00:00+00:00,-0.7071731014185321
2019-03-16 03:30:00+00:00,-0.6520251475249658
2019-03-16 04:00:00+00:00,-0.12308343481199878
2019-03-16 04:30:00+00:00,0.34738558869459146
2019-03-16 05:00:00+00:00,0.24523544275762996
2019-03-16 05:30:00+00:00,0.7088692744558293
2019-03-16 06:00:00+00:00,0.49950455076084993
2019-03-16 06:30:00+00:00,0.13270222915044413
2019-03-16 07:00:00+00:00,0.5954758835826828
2019-03-16 07:30:00+00:00,1.2143140541960726
2019-03-16 08:00:00+00:00,0.7308447578177732
2019-03-16 08:30:00+00:00,1.2242190346988677
2019-03-16 09:00:00+00:00,1.234533628802957
2019-03-16 09:30:00+00:00,1.1251289329583143
2019-03-16 10:00:00+00:00,0.9418711581954942
2019-03-16 10:30:00+00:00,1.5832489791946966
2019-03-16 11:00:00+00:00,1.459201433868687
2019-03-16 11:30:00+00:00,1.2748451528429956
2019-03-16 12:00:00+00:00,1.263958214932358
2019-03-16 12:30:00+00:00,1.7042632314339665
2019-03-16 13:00:00+00:00,1.632310491338735
2019-03-16 13:30:00+00:00,1.2434392720799232
2019-03-16 14:00:00+00:00,1.2852995600512382
2019-03-16 14:30:00+00:00,0.9216146196992844
2019-03-16 15:00:00+00:00,0.45112751625536207
2019-03-16 15:30:00+00:00,0.38302988570489044
2019-03-16 16:00:00+00:00,0.7500243283458863
2019-03-16 16:30:00+00:00,0.9500197783798734
2019-03-16 17:00:00+00:00,0.749840854904052
2019-03-16 17:30:00+00:00,0.13193020442586645
2019-03-16 18:00:00+00:00,-0.09098946854568392
2019-03-16 18:30:00+00:00,-0.11047995003191179
2019-03-16 19:00:00+00:00,0.06306927448640451
2019-03-16 19:30:00+00:00,0.8701736216175151
2019-03-16 20:00:00+00:00,0.6326039108280109
2019-03-16 20:30:00+00:00,0.32577028415565434
2019-03-16 21:00:00+00:00,0.0032669509740722714
2019-03-16 21:30:00+00:00,-0.35030158129648764
2019-03-16 22:00:00+00:00,-0.5233697810791013
2019-03-16 22:30:00+00:00,-0.3840700700424261
2019-03-16 23:00:00+00:00,-0.3529505102644063
2019-03-16 23:30:00+00:00,-0.011002155214411655
2019-03-17 00:00:00+00:00,0.036612947907158896
2019-03-17 00:30:00+00:00,-0.18630355817241506
2019-03-17 01:00:00+00:00,-0.5174968240499713
2019-03-17 01:30:00+00:00,-0.6566667255998204
2019-03-17 02:00:00+00:00,-0.704185870181049
2019-03-17 02:30:00+00:00,-0.9675437334774456
2019-03-17 03:00:00+00:00,-1.0717444883843081
2019-03-17 03:30:00+00:00,-0.9387307626180701
2019-03-17 04:00:00+00:00,-0.6260457891223806
2019-03-17 04:30:00+00:00,-0.6318172297793058
2019-03-17 05:00:00+00:00,-0.7505598688668692
2019-03-17 05:30:00+00:00,-0.5370121569039231
2019-03-17 06:00:00+00:00,-0.3037888955303179
2019-03-17 06:30:00+00:00,0.006125018146986304
2019-03-17 07:00:00+00:00,0.2111845577824436
2019-03-17 07:30:00+00:00,0.16250376697371818
2019-03-17 08:00:00+00:00,0.0005135889278798176
2019-03-17 08:30:00+00:00,0.05412488108342444
2019-03-17 09:00:00+00:00,0.05716281080007674
2019-03-17 09:30:00+00:00,0.2848988928647619
2019-03-17 10:00:00+00:00,0.2216473951545852
2019-03-17 10:30:00+00:00,0.20307900016871838
2019-03-17 11:00:00+00:00,0.48347889953702206
2019-03-17 11:30:00+00:00,0.33238912686877947
2019-03-17 12:00:00+00:00,0.2433386017571049
2019-03-17 12:30:00+00:00,0.14157411252010213
2019-03-17 13:00:00+00:00,0.4232144230619876
2019-03-17 13:30:00+00:00,0.4811221297110092
2019-03-17 14:00:00+00:00,0.406277109659678
2019-03-17 14:30:00+00:00,0.3403434224651283
2019-03-17 15:00:00+00:00,0.5832032297069191
2019-03-17 15:30:00+00:00,0.6578497325611125
2019-03-17 16:00:00+00:00,0.2938016428815063
2019-03-17 16:30:00+00:00,0.3882585315827661
2019-03-17 17:00:00+00:00,0.3614232222017335
2019-03-17 17:30:00+00:00,0.3345879128207009
2019-03-17 18:00:00+00:00,0.07297395216915313
2019-03-17 18:30:00+00:00,-0.1886400084823946
2019-03-17 19:00:00+00:00,-0.4916731098867402
2019-03-17 19:30:00+00:00,-0.562733761780623
2019-03-17 20:00:00+00:00,-0.740527010303124
2019-03-17 20:30:00+00:00,-0.7052026694427393
2019-03-17 21:00:00+00:00,-0.7111525899857003
2019-03-17 21:30:00+00:00,-0.6729663380620291
2019-03-17 22:00:00+00:00,-0.7247752267113894
2019-03-17 22:30:00+00:00,-0.6937103488276543
2019-03-17 23:00:00+00:00,-0.5814846214454554
2019-03-17 23:30:00+00:00,-0.604539702767346
2019-03-18 00:00:00+00:00,-0.7475942625215658
2019-03-18 00:30:00+00:00,-0.8658671049698321
2019-03-18 01:00:00+00:00,-0.8153516920483356
2019-03-18 01:30:00+00:00,-0.9842475107708378
2019-03-18 02:00:00+00:00,-0.6940772831977029
2019-03-18 02:30:00+00:00,-0.7587071088785423
2019-03-18 03:00:00+00:00,-0.7466960048264077
2019-03-18 03:30:00+00:00,-0.6122327066812667
2019-03-18 04:00:00+00:00,-0.04047104828971486
2019-03-18 04:30:00+00:00,-0.2310862369176594
2019-03-18 05:00:00+00:00,-0.4924426968665214
2019-03-18 05:30:00+00:00,-0.560050214772595
2019-03-18 06:00:00+00:00,-0.7065302884566085
2019-03-18 06:30:00+00:00,-0.6607352839683269
2019-03-18 07:00:00+00:00,-0.9320767745739426
2019-03-18 07:30:00+00:00,-1.09825457288251
2019-03-18 08:00:00+00:00,-0.9928426709893441
2019-03-18 08:30:00+00:00,-1.0733741994391126
2019-03-18 09:00:00+00:00,-1.0449594709690344
2019-03-18 09:30:00+00:00,-1.0168678158064244
2019-03-18 10:00:00+00:00,-0.7828975123833265
2019-03-18 10:30:00+00:00,-0.6011548418155241
2019-03-18 11:00:00+00:00,-0.009999159500305025
2019-03-18 11:30:00+00:00,-0.12517095688917623
2019-03-18 12:00:00+00:00,0.0053005562426121896
2019-03-18 12:30:00+00:00,0.045326323673154395
2019-03-18 13:00:00+00:00,0.15784535646940984
2019-03-18 13:30:00+00:00,0.65454322291454
2019-03-18 14:00:00+00:00,1.5552312111068052
2019-03-18 14:30:00+00:00,1.7502921995305045
2019-03-18 15:00:00+00:00,1.7426464620968887
2019-03-18 15:30:00+00:00,1.7159132469744613
2019-03-18 16:00:00+00:00,1.7557048971111675
2019-03-18 16:30:00+00:00,1.7499955908419735
2019-03-18 17:00:00+00:00,1.7436293088438788
2019-03-18 17:30:00+00:00,1.7516129863526275
2019-03-18 18:00:00+00:00,1.7523444596855144
2019-03-18 18:30:00+00:00,1.753075933018401
2019-03-18 19:00:00+00:00,1.3596734278742106
2019-03-18 19:30:00+00:00,-0.1414232846858735
2019-03-18 20:00:00+00:00,-0.7234033084587952
2019-03-18 20:30:00+00:00,-0.8674562183532532
2019-03-18 21:00:00+00:00,-0.46019519118089663
2019-03-18 21:30:00+00:00,-0.34440231856443465
2019-03-18 22:00:00+00:00,-0.17717281153531023
2019-03-18 22:30:00+00:00,-0.5004674107789833
2019-03-18 23:00:00+00:00,-0.8112963616817156
2019-03-18 23:30:00+00:00,-0.6604574976356506
2019-03-19 00:00:00+00:00,-0.8755291447278855
2019-03-19 00:30:00+00:00,-0.968502078043595
2019-03-19 01:00:00+00:00,-0.8897836895838674
2019-03-19 01:30:00+00:00,-0.8470141381752743
2019-03-19 02:00:00+00:00,-0.8134592629444475
2019-03-19 02:30:00+00:00,-0.8434713800600463
2019-03-19 03:00:00+00:00,-0.9893689526869719
2019-03-19 03:30:00+00:00,-1.1003659709832927
2019-03-19 04:00:00+00:00,-1.1003060377957128
2019-03-19 04:30:00+00:00,-1.1002461046081327
2019-03-19 05:00:00+00:00,-1.1001861714205525
2019-03-19 05:30:00+00:00,-1.100294105985602
2019-03-19 06:00:00+00:00,-1.1004020405506512
2019-03-19 06:30:00+00:00,-1.1004020405506512
2019-03-19 07:00:00+00:00,-1.1004020405506512
2019-03-19 07:30:00+00:00,-1.1007258442457988
2019-03-19 08:00:00+00:00,-1.101451809746797
2019-03-19 08:30:00+00:00,-1.1021777752477948
2019-03-19 09:00:00+00:00,-1.1029037407487927
2019-03-19 09:30:00+00:00,-1.0574917456028472
2019-03-19 10:00:00+00:00,-1.071947617124787
2019-03-19 10:30:00+00:00,-1.0394006745207136
2019-03-19 11:00:00+00:00,-0.9878227811836643
2019-03-19 11:30:00+00:00,-0.730279622292311
2019-03-19 12:00:00+00:00,-0.6089617303875203
2019-03-19 12:30:00+00:00,-0.5071105479639625
2019-03-19 13:00:00+00:00,-0.40404925701606004
2019-03-19 13:30:00+00:00,-0.46591343085449094
2019-03-19 14:00:00+00:00,-0.029778546606371123
2019-03-19 14:30:00+00:00,1.1524104811065652
2019-03-19 15:00:00+00:00,1.1175322245077304
2019-03-19 15:30:00+00:00,0.3484405644813115
2019-03-19 16:00:00+00:00,0.2809144217511523
2019-03-19 16:30:00+00:00,-0.05317268917351232
2019-03-19 17:00:00+00:00,0.21062156970145998
2019-03-19 17:30:00+00:00,0.6167771919158306
2019-03-19 18:00:00+00:00,0.27391047319644307
2019-03-19 18:30:00+00:00,0.006615108845498475
2019-03-19 19:00:00+00:00,0.07280908986125843
2019-03-19 19:30:00+00:00,-0.12711921033877227
2019-03-19 20:00:00+00:00,-0.3754890913636902
2019-03-19 20:30:00+00:00,-0.2607701711050549
2019-03-19 21:00:00+00:00,-0.5745290396602362
2019-03-19 21:30:00+00:00,-0.8314085213668592
2019-03-19 22:00:00+00:00,-0.901195444140194
2019-03-19 22:30:00+00:00,-1.0604119177728595
2019-03-19 23:00:00+00:00,-1.05848452145202
2019-03-19 23:30:00+00:00,-0.9315159253913238
2019-03-20 00:00:00+00:00,-0.6784038977581949
2019-03-20 00:30:00+00:00,-0.46670909553757306
2019-03-20 01:00:00+00:00,-0.5385691893909558
2019-03-20 01:30:00+00:00,-0.33231997274912595
2019-03-20 02:00:00+00:00,-0.11788266768831576
2019-03-20 02:30:00+00:00,-0.2832172385679779
2019-03-20 03:00:00+00:00,-0.6758066681957298
2019-03-20 03:30:00+00:00,-0.9442970885951002
2019-03-20 04:00:00+00:00,-1.050884322313821
2019-03-20 04:30:00+00:00,-1.0671231960118215
2019-03-20 05:00:00+00:00,-1.083362069709822
2019-03-20 05:30:00+00:00,-1.0996009434078224
2019-03-20 06:00:00+00:00,-1.0995496952456134
2019-03-20 06:30:00+00:00,-1.0334076166423576
2019-03-20 07:00:00+00:00,-0.9534109074682925
2019-03-20 07:30:00+00:00,-0.46336685619898754
2019-03-20 08:00:00+00:00,-0.8647888759074464
2019-03-20 08:30:00+00:00,-0.9623345047207141
2019-03-20 09:00:00+00:00,-0.6748807715752679
2019-03-20 09:30:00+00:00,-0.8755113906958925
2019-03-20 10:00:00+00:00,-0.8907026931012763
2019-03-20 10:30:00+00:00,-0.17618556177492345
2019-03-20 11:00:00+00:00,-0.2920398461851065
2019-03-20 11:30:00+00:00,-0.4074437289934524
2019-03-20 12:00:00+00:00,-0.5321146827480094
2019-03-20 12:30:00+00:00,0.864001839566288
2019-03-20 13:00:00+00:00,1.0970073524079529
2019-03-20 13:30:00+00:00,1.5344156718685331
2019-03-20 14:00:00+00:00,1.6780318093345044
2019-03-20 14:30:00+00:00,1.6608768404331584
2019-03-20 15:00:00+00:00,1.7118264644427366
2019-03-20 15:30:00+00:00,1.5354991082991678
2019-03-20 16:00:00+00:00,0.081639306840404
2019-03-20 16:30:00+00:00,-0.18721883494545266
2019-03-20 17:00:00+00:00,1.0459736534914295
2019-03-20 17:30:00+00:00,0.4840512741785825
2019-03-20 18:00:00+00:00,0.5260965549340844
2019-03-20 18:30:00+00:00,0.17901932143246319
2019-03-20 19:00:00+00:00,-0.20067654957512904
2019-03-20 19:30:00+00:00,-0.6074027267818599
2019-03-20 20:00:00+00:00,-0.6526422190770423
2019-03-20 20:30:00+00:00,-0.8686667858665451
2019-03-20 21:00:00+00:00,-0.8827090997105508
2019-03-20 21:30:00+00:00,-0.7508639052792745
2019-03-20 22:00:00+00:00,-0.726106190496542
2019-03-20 22:30:00+00:00,-0.6313302867055748
2019-03-20 23:00:00+00:00,-0.7146088289804386
2019-03-20 23:30:00+00:00,-0.7877698324304283
2019-03-21 00:00:00+00:00,-0.7614995807879708
2019-03-21 00:30:00+00:00,-0.739013670294794
2019-03-21 01:00:00+00:00,-0.8850421663872525
2019-03-21 01:30:00+00:00,-0.8871927659973323
2019-03-21 02:00:00+00:00,-1.0045373664443897
2019-03-21 02:30:00+00:00,-1.0986009326561887
2019-03-21 03:00:00+00:00,-1.0998767198951214
2019-03-21 03:30:00+00:00,-1.1000633134737903
2019-03-21 04:00:00+00:00,-1.1002499070524596
2019-03-21 04:30:00+00:00,-1.0640705006503288
2019-03-21 05:00:00+00:00,-1.1007415450844438
2019-03-21 05:30:00+00:00,-1.0291230674241627
2019-03-21 06:00:00+00:00,-0.9661078628200546
2019-03-21 06:30:00+00:00,-1.0282492556760856
2019-03-21 07:00:00+00:00,-0.7662083421143316
2019-03-21 07:30:00+00:00,-1.0281492598701916
2019-03-21 08:00:00+00:00,-1.07300651894459
2019-03-21 08:30:00+00:00,-0.644209182790703
2019-03-21 09:00:00+00:00,-0.8952946894669279
2019-03-21 09:30:00+00:00,-0.953064142265413
2019-03-21 10:00:00+00:00,-0.9855718603008311
2019-03-21 10:30:00+00:00,-0.9776616290968373
2019-03-21 11:00:00+00:00,-0.8401251653519067
2019-03-21 11:30:00+00:00,-0.9186371644977965
2019-03-21 12:00:00+00:00,-0.16967244179610982
2019-03-21 12:30:00+00:00,0.67508535703061
2019-03-21 13:00:00+00:00,0.932706504669107
2019-03-21 13:30:00+00:00,1.6570904860049922
2019-03-21 14:00:00+00:00,1.528530065260956
2019-03-21 14:30:00+00:00,1.725018570082698
2019-03-21 15:00:00+00:00,1.7544365649528961
2019-03-21 15:30:00+00:00,1.6915866669404271
2019-03-21 16:00:00+00:00,1.6901952070293427
2019-03-21 16:30:00+00:00,1.5868731197567547
2019-03-21 17:00:00+00:00,0.8896189883964435
2019-03-21 17:30:00+00:00,0.8448860266064542
2019-03-21 18:00:00+00:00,0.8457691553723162
2019-03-21 18:30:00+00:00,0.10844666673841126
2019-03-21 19:00:00+00:00,-0.39186786574553895
2019-03-21 19:30:00+00:00,-0.5018410514886986
2019-03-21 20:00:00+00:00,-0.6978127717435654
2019-03-21 20:30:00+00:00,-0.7225878809620214
2019-03-21 21:00:00+00:00,-0.6161798568854514
2019-03-21 21:30:00+00:00,-0.7638221777115393
2019-03-21 22:00:00+00:00,-1.022416363386296
2019-03-21 22:30:00+00:00,-1.1004246632433319
2019-03-21 23:00:00+00:00,-0.6182072127504551
2019-03-21 23:30:00+00:00,-0.5581897436659061
2019-03-22 00:00:00+00:00,-0.5681089461881085
2019-03-22 00:30:00+00:00,-0.6937993352400058
2019-03-22 01:00:00+00:00,-0.8876811862952881
2019-03-22 01:30:00+00:00,-0.9444638151790432
2019-03-22 02:00:00+00:00,-0.9321716848180925
2019-03-22 02:30:00+00:00,-0.9057419299032504
2019-03-22 03:00:00+00:00,-1.0069698193908312
2019-03-22 03:30:00+00:00,-1.0312254016721756
2019-03-22 04:00:00+00:00,-1.0989679453300474
2019-03-22 04:30:00+00:00,-1.0935172789840701
2019-03-22 05:00:00+00:00,-1.1006633393415595
2019-03-22 05:30:00+00:00,-1.1012012501133315
2019-03-22 06:00:00+00:00,-1.0997275705962108
2019-03-22 06:30:00+00:00,-1.0999162351740706
2019-03-22 07:00:00+00:00,-1.1001048997519307
2019-03-22 07:30:00+00:00,-1.1001048997519307
2019-03-22 08:00:00+00:00,-1.1001048997519307
2019-03-22 08:30:00+00:00,-1.1001048997519307
2019-03-22 09:00:00+00:00,-1.1008595580633709
2019-03-22 09:30:00+00:00,-1.0994866497644429
2019-03-22 10:00:00+00:00,-1.0955694863635324
2019-03-22 10:30:00+00:00,-1.027122666594996
2019-03-22 11:00:00+00:00,-0.9586758468264597
2019-03-22 11:30:00+00:00,-0.9503335208764019
2019-03-22 12:00:00+00:00,-0.31470912616457897
2019-03-22 12:30:00+00:00,-0.5404563255395527
2019-03-22 13:00:00+00:00,-0.4425830269624329
2019-03-22 13:30:00+00:00,-0.41961035606544234
2019-03-22 14:00:00+00:00,-0.3856486564474584
2019-03-22 14:30:00+00:00,0.5468958917869562
2019-03-22 15:00:00+00:00,1.0514134215569837
2019-03-22 15:30:00+00:00,1.1690184043870386
2019-03-22 16:00:00+00:00,1.3696885877006648
2019-03-22 16:30:00+00:00,0.798824252356439
2019-03-22 17:00:00+00:00,1.2325681797865733
2019-03-22 17:30:00+00:00,0.93415470695274
2019-03-22 18:00:00+00:00,0.8448465777145763
2019-03-22 18:30:00+00:00,0.9750597412457778
2019-03-22 19:00:00+00:00,0.5682961527031957
2019-03-22 19:30:00+00:00,0.593522038717513
2019-03-22 20:00:00+00:00,0.2892164176271511
2019-03-22 20:30:00+00:00,0.12620627959319936
2019-03-22 21:00:00+00:00,-0.3078097492009772
2019-03-22 21:30:00+00:00,-0.4539599359572505
2019-03-22 22:00:00+00:00,-0.9725729602528874
2019-03-22 22:30:00+00:00,-0.953374032963708
2019-03-22 23:00:00+00:00,-0.905821730278952
2019-03-22 23:30:00+00:00,-0.9466279665353905
2019-03-23 00:00:00+00:00,-0.9851199519454097
2019-03-23 00:30:00+00:00,-1.0930326772889971
2019-03-23 01:00:00+00:00,-1.0920140430742653
2019-03-23 01:30:00+00:00,-1.1040477590851927
2019-03-23 02:00:00+00:00,-1.1001645083239182
2019-03-23 02:30:00+00:00,-0.9819002549075577
2019-03-23 03:00:00+00:00,-1.0913592048421867
2019-03-23 03:30:00+00:00,-1.102122662665637
2019-03-23 04:00:00+00:00,-1.099618361160604
2019-03-23 04:30:00+00:00,-1.1010570663774388
2019-03-23 05:00:00+00:00,-1.1012817369637125
2019-03-23 05:30:00+00:00,-1.1015064075499863
2019-03-23 06:00:00+00:00,-1.1015064075499863
2019-03-23 06:30:00+00:00,-1.1015064075499863
2019-03-23 07:00:00+00:00,-1.1021804193088074
2019-03-23 07:30:00+00:00,-1.1002866614214895
2019-03-23 08:00:00+00:00,-1.0905490459470495
2019-03-23 08:30:00+00:00,-0.6787370046457684
2019-03-23 09:00:00+00:00,-1.015785360998314
2019-03-23 09:30:00+00:00,-0.9123572489245372
2019-03-23 10:00:00+00:00,-0.46018835086778753
2019-03-23 10:30:00+00:00,-1.0448318274004789
2019-03-23 11:00:00+00:00,-0.5690914816919902
2019-03-23 11:30:00+00:00,-0.7127448668547882
2019-03-23 12:00:00+00:00,-0.8524421825544477
2019-03-23 12:30:00+00:00,-0.8925008582634313
2019-03-23 13:00:00+00:00,-0.8216958897230316
2019-03-23 13:30:00+00:00,-0.9497806086966473
2019-03-23 14:00:00+00:00,-0.8021412791290318
2019-03-23 14:30:00+00:00,-0.07579421094978363
2019-03-23 15:00:00+00:00,0.3561315800256669
2019-03-23 15:30:00+00:00,0.8216818844298293
2019-03-23 16:00:00+00:00,1.242483396332804
2019-03-23 16:30:00+00:00,0.9785994014756653
2019-03-23 17:00:00+00:00,0.9872469219275252
2019-03-23 17:30:00+00:00,0.7741829533119219
2019-03-23 18:00:00+00:00,0.5611189846963185
2019-03-23 18:30:00+00:00,0.23023069719643954
2019-03-23 19:00:00+00:00,-0.012997779931032676
2019-03-23 19:30:00+00:00,-0.21019368989738102
2019-03-23 20:00:00+00:00,-0.5290462781416602
2019-03-23 20:30:00+00:00,-0.5031325951517152
2019-03-23 21:00:00+00:00,-0.6208613135330577
2019-03-23 21:30:00+00:00,-0.7614262353060783
2019-03-23 22:00:00+00:00,-0.9301280822995139
2019-03-23 22:30:00+00:00,-1.0009290307137144
2019-03-23 23:00:00+00:00,-1.069618240776858
2019-03-23 23:30:00+00:00,-1.0949812318968173
2019-03-24 00:00:00+00:00,-1.1003277514094578
2019-03-24 00:30:00+00:00,-1.1002271864182964
2019-03-24 01:00:00+00:00,-1.0999680450733347
2019-03-24 01:30:00+00:00,-1.100590185303338
2019-03-24 02:00:00+00:00,-1.1003278324862686
2019-03-24 02:30:00+00:00,-1.0999360978955508
2019-03-24 03:00:00+00:00,-1.0999240266324446
2019-03-24 03:30:00+00:00,-1.0999119553693384
2019-03-24 04:00:00+00:00,-1.0999119553693384
2019-03-24 04:30:00+00:00,-1.099887812843126
2019-03-24 05:00:00+00:00,-1.1001847586002067
2019-03-24 05:30:00+00:00,-1.1004817043572874
2019-03-24 06:00:00+00:00,-1.102995789529546
2019-03-24 06:30:00+00:00,-1.1055098747018044
2019-03-24 07:00:00+00:00,-0.872034751120699
2019-03-24 07:30:00+00:00,-0.9779560378440032
2019-03-24 08:00:00+00:00,-0.7184993554005353
2019-03-24 08:30:00+00:00,-1.099642127148804
2019-03-24 09:00:00+00:00,-1.0626071565169448
2019-03-24 09:30:00+00:00,-0.5936700206940149
2019-03-24 10:00:00+00:00,-0.6721824861520149
2019-03-24 10:30:00+00:00,-0.8701627086428931
2019-03-24 11:00:00+00:00,-0.8992888125042547
2019-03-24 11:30:00+00:00,-0.7863252841752945
2019-03-24 12:00:00+00:00,-0.5170114206874038
2019-03-24 12:30:00+00:00,-0.2904005544332671
2019-03-24 13:00:00+00:00,-0.11887022135667892
2019-03-24 13:30:00+00:00,0.8049844804857098
2019-03-24 14:00:00+00:00,1.3075661846154032
2019-03-24 14:30:00+00:00,1.5874820605932825
2019-03-24 15:00:00+00:00,1.738943211526912
2019-03-24 15:30:00+00:00,1.6332406831724373
2019-03-24 16:00:00+00:00,0.7372005139789342
2019-03-24 16:30:00+00:00,0.698874095495603
2019-03-24 17:00:00+00:00,0.1869771220336547
2019-03-24 17:30:00+00:00,-0.20097921607634125
2019-03-24 18:00:00+00:00,0.30813431315409506
2019-03-24 18:30:00+00:00,-0.053145374032878515
2019-03-24 19:00:00+00:00,0.15138546056682112
2019-03-24 19:30:00+00:00,-0.12217867387942578
2019-03-24 20:00:00+00:00,-0.5187753714685162
2019-03-24 20:30:00+00:00,-0.5880729595825367
2019-03-24 21:00:00+00:00,-0.6325838994403218
2019-03-24 21:30:00+00:00,-0.6554981760921617
2019-03-24 22:00:00+00:00,-0.519848679028914
2019-03-24 22:30:00+00:00,-0.30304320352796144
2019-03-24 23:00:00+00:00,-0.7165599372382621
2019-03-24 23:30:00+00:00,-0.6188902296500091
2019-03-25 00:00:00+00:00,-0.669082787588411
2019-03-25 00:30:00+00:00,-0.6642586478556398
2019-03-25 01:00:00+00:00,-0.804977437848422
2019-03-25 01:30:00+00:00,-0.9941105896556053
2019-03-25 02:00:00+00:00,-1.0893865553823872
2019-03-25 02:30:00+00:00,-1.1001551084768857
2019-03-25 03:00:00+00:00,-1.099972633899736
2019-03-25 03:30:00+00:00,-1.1002582318016838
2019-03-25 04:00:00+00:00,-1.1005438297036318
2019-03-25 04:30:00+00:00,-0.9452870930220904
2019-03-25 05:00:00+00:00,-1.0055748399655426
2019-03-25 05:30:00+00:00,-0.9745950716466802
2019-03-25 06:00:00+00:00,-0.7737353321140085
2019-03-25 06:30:00+00:00,-0.3666158288692624
2019-03-25 07:00:00+00:00,-0.7799071491449264
2019-03-25 07:30:00+00:00,-0.36981415513013083
2019-03-25 08:00:00+00:00,-0.44976620321276456
2019-03-25 08:30:00+00:00,-0.37673835148315554
2019-03-25 09:00:00+00:00,-0.24539344252355688
2019-03-25 09:30:00+00:00,-0.014553911675143525
2019-03-25 10:00:00+00:00,-0.29433080074545337
2019-03-25 10:30:00+00:00,-0.001028320040597071
2019-03-25 11:00:00+00:00,0.13397249518315058
2019-03-25 11:30:00+00:00,0.1553433292073456
2019-03-25 12:00:00+00:00,0.048913725311661306
2019-03-25 12:30:00+00:00,-0.16708001043253312
2019-03-25 13:00:00+00:00,-0.29535552680445537
2019-03-25 13:30:00+00:00,-0.06594679646603689
2019-03-25 14:00:00+00:00,0.007219248780726285
2019-03-25 14:30:00+00:00,0.4692735238986336
2019-03-25 15:00:00+00:00,0.47295514548724
2019-03-25 15:30:00+00:00,0.39452143059237815
2019-03-25 16:00:00+00:00,0.391216522175419
2019-03-25 16:30:00+00:00,0.319406098601907
2019-03-25 17:00:00+00:00,0.15921567322854974
2019-03-25 17:30:00+00:00,0.30992665401343306
2019-03-25 18:00:00+00:00,-0.26023495412171804
2019-03-25 18:30:00+00:00,-0.5369431099393563
2019-03-25 19:00:00+00:00,-0.6767504758224095
2019-03-25 19:30:00+00:00,-0.9762431137402072
2019-03-25 20:00:00+00:00,-0.8610050844366165
2019-03-25 20:30:00+00:00,-0.9520602067514247
2019-03-25 21:00:00+00:00,-1.034538279354487
2019-03-25 21:30:00+00:00,-0.958285928879794
2019-03-25 22:00:00+00:00,-1.0135062986301042
2019-03-25 22:30:00+00:00,-0.8190621999351954
2019-03-25 23:00:00+00:00,-0.8561912738670646
2019-03-25 23:30:00+00:00,-0.7475185771962776
2019-03-26 00:00:00+00:00,-0.5939646785991741
2019-03-26 00:30:00+00:00,-0.9908729768672541
2019-03-26 01:00:00+00:00,-0.7925572005146686
2019-03-26 01:30:00+00:00,-0.8868111914407085
2019-03-26 02:00:00+00:00,-1.0760691900446917
2019-03-26 02:30:00+00:00,-0.9784267235413772
2019-03-26 03:00:00+00:00,-0.8585415599607926
2019-03-26 03:30:00+00:00,-0.8092702499788702
2019-03-26 04:00:00+00:00,-1.081004684795976
2019-03-26 04:30:00+00:00,-1.1052276187569994
2019-03-26 05:00:00+00:00,-1.1027060202402834
2019-03-26 05:30:00+00:00,-1.0386976301678765
2019-03-26 06:00:00+00:00,-1.0061931411780487
2019-03-26 06:30:00+00:00,-1.0057151684061312
2019-03-26 07:00:00+00:00,-0.6177989919450682
2019-03-26 07:30:00+00:00,-0.7595053327317751
2019-03-26 08:00:00+00:00,-0.5274470802356642
2019-03-26 08:30:00+00:00,-0.6344571703018187
2019-03-26 09:00:00+00:00,-0.22584682914602258
2019-03-26 09:30:00+00:00,-0.25122925876404206
2019-03-26 10:00:00+00:00,-0.232987797082408
2019-03-26 10:30:00+00:00,-0.38060585917833684
2019-03-26 11:00:00+00:00,-0.2379851490847467
2019-03-26 11:30:00+00:00,-0.1503314487251003
2019-03-26 12:00:00+00:00,-0.2874686022581091
2019-03-26 12:30:00+00:00,0.03818016176903395
2019-03-26 13:00:00+00:00,-0.24086079432408414
2019-03-26 13:30:00+00:00,0.42473687922147063
2019-03-26 14:00:00+00:00,0.39489208923648844
2019-03-26 14:30:00+00:00,0.3111068013401143
2019-03-26 15:00:00+00:00,0.837383395265931
2019-03-26 15:30:00+00:00,0.8809569393256553
2019-03-26 16:00:00+00:00,0.6916926218059855
2019-03-26 16:30:00+00:00,-0.24177116062140372
2019-03-26 17:00:00+00:00,-0.5757118545530336
2019-03-26 17:30:00+00:00,-0.393259641562549
2019-03-26 18:00:00+00:00,-0.5255767629207956
2019-03-26 18:30:00+00:00,-0.5155305227269276
2019-03-26 19:00:00+00:00,-0.534441422575738
2019-03-26 19:30:00+00:00,-0.35962893371602606
2019-03-26 20:00:00+00:00,-0.31037247956483927
2019-03-26 20:30:00+00:00,-0.4684551462829093
2019-03-26 21:00:00+00:00,-0.3771459381313346
2019-03-26 21:30:00+00:00,-0.15741741172105256
2019-03-26 22:00:00+00:00,-0.10149949137902588
2019-03-26 22:30:00+00:00,-0.418510599195039
2019-03-26 23:00:00+00:00,-0.5334029551103646
2019-03-26 23:30:00+00:00,-0.3495967453763585
2019-03-27 00:00:00+00:00,-0.2920078856947986
2019-03-27 00:30:00+00:00,-0.21800915360372006
2019-03-27 01:00:00+00:00,-0.4914400863793133
2019-03-27 01:30:00+00:00,-0.9344418954770413
2019-03-27 02:00:00+00:00,-1.0179158000323953
2019-03-27 02:30:00+00:00,-1.1013897045877494
2019-03-27 03:00:00+00:00,-1.1005154713429488
2019-03-27 03:30:00+00:00,-1.0319863182858056
2019-03-27 04:00:00+00:00,-1.0804801897633196
2019-03-27 04:30:00+00:00,-1.0520981106940464
2019-03-27 05:00:00+00:00,-1.0839127469273953
2019-03-27 05:30:00+00:00,-1.0996489580390243
2019-03-27 06:00:00+00:00,-1.0959141877014615
2019-03-27 06:30:00+00:00,-1.0975424774601266
2019-03-27 07:00:00+00:00,-1.0991707672187918
2019-03-27 07:30:00+00:00,-1.1007990569774568
2019-03-27 08:00:00+00:00,-1.064053900325328
2019-03-27 08:30:00+00:00,-0.9936016182748029
2019-03-27 09:00:00+00:00,-0.590217440687186
2019-03-27 09:30:00+00:00,-1.0563504312726513
2019-03-27 10:00:00+00:00,-1.0897701244282156
2019-03-27 10:30:00+00:00,-0.6734291050636239
2019-03-27 11:00:00+00:00,-0.857066392006515
2019-03-27 11:30:00+00:00,-0.8448880592388446
2019-03-27 12:00:00+00:00,-1.0130341693241187
2019-03-27 12:30:00+00:00,-0.8645797256940535
2019-03-27 13:00:00+00:00,-0.9815488376144607
2019-03-27 13:30:00+00:00,-1.0148902186981985
2019-03-27 14:00:00+00:00,0.14973173581358784
2019-03-27 14:30:00+00:00,0.5329181353820814
2019-03-27 15:00:00+00:00,0.8801770918081918
2019-03-27 15:30:00+00:00,0.8832000452130233
2019-03-27 16:00:00+00:00,0.9486500739159787
2019-03-27 16:30:00+00:00,0.1511929283097699
2019-03-27 17:00:00+00:00,1.4758300479286768
2019-03-27 17:30:00+00:00,0.8795992319758389
2019-03-27 18:00:00+00:00,0.7640174384825513
2019-03-27 18:30:00+00:00,0.6191154030411428
2019-03-27 19:00:00+00:00,0.22094505365847608
2019-03-27 19:30:00+00:00,-0.15555957028264514
2019-03-27 20:00:00+00:00,-0.14906893633891888
2019-03-27 20:30:00+00:00,-0.4834219888444621
2019-03-27 21:00:00+00:00,-0.39424980810403193
2019-03-27 21:30:00+00:00,1.6813754892463237
2019-03-27 22:00:00+00:00,1.7496620083176682
2019-03-27 22:30:00+00:00,0.5263245844760364
2019-03-27 23:00:00+00:00,0.7942032361874288
2019-03-27 23:30:00+00:00,1.0731203647529977
2019-03-28 00:00:00+00:00,-0.9178399439415313
2019-03-28 00:30:00+00:00,-1.1009443208193233
2019-03-28 01:00:00+00:00,-0.7151437246005424
2019-03-28 01:30:00+00:00,-0.9319365890588106
2019-03-28 02:00:00+00:00,-1.0996526228417294
2019-03-28 02:30:00+00:00,-1.0998420888587277
2019-03-28 03:00:00+00:00,-1.100031554875726
2019-03-28 03:30:00+00:00,-1.100242401986652
2019-03-28 04:00:00+00:00,-1.100453249097578
2019-03-28 04:30:00+00:00,-1.100110426082686
2019-03-28 05:00:00+00:00,-1.0997676030677939
2019-03-28 05:30:00+00:00,-1.0996271548174483
2019-03-28 06:00:00+00:00,-1.0996858776963792
2019-03-28 06:30:00+00:00,-1.0997446005753102
2019-03-28 07:00:00+00:00,-1.09770604921713
2019-03-28 07:30:00+00:00,-1.0956674978589496
2019-03-28 08:00:00+00:00,-0.8906556243524328
2019-03-28 08:30:00+00:00,-0.9877112318319801
2019-03-28 09:00:00+00:00,-1.101076143738037
2019-03-28 09:30:00+00:00,-1.0306925618870442
2019-03-28 10:00:00+00:00,-0.7679571320087853
2019-03-28 10:30:00+00:00,-0.7860234247464788
2019-03-28 11:00:00+00:00,-0.6164500005303634
2019-03-28 11:30:00+00:00,-0.5434205892550931
2019-03-28 12:00:00+00:00,-0.9707945071501399
2019-03-28 12:30:00+00:00,-1.0823756512130356
2019-03-28 13:00:00+00:00,-1.0570199921645536
2019-03-28 13:30:00+00:00,-1.1011195648343157
2019-03-28 14:00:00+00:00,-1.0711789808493564
2019-03-28 14:30:00+00:00,-0.3034432650464677
2019-03-28 15:00:00+00:00,0.5854141423614849
2019-03-28 15:30:00+00:00,0.9090891137217203
2019-03-28 16:00:00+00:00,0.9477341047317264
2019-03-28 16:30:00+00:00,0.7337479705512492
2019-03-28 17:00:00+00:00,0.2937007305544261
2019-03-28 17:30:00+00:00,0.13782435994155584
2019-03-28 18:00:00+00:00,0.03879936683835921
2019-03-28 18:30:00+00:00,-0.15328740396060545
2019-03-28 19:00:00+00:00,-0.17209380154355358
2019-03-28 19:30:00+00:00,-0.5087761771426955
2019-03-28 20:00:00+00:00,0.017707042954884764
2019-03-28 20:30:00+00:00,-0.35018884038488424
2019-03-28 21:00:00+00:00,-0.04354739883096721
2019-03-28 21:30:00+00:00,-0.33390067162781706
2019-03-28 22:00:00+00:00,-0.6397485402477496
2019-03-28 22:30:00+00:00,-0.8768429648891034
2019-03-28 23:00:00+00:00,-1.0190764658416316
2019-03-28 23:30:00+00:00,-1.100325751011433
2019-03-29 00:00:00+00:00,-1.0868122447824802
2019-03-29 00:30:00+00:00,-1.1054292788788376
2019-03-29 01:00:00+00:00,-1.1015822917742548
2019-03-29 01:30:00+00:00,-1.1007710086325386
2019-03-29 02:00:00+00:00,-1.099857025638804
2019-03-29 02:30:00+00:00,-1.10022934759598
2019-03-29 03:00:00+00:00,-1.100601669553156
2019-03-29 03:30:00+00:00,-1.10064729104647
2019-03-29 04:00:00+00:00,-1.1016016756761728
2019-03-29 04:30:00+00:00,-1.1007563236065725
2019-03-29 05:00:00+00:00,-1.1006723413682942
2019-03-29 05:30:00+00:00,-1.1005883591300156
2019-03-29 06:00:00+00:00,-1.1015067446201707
2019-03-29 06:30:00+00:00,-1.1024251301103258
2019-03-29 07:00:00+00:00,-1.103343515600481
2019-03-29 07:30:00+00:00,-1.102147852775676
2019-03-29 08:00:00+00:00,-1.1009521899508712
2019-03-29 08:30:00+00:00,-1.0502370151177882
2019-03-29 09:00:00+00:00,-0.8610271404043459
2019-03-29 09:30:00+00:00,-1.0563838970277732
2019-03-29 10:00:00+00:00,-0.9638904636488053
2019-03-29 10:30:00+00:00,-0.8643224141785012
2019-03-29 11:00:00+00:00,-0.8989467427483352
2019-03-29 11:30:00+00:00,-1.0165609597025271
2019-03-29 12:00:00+00:00,-0.7241866378555475
2019-03-29 12:30:00+00:00,-0.8079769868321086
2019-03-29 13:00:00+00:00,-0.751340371335242
2019-03-29 13:30:00+00:00,-0.6543358038423689
2019-03-29 14:00:00+00:00,-0.30585342101606194
2019-03-29 14:30:00+00:00,0.29346435677330673
2019-03-29 15:00:00+00:00,0.3162492468863509
2019-03-29 15:30:00+00:00,0.504450907558206
2019-03-29 16:00:00+00:00,-0.09367767318232821
2019-03-29 16:30:00+00:00,0.19312608024122158
2019-03-29 17:00:00+00:00,0.04706844641111804
2019-03-29 17:30:00+00:00,0.5442483106272165
2019-03-29 18:00:00+00:00,-0.5295695885839371
2019-03-29 18:30:00+00:00,-0.6644712556099808
2019-03-29 19:00:00+00:00,-0.7838728013635575
2019-03-29 19:30:00+00:00,-0.7428632429096568
2019-03-29 20:00:00+00:00,-0.6882267238843411
2019-03-29 20:30:00+00:00,-0.8269467712670062
2019-03-29 21:00:00+00:00,-0.9373748200187213
2019-03-29 21:30:00+00:00,-0.8502867565032358
2019-03-29 22:00:00+00:00,-0.8276060699919423
2019-03-29 22:30:00+00:00,-0.9845744490021645
2019-03-29 23:00:00+00:00,-1.0849554796011605
2019-03-29 23:30:00+00:00,-0.9704202668945358
2019-03-30 00:00:00+00:00,-0.9965272920021159
2019-03-30 00:30:00+00:00,-1.1011084203870223
2019-03-30 01:00:00+00:00,-1.0998609918418247
2019-03-30 01:30:00+00:00,-1.1001071080721974
2019-03-30 02:00:00+00:00,-1.0999939002956771
2019-03-30 02:30:00+00:00,-1.0997962662625524
2019-03-30 03:00:00+00:00,-1.1001849016485092
2019-03-30 03:30:00+00:00,-1.1009325096337295
2019-03-30 04:00:00+00:00,-0.9687943485506756
2019-03-30 04:30:00+00:00,-0.8669270958835672
2019-03-30 05:00:00+00:00,-1.040791570111458
2019-03-30 05:30:00+00:00,-1.098076484037996
2019-03-30 06:00:00+00:00,-1.1032750529399273
2019-03-30 06:30:00+00:00,-1.0865996091247314
2019-03-30 07:00:00+00:00,-1.0699241653095355
2019-03-30 07:30:00+00:00,-1.0532487214943393
2019-03-30 08:00:00+00:00,-1.0737709388894803
2019-03-30 08:30:00+00:00,-0.8208897112597955
2019-03-30 09:00:00+00:00,-0.06549100714980426
2019-03-30 09:30:00+00:00,-0.20117253807495666
2019-03-30 10:00:00+00:00,-0.05789765520739855
2019-03-30 10:30:00+00:00,-0.08100552653847534
2019-03-30 11:00:00+00:00,-0.17219078543499663
2019-03-30 11:30:00+00:00,-0.41260148259639834
2019-03-30 12:00:00+00:00,-0.7117011166910477
2019-03-30 12:30:00+00:00,-0.7266741984695697
2019-03-30 13:00:00+00:00,-0.9195213066192446
2019-03-30 13:30:00+00:00,0.4119653148691659
2019-03-30 14:00:00+00:00,0.5200190081076099
2019-03-30 14:30:00+00:00,0.5740967286817772
2019-03-30 15:00:00+00:00,0.810195326391088
2019-03-30 15:30:00+00:00,0.9240191978970017
2019-03-30 16:00:00+00:00,0.24822012477488553
2019-03-30 16:30:00+00:00,0.5408977823466051
2019-03-30 17:00:00+00:00,0.9462393525984948
2019-03-30 17:30:00+00:00,1.4652859664476228
2019-03-30 18:00:00+00:00,1.2635691632492634
2019-03-30 18:30:00+00:00,1.0944736859704263
2019-03-30 19:00:00+00:00,0.46337491555962684
2019-03-30 19:30:00+00:00,0.15635359215972625
2019-03-30 20:00:00+00:00,0.36400300802201163
2019-03-30 20:30:00+00:00,0.15266170407767196
2019-03-30 21:00:00+00:00,0.513454597089151
2019-03-30 21:30:00+00:00,0.7704848285006541
2019-03-30 22:00:00+00:00,0.2745993357848236
2019-03-30 22:30:00+00:00,0.15786685615118523
2019-03-30 23:00:00+00:00,-0.6409229684719273
2019-03-30 23:30:00+00:00,-0.9166235643413486
2019-03-31 00:00:00+00:00,-0.7077564139058439
2019-03-31 00:30:00+00:00,-0.478001862131154
2019-03-31 01:00:00+00:00,0.514265344546862
2019-03-31 01:30:00+00:00,1.3782185984594277
2019-03-31 02:00:00+00:00,0.47589906680854765
2019-03-31 02:30:00+00:00,0.2254188403828264
2019-03-31 03:00:00+00:00,0.6393991072361833
2019-03-31 03:30:00+00:00,0.4773519305476426
2019-03-31 04:00:00+00:00,0.03910641159375018
2019-03-31 04:30:00+00:00,-0.4165151303669386
2019-03-31 05:00:00+00:00,-0.6971956279009869
2019-03-31 05:30:00+00:00,-0.7903341824443052
2019-03-31 06:00:00+00:00,-0.9800484565963031
2019-03-31 06:30:00+00:00,-1.0209289854082058
2019-03-31 07:00:00+00:00,-1.0605767945848423
2019-03-31 07:30:00+00:00,-1.100224603761479
2019-03-31 08:00:00+00:00,-1.0826280650405944
2019-03-31 08:30:00+00:00,-1.0780775280179318
2019-03-31 09:00:00+00:00,-1.0735269909952692
2019-03-31 09:30:00+00:00,-1.0735269909952692
2019-03-31 10:00:00+00:00,-1.0644259169499442
2019-03-31 10:30:00+00:00,-1.1066813954519819
2019-03-31 11:00:00+00:00,-1.0547908976007394
2019-03-31 11:30:00+00:00,-1.0584352389918703
2019-03-31 12:00:00+00:00,-0.8324631419847184
2019-03-31 12:30:00+00:00,-0.6064910449775663
2019-03-31 13:00:00+00:00,-0.5844791365980795
2019-03-31 13:30:00+00:00,-0.8786299295464829
2019-03-31 14:00:00+00:00,-0.8329587514102355
2019-03-31 14:30:00+00:00,-0.8276237885609178
2019-03-31 15:00:00+00:00,-0.8899106088348852
2019-03-31 15:30:00+00:00,-0.18672558211966153
2019-03-31 16:00:00+00:00,-0.12427086691034993
2019-03-31 16:30:00+00:00,0.0757766440749973
2019-03-31 17:00:00+00:00,-0.1898955906860187
2019-03-31 17:30:00+00:00,0.26440268294164476
2019-03-31 18:00:00+00:00,0.5828702106485595
2019-03-31 18:30:00+00:00,0.2436065368154144
2019-03-31 19:00:00+00:00,-0.11593401654482398
2019-03-31 19:30:00+00:00,-0.14688623352259234
2019-03-31 20:00:00+00:00,0.21217306383130152
2019-03-31 20:30:00+00:00,0.07088752106709849
2019-03-31 21:00:00+00:00,0.17177807159357833
2019-03-31 21:30:00+00:00,-0.11859568681632084
2019-03-31 22:00:00+00:00,-0.6999580420024983
2019-03-31 22:30:00+00:00,-0.5363317070433362
2019-03-31 23:00:00+00:00,-0.6142945724864125
2019-03-31 23:30:00+00:00,-1.0470262656779472
2019-04-01 00:00:00+00:00,-1.1000850279189798
2019-04-01 00:30:00+00:00,-1.0999774210464168
2019-04-01 01:00:00+00:00,-1.0913030811799278
2019-04-01 01:30:00+00:00,-1.1042401565262472
2019-04-01 02:00:00+00:00,-1.1018654600293392
2019-04-01 02:30:00+00:00,-1.0994907635324316
2019-04-01 03:00:00+00:00,-1.1004775283403618
2019-04-01 03:30:00+00:00,-1.051864738967253
2019-04-01 04:00:00+00:00,-1.1045244927014746
2019-04-01 04:30:00+00:00,-1.104405636441399
2019-04-01 05:00:00+00:00,-1.1042867801813232
2019-04-01 05:30:00+00:00,-1.1042867801813232
2019-04-01 06:00:00+00:00,-1.1040490676611718
2019-04-01 06:30:00+00:00,-1.0868897218922786
2019-04-01 07:00:00+00:00,-1.0697303761233858
2019-04-01 07:30:00+00:00,-1.0146938885514087
2019-04-01 08:00:00+00:00,-1.1029166847225893
2019-04-01 08:30:00+00:00,-1.1020969538116503
2019-04-01 09:00:00+00:00,-1.101277222900711
2019-04-01 09:30:00+00:00,-1.100457491989772
2019-04-01 10:00:00+00:00,-1.101809392499238
2019-04-01 10:30:00+00:00,-1.1018073781492876
2019-04-01 11:00:00+00:00,-1.101805363799337
2019-04-01 11:30:00+00:00,-1.101805363799337
2019-04-01 12:00:00+00:00,-1.1018013350994362
2019-04-01 12:30:00+00:00,-1.1003534807921296
2019-04-01 13:00:00+00:00,-0.6409452280470975
2019-04-01 13:30:00+00:00,-0.7684772392857243
2019-04-01 14:00:00+00:00,-0.24773702135153383
2019-04-01 14:30:00+00:00,0.8033240044248747
2019-04-01 15:00:00+00:00,1.426682353546386
2019-04-01 15:30:00+00:00,1.3701538551525676
2019-04-01 16:00:00+00:00,1.313625356758749
2019-04-01 16:30:00+00:00,0.9672819686158453
2019-04-01 17:00:00+00:00,0.799328327445629
2019-04-01 17:30:00+00:00,0.011270394283612473
2019-04-01 18:00:00+00:00,0.011406356445383993
2019-04-01 18:30:00+00:00,-0.007941099023232789
2019-04-01 19:00:00+00:00,0.006012383955907399
2019-04-01 19:30:00+00:00,-0.38053345738547883
2019-04-01 20:00:00+00:00,-0.6155607809658008
2019-04-01 20:30:00+00:00,-0.7058018134176837
2019-04-01 21:00:00+00:00,-0.7930393143574331
2019-04-01 21:30:00+00:00,-0.9197178557882283
2019-04-01 22:00:00+00:00,-0.5842126939360138
2019-04-01 22:30:00+00:00,-0.8712329543801702
2019-04-01 23:00:00+00:00,-1.0460220910673461
2019-04-01 23:30:00+00:00,-1.1001197887198426
2019-04-02 00:00:00+00:00,-1.100257154056745
2019-04-02 00:30:00+00:00,-1.1005293282662092
2019-04-02 01:00:00+00:00,-1.0998753508563632
2019-04-02 01:30:00+00:00,-1.1006599515285775
2019-04-02 02:00:00+00:00,-1.1001401814614231
2019-04-02 02:30:00+00:00,-1.031319105560761
2019-04-02 03:00:00+00:00,-1.013082004287132
2019-04-02 03:30:00+00:00,-1.0343842745928244
2019-04-02 04:00:00+00:00,-1.0632111742522412
2019-04-02 04:30:00+00:00,-1.0566970025494309
2019-04-02 05:00:00+00:00,-1.1020929848857877
2019-04-02 05:30:00+00:00,-1.100704716244001
2019-04-02 06:00:00+00:00,-1.1002127089558607
2019-04-02 06:30:00+00:00,-1.0997207016677204
2019-04-02 07:00:00+00:00,-0.9616326405554911
2019-04-02 07:30:00+00:00,-1.032788459042656
2019-04-02 08:00:00+00:00,-1.1039442775298205
2019-04-02 08:30:00+00:00,-1.049993226013333
2019-04-02 09:00:00+00:00,-1.1037601039407368
2019-04-02 09:30:00+00:00,-1.1041760129182185
2019-04-02 10:00:00+00:00,-1.1045919218957008
2019-04-02 10:30:00+00:00,-1.0966306640052759
2019-04-02 11:00:00+00:00,-1.0760545922542792
2019-04-02 11:30:00+00:00,-0.8231490013673664
2019-04-02 12:00:00+00:00,-1.0252582166429631
2019-04-02 12:30:00+00:00,-0.978192940788152
2019-04-02 13:00:00+00:00,-0.6761596665086589
2019-04-02 13:30:00+00:00,-0.598374408817217
2019-04-02 14:00:00+00:00,-0.23654857480275204
2019-04-02 14:30:00+00:00,0.05915272069949153
2019-04-02 15:00:00+00:00,-0.2540724260767862
2019-04-02 15:30:00+00:00,-0.121944590109847
2019-04-02 16:00:00+00:00,-0.13674070118375325
2019-04-02 16:30:00+00:00,-0.37971431014002677
2019-04-02 17:00:00+00:00,-0.30972625782180996
2019-04-02 17:30:00+00:00,-0.22373184419546469
2019-04-02 18:00:00+00:00,-0.4364224559466012
2019-04-02 18:30:00+00:00,-0.2895502705114982
2019-04-02 19:00:00+00:00,-0.5971144896725605
2019-04-02 19:30:00+00:00,-0.6677063075588153
2019-04-02 20:00:00+00:00,-0.7109988219277252
2019-04-02 20:30:00+00:00,-0.69306570201851
2019-04-02 21:00:00+00:00,-0.7094646303387997
2019-04-02 21:30:00+00:00,-0.7258635586590894
2019-04-02 22:00:00+00:00,-0.8961358455672387
2019-04-02 22:30:00+00:00,-1.0998331175385263
2019-04-02 23:00:00+00:00,-1.1000749552182518
2019-04-02 23:30:00+00:00,-1.1003167928979776
2019-04-03 00:00:00+00:00,-1.1005581596052385
2019-04-03 00:30:00+00:00,-1.0603737047375617
2019-04-03 01:00:00+00:00,-1.1043372679053245
2019-04-03 01:30:00+00:00,-1.101389753640197
2019-04-03 02:00:00+00:00,-1.1000122619912396
2019-04-03 02:30:00+00:00,-1.1005913297833656
2019-04-03 03:00:00+00:00,-1.1007337274961502
2019-04-03 03:30:00+00:00,-1.0723222844477414
2019-04-03 04:00:00+00:00,-1.0439108413993328
2019-04-03 04:30:00+00:00,-1.0439108413993328
2019-04-03 05:00:00+00:00,-1.0439108413993328
2019-04-03 05:30:00+00:00,-1.0439108413993328
2019-04-03 06:00:00+00:00,-1.0439108413993328
2019-04-03 06:30:00+00:00,-1.0439108413993328
2019-04-03 07:00:00+00:00,-1.0439108413993328
2019-04-03 07:30:00+00:00,-1.0439108413993328
2019-04-03 08:00:00+00:00,-1.0439108413993328
2019-04-03 08:30:00+00:00,-0.9830291777241713
2019-04-03 09:00:00+00:00,-0.9221475140490097
2019-04-03 09:30:00+00:00,-0.8612658503738483
2019-04-03 10:00:00+00:00,-0.8003841866986868
2019-04-03 10:30:00+00:00,-0.7395025230235253
2019-04-03 11:00:00+00:00,-0.6786208593483638
2019-04-03 11:30:00+00:00,-0.6177391956732023
2019-04-03 12:00:00+00:00,0.7821349266349314
2019-04-03 12:30:00+00:00,0.3289174373303494
2019-04-03 13:00:00+00:00,0.22177260788038725
2019-04-03 13:30:00+00:00,0.7856145548124805
2019-04-03 14:00:00+00:00,1.269377121184865
2019-04-03 14:30:00+00:00,0.556507757060684
2019-04-03 15:00:00+00:00,0.9962280883173615
2019-04-03 15:30:00+00:00,0.9036696262842936
2019-04-03 16:00:00+00:00,0.7103491764857857
2019-04-03 16:30:00+00:00,0.3968851503028605
2019-04-03 17:00:00+00:00,0.5862491923668864
2019-04-03 17:30:00+00:00,0.04438871364553398
2019-04-03 18:00:00+00:00,-0.5973819549099006
2019-04-03 18:30:00+00:00,-0.3816995192280559
2019-04-03 19:00:00+00:00,-0.13428693652262036
2019-04-03 19:30:00+00:00,-0.1305588448934885
2019-04-03 20:00:00+00:00,0.1295744089166914
2019-04-03 20:30:00+00:00,0.6109038618268439
2019-04-03 21:00:00+00:00,-0.035921767849764176
2019-04-03 21:30:00+00:00,-0.11989973795679135
2019-04-03 22:00:00+00:00,-0.4936084100003813
2019-04-03 22:30:00+00:00,0.11183715172117441
2019-04-03 23:00:00+00:00,-0.25673127289088443
2019-04-03 23:30:00+00:00,-1.0019970869116976
2019-04-04 00:00:00+00:00,-1.100891060264251
2019-04-04 00:30:00+00:00,-1.074327280134324
2019-04-04 01:00:00+00:00,-0.9820540100859502
2019-04-04 01:30:00+00:00,-1.0739387725366152
2019-04-04 02:00:00+00:00,-1.1051551347833273
2019-04-04 02:30:00+00:00,-1.1032045381058904
2019-04-04 03:00:00+00:00,-0.9644591239268024
2019-04-04 03:30:00+00:00,-0.8871849067154216
2019-04-04 04:00:00+00:00,-1.0745432609735575
2019-04-04 04:30:00+00:00,-1.0904541324314796
2019-04-04 05:00:00+00:00,-1.1063650038894017
2019-04-04 05:30:00+00:00,-1.1043867457482566
2019-04-04 06:00:00+00:00,-1.0162666144065775
2019-04-04 06:30:00+00:00,-0.9233079264425953
2019-04-04 07:00:00+00:00,-0.7069112586938453
2019-04-04 07:30:00+00:00,-0.4478049760515991
2019-04-04 08:00:00+00:00,-1.0182380292297293
2019-04-04 08:30:00+00:00,-0.9667790417200378
2019-04-04 09:00:00+00:00,-0.6214435178223099
2019-04-04 09:30:00+00:00,-0.5767955442873457
2019-04-04 10:00:00+00:00,-1.020805114832602
2019-04-04 10:30:00+00:00,-0.6128067730327825
2019-04-04 11:00:00+00:00,-0.8052368691092514
2019-04-04 11:30:00+00:00,-0.8668457157273387
2019-04-04 12:00:00+00:00,-0.29113702125080915
2019-04-04 12:30:00+00:00,-0.27969107824605255
2019-04-04 13:00:00+00:00,-0.30880184880712697
2019-04-04 13:30:00+00:00,0.1882379230154698
2019-04-04 14:00:00+00:00,0.05931923233580227
2019-04-04 14:30:00+00:00,0.2805583863822252
2019-04-04 15:00:00+00:00,-0.16438467244615504
2019-04-04 15:30:00+00:00,-0.432981882086439
2019-04-04 16:00:00+00:00,-0.32795401829607856
2019-04-04 16:30:00+00:00,-0.3266531470627544
2019-04-04 17:00:00+00:00,-0.2563571929828509
2019-04-04 17:30:00+00:00,-0.2096664444989057
2019-04-04 18:00:00+00:00,-0.2795841682108138
2019-04-04 18:30:00+00:00,-0.4562599032090246
2019-04-04 19:00:00+00:00,-0.634733867207961
2019-04-04 19:30:00+00:00,-0.8767329231999945
2019-04-04 20:00:00+00:00,-0.6967124850238084
2019-04-04 20:30:00+00:00,-0.4858618918215676
2019-04-04 21:00:00+00:00,-0.696577146636691
2019-04-04 21:30:00+00:00,-0.9670291270972475
2019-04-04 22:00:00+00:00,-1.0186484201261985
2019-04-04 22:30:00+00:00,-0.3170602859455313
2019-04-04 23:00:00+00:00,-0.8430488055701729
2019-04-04 23:30:00+00:00,-0.05166786868331858
2019-04-05 00:00:00+00:00,-0.3112607538300069
2019-04-05 00:30:00+00:00,-0.875065393605764
2019-04-05 01:00:00+00:00,-1.1000502283967748
2019-04-05 01:30:00+00:00,-0.9555665708173815
2019-04-05 02:00:00+00:00,-1.0253347633057135
2019-04-05 02:30:00+00:00,-1.036921848737702
2019-04-05 03:00:00+00:00,-1.0971469659410547
2019-04-05 03:30:00+00:00,-1.1052977024883421
2019-04-05 04:00:00+00:00,-1.1030940698331984
2019-04-05 04:30:00+00:00,-1.1008904371780546
2019-04-05 05:00:00+00:00,-1.1007113637000145
2019-04-05 05:30:00+00:00,-1.1005322902219747
2019-04-05 06:00:00+00:00,-1.100353216743935
2019-04-05 06:30:00+00:00,-0.9605472666969749
2019-04-05 07:00:00+00:00,-1.0021155865883218
2019-04-05 07:30:00+00:00,-1.0436839064796686
2019-04-05 08:00:00+00:00,-1.0181407710291899
2019-04-05 08:30:00+00:00,-0.9389663301906793
2019-04-05 09:00:00+00:00,-0.8597918893521684
2019-04-05 09:30:00+00:00,-0.46476067003918875
2019-04-05 10:00:00+00:00,-0.8495124117763816
2019-04-05 10:30:00+00:00,-0.842278318553899
2019-04-05 11:00:00+00:00,-0.6323194049249422
2019-04-05 11:30:00+00:00,-0.8424790151736776
2019-04-05 12:00:00+00:00,-0.8572291413711978
2019-04-05 12:30:00+00:00,-0.913713151752532
2019-04-05 13:00:00+00:00,-0.5119143450332976
2019-04-05 13:30:00+00:00,-0.5794310878112736
2019-04-05 14:00:00+00:00,-0.32745611709217504
2019-04-05 14:30:00+00:00,0.6091383437268308
2019-04-05 15:00:00+00:00,0.1869699729911024
2019-04-05 15:30:00+00:00,0.15550700946202975
2019-04-05 16:00:00+00:00,-0.3364000032179044
2019-04-05 16:30:00+00:00,-0.4034507108824492
2019-04-05 17:00:00+00:00,-0.4339930461119645
2019-04-05 17:30:00+00:00,-0.49094147332406546
2019-04-05 18:00:00+00:00,-0.7323869993251967
2019-04-05 18:30:00+00:00,-0.7066246587722425
2019-04-05 19:00:00+00:00,-0.6931957590761759
2019-04-05 19:30:00+00:00,-0.8113824274203899
2019-04-05 20:00:00+00:00,-0.8186909049029271
2019-04-05 20:30:00+00:00,-0.46150402626891573
2019-04-05 21:00:00+00:00,-0.714658941031512
2019-04-05 21:30:00+00:00,-0.8697745215900626
2019-04-05 22:00:00+00:00,-1.101065798815771
2019-04-05 22:30:00+00:00,-1.1001293671176564
2019-04-05 23:00:00+00:00,-1.1000331937703984
2019-04-05 23:30:00+00:00,-1.038569239540274
2019-04-06 00:00:00+00:00,-1.071707405641628
2019-04-06 00:30:00+00:00,-1.1019645015110258
2019-04-06 01:00:00+00:00,-1.1001542632402526
2019-04-06 01:30:00+00:00,-1.091904827654739
2019-04-06 02:00:00+00:00,-0.9868161810070206
2019-04-06 02:30:00+00:00,-1.1047832526284105
2019-04-06 03:00:00+00:00,-1.1026173812020792
2019-04-06 03:30:00+00:00,-1.0941353276123413
2019-04-06 04:00:00+00:00,-0.9316212251924643
2019-04-06 04:30:00+00:00,-0.714278937231399
2019-04-06 05:00:00+00:00,-0.8564131222111053
2019-04-06 05:30:00+00:00,-0.9580741162615234
2019-04-06 06:00:00+00:00,-1.029603641565048
2019-04-06 06:30:00+00:00,-1.1011331668685727
2019-04-06 07:00:00+00:00,-1.0667160469744041
2019-04-06 07:30:00+00:00,-1.0475790347185883
2019-04-06 08:00:00+00:00,-1.0284420224627722
2019-04-06 08:30:00+00:00,-1.0373657052563172
2019-04-06 09:00:00+00:00,-1.0689193649316115
2019-04-06 09:30:00+00:00,-1.1004730246069059
2019-04-06 10:00:00+00:00,-0.9791529870505334
2019-04-06 10:30:00+00:00,-1.0226652872223556
2019-04-06 11:00:00+00:00,-0.9867472883555767
2019-04-06 11:30:00+00:00,-1.1042593716229911
2019-04-06 12:00:00+00:00,-0.9308243097761776
2019-04-06 12:30:00+00:00,-0.7452155287191852
2019-04-06 13:00:00+00:00,0.26287855444159536
2019-04-06 13:30:00+00:00,0.6445090263529223
2019-04-06 14:00:00+00:00,-0.3270846790515604
2019-04-06 14:30:00+00:00,-0.49819982379277206
2019-04-06 15:00:00+00:00,-0.3043737663315436
2019-04-06 15:30:00+00:00,0.4214662141555887
2019-04-06 16:00:00+00:00,0.7820118049084046
2019-04-06 16:30:00+00:00,0.15663835047040245
2019-04-06 17:00:00+00:00,-0.31656690110734365
2019-04-06 17:30:00+00:00,-0.30283979990244797
2019-04-06 18:00:00+00:00,-0.18790701405498275
2019-04-06 18:30:00+00:00,-0.3240270390774987
2019-04-06 19:00:00+00:00,-0.7319992223899463
2019-04-06 19:30:00+00:00,-0.48571378654631303
2019-04-06 20:00:00+00:00,-0.4791571162422348
2019-04-06 20:30:00+00:00,-0.4781331366900108
2019-04-06 21:00:00+00:00,-0.36086396351032624
2019-04-06 21:30:00+00:00,-0.517825664926369
2019-04-06 22:00:00+00:00,-0.7957222457114016
2019-04-06 22:30:00+00:00,-0.39748746966003534
2019-04-06 23:00:00+00:00,-0.46371594358004364
2019-04-06 23:30:00+00:00,-0.1392782520068997
2019-04-07 00:00:00+00:00,-0.005622696364921372
2019-04-07 00:30:00+00:00,0.1836405176559208
2019-04-07 01:00:00+00:00,0.4970588974974989
2019-04-07 01:30:00+00:00,0.38902418170467457
2019-04-07 02:00:00+00:00,0.0061224314918915355
2019-04-07 02:30:00+00:00,-0.6444280593339163
2019-04-07 03:00:00+00:00,-0.980145700982206
2019-04-07 03:30:00+00:00,-0.7183764092215876
2019-04-07 04:00:00+00:00,-0.9575675026552546
2019-04-07 04:30:00+00:00,-1.0988511870263968
2019-04-07 05:00:00+00:00,-1.1040384055370231
2019-04-07 05:30:00+00:00,-1.0866690218576343
2019-04-07 06:00:00+00:00,-1.1062515695932005
2019-04-07 06:30:00+00:00,-1.1052762624429326
2019-04-07 07:00:00+00:00,-1.1007861187687065
2019-04-07 07:30:00+00:00,-1.0325428348319015
2019-04-07 08:00:00+00:00,-0.9642995508950969
2019-04-07 08:30:00+00:00,-1.075121815210388
2019-04-07 09:00:00+00:00,-0.8624736986174292
2019-04-07 09:30:00+00:00,-0.9238194199553379
2019-04-07 10:00:00+00:00,-0.8637567122956409
2019-04-07 10:30:00+00:00,-0.9152766287476101
2019-04-07 11:00:00+00:00,-0.42164502142518767
2019-04-07 11:30:00+00:00,-0.5272340289196706
2019-04-07 12:00:00+00:00,-0.5842429888125603
2019-04-07 12:30:00+00:00,-0.33532239662356517
2019-04-07 13:00:00+00:00,-0.250874125952445
2019-04-07 13:30:00+00:00,0.39483608082500526
2019-04-07 14:00:00+00:00,1.2751908794065416
2019-04-07 14:30:00+00:00,1.3935359844539572
2019-04-07 15:00:00+00:00,1.1632791734419294
2019-04-07 15:30:00+00:00,0.7693610425785782
2019-04-07 16:00:00+00:00,0.5936930882074197
2019-04-07 16:30:00+00:00,0.39423334193032156
2019-04-07 17:00:00+00:00,0.6337362070528059
2019-04-07 17:30:00+00:00,0.5672508455876478
2019-04-07 18:00:00+00:00,0.03799615387212511
2019-04-07 18:30:00+00:00,0.24027948633588475
2019-04-07 19:00:00+00:00,-0.19995287838466905
2019-04-07 19:30:00+00:00,-0.5662573948245564
2019-04-07 20:00:00+00:00,-0.5484525756971127
2019-04-07 20:30:00+00:00,-0.6674051681391303
2019-04-07 21:00:00+00:00,-0.9486235444999453
2019-04-07 21:30:00+00:00,-1.089029088470045
2019-04-07 22:00:00+00:00,-0.7953243157885449
2019-04-07 22:30:00+00:00,-0.7178301462025972
2019-04-07 23:00:00+00:00,-0.5913083816509379
2019-04-07 23:30:00+00:00,-0.5583224281006405
2019-04-08 00:00:00+00:00,-0.4387394261534008
2019-04-08 00:30:00+00:00,-0.21700667584400146
2019-04-08 01:00:00+00:00,-0.1057667682862793
2019-04-08 01:30:00+00:00,-0.13683156563297869
2019-04-08 02:00:00+00:00,-0.5749906923768672
2019-04-08 02:30:00+00:00,-0.8952806521717656
2019-04-08 03:00:00+00:00,-0.7900748079270632
2019-04-08 03:30:00+00:00,-0.9195528314273466
2019-04-08 04:00:00+00:00,-1.1041285733188355
2019-04-08 04:30:00+00:00,-1.1044063261407846
2019-04-08 05:00:00+00:00,-1.1028795418576094
2019-04-08 05:30:00+00:00,-1.101352757574434
2019-04-08 06:00:00+00:00,-1.101352757574434
2019-04-08 06:30:00+00:00,-1.101352757574434
2019-04-08 07:00:00+00:00,-1.0967724047249081
2019-04-08 07:30:00+00:00,-1.0990458913401702
2019-04-08 08:00:00+00:00,-1.1013193779554322
2019-04-08 08:30:00+00:00,-0.8674870807102699
2019-04-08 09:00:00+00:00,-1.088851281764952
2019-04-08 09:30:00+00:00,-1.0455937853315416
2019-04-08 10:00:00+00:00,-0.9544508190125198
2019-04-08 10:30:00+00:00,-0.7554561521753752
2019-04-08 11:00:00+00:00,-0.5651380967331033
2019-04-08 11:30:00+00:00,-0.4788749893301576
2019-04-08 12:00:00+00:00,-0.38540641717159896
2019-04-08 12:30:00+00:00,-0.37688044613594823
2019-04-08 13:00:00+00:00,-0.2321569359186053
2019-04-08 13:30:00+00:00,-0.2863396020752043
2019-04-08 14:00:00+00:00,-0.505266458811057
2019-04-08 14:30:00+00:00,-0.5783536220287454
2019-04-08 15:00:00+00:00,-0.2733968540010008
2019-04-08 15:30:00+00:00,0.03186653946505334
2019-04-08 16:00:00+00:00,-0.3204517386521197
2019-04-08 16:30:00+00:00,0.7237116189342886
2019-04-08 17:00:00+00:00,-0.49033629339545226
2019-04-08 17:30:00+00:00,-0.568517185783581
2019-04-08 18:00:00+00:00,-0.8564517176570109
2019-04-08 18:30:00+00:00,-0.8973947287068188
2019-04-08 19:00:00+00:00,-0.8083360736265631
2019-04-08 19:30:00+00:00,-0.7192774185463076
2019-04-08 20:00:00+00:00,-0.6930066449169529
2019-04-08 20:30:00+00:00,-0.5869586843769402
2019-04-08 21:00:00+00:00,-0.8195738754541988
2019-04-08 21:30:00+00:00,-1.1001246826060194
2019-04-08 22:00:00+00:00,-1.1001192088949665
2019-04-08 22:30:00+00:00,-1.1004248503099914
2019-04-08 23:00:00+00:00,-1.1000354122944749
2019-04-08 23:30:00+00:00,-1.1004545956033756
2019-04-09 00:00:00+00:00,-1.0841766645942694
2019-04-09 00:30:00+00:00,-1.105223097011675
2019-04-09 01:00:00+00:00,-0.976062733665713
2019-04-09 01:30:00+00:00,-0.9266325441280563
2019-04-09 02:00:00+00:00,-0.9347552570733817
2019-04-09 02:30:00+00:00,-0.3579678740536378
2019-04-09 03:00:00+00:00,-0.2447742072529676
2019-04-09 03:30:00+00:00,-0.30241852508081407
2019-04-09 04:00:00+00:00,-0.9474537383774332
2019-04-09 04:30:00+00:00,-1.039027434639022
2019-04-09 05:00:00+00:00,-1.0577335790982036
2019-04-09 05:30:00+00:00,-1.0764397235573853
2019-04-09 06:00:00+00:00,-1.0521085287198266
2019-04-09 06:30:00+00:00,-1.0277773338822682
2019-04-09 07:00:00+00:00,-1.0660480275880106
2019-04-09 07:30:00+00:00,-1.1043187212937529
2019-04-09 08:00:00+00:00,-1.1046409795179835
2019-04-09 08:30:00+00:00,-1.1049632377422143
2019-04-09 09:00:00+00:00,-1.1031769163372134
2019-04-09 09:30:00+00:00,-1.1013905949322125
2019-04-09 10:00:00+00:00,-1.0699543056600669
2019-04-09 10:30:00+00:00,-0.9966843282620412
2019-04-09 11:00:00+00:00,-0.9234143508640156
2019-04-09 11:30:00+00:00,-0.8501443734659899
2019-04-09 12:00:00+00:00,-0.6504808863497862
2019-04-09 12:30:00+00:00,0.0686911029267921
2019-04-09 13:00:00+00:00,1.57698891524889
2019-04-09 13:30:00+00:00,0.7053398184813601
2019-04-09 14:00:00+00:00,-0.13609143007825195
2019-04-09 14:30:00+00:00,-0.2170314562168522
2019-04-09 15:00:00+00:00,-0.4054814692809413
2019-04-09 15:30:00+00:00,-0.019632997060494244
2019-04-09 16:00:00+00:00,-0.09716794000596018
2019-04-09 16:30:00+00:00,0.8998348285959762
2019-04-09 17:00:00+00:00,0.1534752599381402
2019-04-09 17:30:00+00:00,0.19360027785531417
2019-04-09 18:00:00+00:00,-0.020903984195922265
2019-04-09 18:30:00+00:00,-0.3695451865389213
2019-04-09 19:00:00+00:00,-0.5224634788826082
2019-04-09 19:30:00+00:00,-0.4980478296560562
2019-04-09 20:00:00+00:00,-0.7334329778104396
2019-04-09 20:30:00+00:00,-0.320916506870489
2019-04-09 21:00:00+00:00,-0.15460644429669657
2019-04-09 21:30:00+00:00,-0.6098705844202027
2019-04-09 22:00:00+00:00,-0.6874866647563954
2019-04-09 22:30:00+00:00,-1.0998732564523885
2019-04-09 23:00:00+00:00,-1.0996109275609025
2019-04-09 23:30:00+00:00,-1.0993485986694167
2019-04-10 00:00:00+00:00,-1.0996154383564327
2019-04-10 00:30:00+00:00,-1.1001494044098155
2019-04-10 01:00:00+00:00,-0.9725818863305088
2019-04-10 01:30:00+00:00,-1.0350890810285025
2019-04-10 02:00:00+00:00,-1.1004372953030832
2019-04-10 02:30:00+00:00,-1.099605656920922
2019-04-10 03:00:00+00:00,-1.0216135044491845
2019-04-10 03:30:00+00:00,-0.9436213519774467
2019-04-10 04:00:00+00:00,-1.1009042168990704
2019-04-10 04:30:00+00:00,-0.9625820408701753
2019-04-10 05:00:00+00:00,-1.088763172983103
2019-04-10 05:30:00+00:00,-1.1005578034548806
2019-04-10 06:00:00+00:00,-1.1043412083175186
2019-04-10 06:30:00+00:00,-1.0763223521724719
2019-04-10 07:00:00+00:00,-1.0792922574470092
2019-04-10 07:30:00+00:00,-1.1041580221297702
2019-04-10 08:00:00+00:00,-1.097010586103374
2019-04-10 08:30:00+00:00,-0.9271059723892876
2019-04-10 09:00:00+00:00,-0.9199989512711085
2019-04-10 09:30:00+00:00,-0.8306246822685174
2019-04-10 10:00:00+00:00,-1.0458986930054222
2019-04-10 10:30:00+00:00,-0.8589617657916027
2019-04-10 11:00:00+00:00,-0.9645799070039854
2019-04-10 11:30:00+00:00,-0.8490579525669504
2019-04-10 12:00:00+00:00,-0.7726041493415582
2019-04-10 12:30:00+00:00,-0.6089729460870611
2019-04-10 13:00:00+00:00,-0.5861594122241405
2019-04-10 13:30:00+00:00,-0.5996554721601677
2019-04-10 14:00:00+00:00,0.8166235263329027
2019-04-10 14:30:00+00:00,0.8962268587648089
2019-04-10 15:00:00+00:00,0.6618577341273152
2019-04-10 15:30:00+00:00,-0.10790445039387019
2019-04-10 16:00:00+00:00,0.0292592376414545
2019-04-10 16:30:00+00:00,0.3818038010079928
2019-04-10 17:00:00+00:00,0.35162563467447994
2019-04-10 17:30:00+00:00,-0.1484233823770914
2019-04-10 18:00:00+00:00,-0.648472399428663
2019-04-10 18:30:00+00:00,-0.8586541292955276
2019-04-10 19:00:00+00:00,-0.9656901386679889
2019-04-10 19:30:00+00:00,-0.9013681675604079
2019-04-10 20:00:00+00:00,-0.7525447298419721
2019-04-10 20:30:00+00:00,-0.6475450933702219
2019-04-10 21:00:00+00:00,-0.39687662024540293
2019-04-10 21:30:00+00:00,-0.4662052021547056
2019-04-10 22:00:00+00:00,-0.6229083123471209
2019-04-10 22:30:00+00:00,-0.9055553940417288
2019-04-10 23:00:00+00:00,-0.8795859706078998
2019-04-10 23:30:00+00:00,-0.46633869258240196
2019-04-11 00:00:00+00:00,-0.3310294157050736
2019-04-11 00:30:00+00:00,-0.27574042396391163
2019-04-11 01:00:00+00:00,-0.6056911173687632
2019-04-11 01:30:00+00:00,-0.9616029830869828
2019-04-11 02:00:00+00:00,-0.9515348971569767
2019-04-11 02:30:00+00:00,-0.8548237999492306
2019-04-11 03:00:00+00:00,-0.9775533133547907
2019-04-11 03:30:00+00:00,-1.1016065854227055
2019-04-11 04:00:00+00:00,-1.1002553106137871
2019-04-11 04:30:00+00:00,-1.0997670799518093
2019-04-11 05:00:00+00:00,-1.1001171610440599
2019-04-11 05:30:00+00:00,-1.1036787621637585
2019-04-11 06:00:00+00:00,-1.1030026618815483
2019-04-11 06:30:00+00:00,-1.102326561599338
2019-04-11 07:00:00+00:00,-1.1015776027187039
2019-04-11 07:30:00+00:00,-1.1008286438380697
2019-04-11 08:00:00+00:00,-1.1000796849574355
2019-04-11 08:30:00+00:00,-1.0679262848985902
2019-04-11 09:00:00+00:00,-1.0357728848397452
2019-04-11 09:30:00+00:00,-1.0160778859589452
2019-04-11 10:00:00+00:00,-0.9963828870781449
2019-04-11 10:30:00+00:00,-0.8804152940230593
2019-04-11 11:00:00+00:00,-0.5264187281795756
2019-04-11 11:30:00+00:00,0.017287951556589336
2019-04-11 12:00:00+00:00,-0.19094002158136597
2019-04-11 12:30:00+00:00,0.7876610219657736
2019-04-11 13:00:00+00:00,1.7587774808252845
2019-04-11 13:30:00+00:00,1.7545168406038154
2019-04-11 14:00:00+00:00,1.7470124863263872
2019-04-11 14:30:00+00:00,1.166088759003466
2019-04-11 15:00:00+00:00,-0.5858431044167763
2019-04-11 15:30:00+00:00,-0.8783366347228362
2019-04-11 16:00:00+00:00,-0.9953513427668332
2019-04-11 16:30:00+00:00,-0.9478571592312688
2019-04-11 17:00:00+00:00,-0.9003629756957041
2019-04-11 17:30:00+00:00,-0.7530090475326675
2019-04-11 18:00:00+00:00,-0.6866335791320165
2019-04-11 18:30:00+00:00,-0.46322498664729117
2019-04-11 19:00:00+00:00,-0.23928957975068635
2019-04-11 19:30:00+00:00,-0.8984668027161262
2019-04-11 20:00:00+00:00,-0.986519331992835
2019-04-11 20:30:00+00:00,-0.9609835468563647
2019-04-11 21:00:00+00:00,-1.0068508464612047
2019-04-11 21:30:00+00:00,-0.8957492119547995
2019-04-11 22:00:00+00:00,-0.8868600854399655
2019-04-11 22:30:00+00:00,-0.9003461911426636
2019-04-11 23:00:00+00:00,-0.9709647744101977
2019-04-11 23:30:00+00:00,-0.9891259372718263
2019-04-12 00:00:00+00:00,-1.0684386279916345
2019-04-12 00:30:00+00:00,-1.100307155463045
2019-04-12 01:00:00+00:00,-1.0993519520430857
2019-04-12 01:30:00+00:00,-1.0996393086013287
2019-04-12 02:00:00+00:00,-1.0999266651595718
2019-04-12 02:30:00+00:00,-1.1002140217178151
2019-04-12 03:00:00+00:00,-1.059319125872374
2019-04-12 03:30:00+00:00,-1.0476588668755253
2019-04-12 04:00:00+00:00,-1.100427548881524
2019-04-12 04:30:00+00:00,-1.1001890729817938
2019-04-12 05:00:00+00:00,-1.0999505970820636
2019-04-12 05:30:00+00:00,-1.0999505970820636
2019-04-12 06:00:00+00:00,-1.0994736452826028
2019-04-12 06:30:00+00:00,-1.0996409700193768
2019-04-12 07:00:00+00:00,-1.0998082947561507
2019-04-12 07:30:00+00:00,-1.0998082947561507
2019-04-12 08:00:00+00:00,-1.1001429442296986
2019-04-12 08:30:00+00:00,-1.0296981625135961
2019-04-12 09:00:00+00:00,-0.926391651361512
2019-04-12 09:30:00+00:00,-0.7969696914650142
2019-04-12 10:00:00+00:00,-0.8684757021117309
2019-04-12 10:30:00+00:00,-0.8358962447235884
2019-04-12 11:00:00+00:00,-0.7849934406054883
2019-04-12 11:30:00+00:00,-0.4051218062324614
2019-04-12 12:00:00+00:00,-0.8799716850619641
2019-04-12 12:30:00+00:00,-0.3787862189415414
2019-04-12 13:00:00+00:00,0.05182626018526114
2019-04-12 13:30:00+00:00,-0.06314337542915828
2019-04-12 14:00:00+00:00,-0.05817343136156899
2019-04-12 14:30:00+00:00,0.0655811135895596
2019-04-12 15:00:00+00:00,0.13101724164082854
2019-04-12 15:30:00+00:00,0.4298330056658761
2019-04-12 16:00:00+00:00,-0.0241370441674578
2019-04-12 16:30:00+00:00,-0.21364221545871584
2019-04-12 17:00:00+00:00,-0.18270367344667465
2019-04-12 17:30:00+00:00,-0.19638651498336515
2019-04-12 18:00:00+00:00,-0.35124936914366656
2019-04-12 18:30:00+00:00,-0.14791733403548243
2019-04-12 19:00:00+00:00,-0.17135284207760296
2019-04-12 19:30:00+00:00,-0.07202417749401765
2019-04-12 20:00:00+00:00,-0.3075648831369123
2019-04-12 20:30:00+00:00,-0.4512196675493774
2019-04-12 21:00:00+00:00,-0.04262085568469929
2019-04-12 21:30:00+00:00,0.36597795617997875
2019-04-12 22:00:00+00:00,0.36597795617997875
2019-04-12 22:30:00+00:00,0.36597795617997875
2019-04-12 23:00:00+00:00,1.5917743917740128
2019-04-12 23:30:00+00:00,1.0834364507761216
2019-04-13 00:00:00+00:00,0.1718436564259547
2019-04-13 00:30:00+00:00,-0.10488796602910841
2019-04-13 01:00:00+00:00,-0.39446873002614097
2019-04-13 01:30:00+00:00,-0.8177584182804966
2019-04-13 02:00:00+00:00,-1.0868546228994702
2019-04-13 02:30:00+00:00,-1.0982055141273157
2019-04-13 03:00:00+00:00,-1.0710589509385058
2019-04-13 03:30:00+00:00,-1.07044518192133
2019-04-13 04:00:00+00:00,-1.0766604761693508
2019-04-13 04:30:00+00:00,-1.0828757704173713
2019-04-13 05:00:00+00:00,-1.0828757704173713
2019-04-13 05:30:00+00:00,-1.0828757704173713
2019-04-13 06:00:00+00:00,-1.1015216531614325
2019-04-13 06:30:00+00:00,-1.099070606859927
2019-04-13 07:00:00+00:00,-1.100028629531706
2019-04-13 07:30:00+00:00,-1.1000581146926505
2019-04-13 08:00:00+00:00,-1.1000875998535948
2019-04-13 08:30:00+00:00,-1.0017361844276937
2019-04-13 09:00:00+00:00,-1.0089184977178063
2019-04-13 09:30:00+00:00,-1.02722880239853
2019-04-13 10:00:00+00:00,-0.9560721643771175
2019-04-13 10:30:00+00:00,-0.9784105313827538
2019-04-13 11:00:00+00:00,-0.682662194908509
2019-04-13 11:30:00+00:00,-0.8688828339263471
2019-04-13 12:00:00+00:00,-1.0042684486210092
2019-04-13 12:30:00+00:00,-0.810785885905781
2019-04-13 13:00:00+00:00,-0.6302850910129737
2019-04-13 13:30:00+00:00,-0.6038483925274983
2019-04-13 14:00:00+00:00,-0.500176165827895
2019-04-13 14:30:00+00:00,0.09466420148514551
2019-04-13 15:00:00+00:00,0.10130949704232872
2019-04-13 15:30:00+00:00,0.13218661901350662
2019-04-13 16:00:00+00:00,-0.05758345598482999
2019-04-13 16:30:00+00:00,-0.48235990960603264
2019-04-13 17:00:00+00:00,-0.516657322239661
2019-04-13 17:30:00+00:00,-0.450269897379427
2019-04-13 18:00:00+00:00,-0.43056665911061265
2019-04-13 18:30:00+00:00,-0.6277254079742706
2019-04-13 19:00:00+00:00,-0.822746137172605
2019-04-13 19:30:00+00:00,-0.8643412050160655
2019-04-13 20:00:00+00:00,-0.8135416034474453
2019-04-13 20:30:00+00:00,-0.5947989774263542
2019-04-13 21:00:00+00:00,-0.641028058048416
2019-04-13 21:30:00+00:00,-0.8629884357931423
2019-04-13 22:00:00+00:00,-0.9294351031856242
2019-04-13 22:30:00+00:00,-0.9972729863450271
2019-04-13 23:00:00+00:00,-0.9927781021660607
2019-04-13 23:30:00+00:00,-0.9882832179870945
2019-04-14 00:00:00+00:00,-1.0392029770366438
2019-04-14 00:30:00+00:00,-1.1001184377952777
2019-04-14 01:00:00+00:00,-1.0995170894964226
2019-04-14 01:30:00+00:00,-1.1010349918261082
2019-04-14 02:00:00+00:00,-1.1005452663201645
2019-04-14 02:30:00+00:00,-1.1000555408142203
2019-04-14 03:00:00+00:00,-1.0995658153082766
2019-04-14 03:30:00+00:00,-1.1007756115889293
2019-04-14 04:00:00+00:00,-1.099988606517354
2019-04-14 04:30:00+00:00,-1.1057838451108482
2019-04-14 05:00:00+00:00,-0.9898677816952297
2019-04-14 05:30:00+00:00,-1.1001432282944967
2019-04-14 06:00:00+00:00,-0.9463401075675687
2019-04-14 06:30:00+00:00,-1.0873110828827282
2019-04-14 07:00:00+00:00,-0.8345442751017624
2019-04-14 07:30:00+00:00,-0.6545088988354943
2019-04-14 08:00:00+00:00,-1.0012718707372905
2019-04-14 08:30:00+00:00,-1.1054057625952076
2019-04-14 09:00:00+00:00,-0.9797261253913797
2019-04-14 09:30:00+00:00,-0.858073870565289
2019-04-14 10:00:00+00:00,-1.0326902687506259
2019-04-14 10:30:00+00:00,-0.47368035346314297
2019-04-14 11:00:00+00:00,-0.5996314193500757
2019-04-14 11:30:00+00:00,-0.18297291222031925
2019-04-14 12:00:00+00:00,0.12151157037542104
2019-04-14 12:30:00+00:00,-0.23256060358110017
2019-04-14 13:00:00+00:00,-0.4584783545846911
2019-04-14 13:30:00+00:00,-0.07755339996685832
2019-04-14 14:00:00+00:00,1.5328659044497848
2019-04-14 14:30:00+00:00,1.5967072895407743
2019-04-14 15:00:00+00:00,1.0488760389498413
2019-04-14 15:30:00+00:00,0.8356473976829218
2019-04-14 16:00:00+00:00,0.6612143940813786
2019-04-14 16:30:00+00:00,0.34424170421294853
2019-04-14 17:00:00+00:00,-0.05934330539819578
2019-04-14 17:30:00+00:00,-0.2232607708288747
2019-04-14 18:00:00+00:00,-0.07820173630738617
2019-04-14 18:30:00+00:00,-0.539236970283284
2019-04-14 19:00:00+00:00,-0.6466357426946818
2019-04-14 19:30:00+00:00,-0.4602029828153176
2019-04-14 20:00:00+00:00,-0.3420870272058828
2019-04-14 20:30:00+00:00,-0.4816496144815631
2019-04-14 21:00:00+00:00,-0.4355529144408848
2019-04-14 21:30:00+00:00,-0.001999148917997013
2019-04-14 22:00:00+00:00,-0.7499694834640007
2019-04-14 22:30:00+00:00,-0.9222018855646142
2019-04-14 23:00:00+00:00,-1.044647712816738
2019-04-14 23:30:00+00:00,-1.0999042974843836
2019-04-15 00:00:00+00:00,-0.9052957117019169
2019-04-15 00:30:00+00:00,-0.8828832359772654
2019-04-15 01:00:00+00:00,-1.09826523531868
2019-04-15 01:30:00+00:00,-1.042657826015134
2019-04-15 02:00:00+00:00,-1.0342051236776066
2019-04-15 02:30:00+00:00,-1.0940503462467048
2019-04-15 03:00:00+00:00,-1.0687733261361692
2019-04-15 03:30:00+00:00,-0.8131349248380646
2019-04-15 04:00:00+00:00,-0.9489523598315389
2019-04-15 04:30:00+00:00,-0.9209759527217133
2019-04-15 05:00:00+00:00,-0.9560014609873905
2019-04-15 05:30:00+00:00,-0.9966757797036248
2019-04-15 06:00:00+00:00,-0.9762954614225449
2019-04-15 06:30:00+00:00,-1.0476716478205952
2019-04-15 07:00:00+00:00,-1.0290864033954839
2019-04-15 07:30:00+00:00,-1.0095235317676277
2019-04-15 08:00:00+00:00,-0.7854243564917759
2019-04-15 08:30:00+00:00,-1.0745877929314407
2019-04-15 09:00:00+00:00,-0.8852947528294817
2019-04-15 09:30:00+00:00,-1.0882479588790879
2019-04-15 10:00:00+00:00,-1.0055486475034707
2019-04-15 10:30:00+00:00,-0.879145135605844
2019-04-15 11:00:00+00:00,-0.8169523888141508
2019-04-15 11:30:00+00:00,-1.062006029345556
2019-04-15 12:00:00+00:00,-1.0164422035535892
2019-04-15 12:30:00+00:00,-0.8524540883473335
2019-04-15 13:00:00+00:00,-0.5585230903641031
2019-04-15 13:30:00+00:00,0.8256611281829064
2019-04-15 14:00:00+00:00,1.7076353621509375
2019-04-15 14:30:00+00:00,1.72374058763783
2019-04-15 15:00:00+00:00,1.674095015206876
2019-04-15 15:30:00+00:00,1.7082290698183735
2019-04-15 16:00:00+00:00,0.8086028832882458
2019-04-15 16:30:00+00:00,0.4390488049919928
2019-04-15 17:00:00+00:00,1.2139312013934715
2019-04-15 17:30:00+00:00,1.5759057546814916
2019-04-15 18:00:00+00:00,1.3004899756554318
2019-04-15 18:30:00+00:00,0.6444358511059937
2019-04-15 19:00:00+00:00,0.6569688394550014
2019-04-15 19:30:00+00:00,0.23673687296528226
2019-04-15 20:00:00+00:00,-0.09453473109014349
2019-04-15 20:30:00+00:00,-0.20808545379206736
2019-04-15 21:00:00+00:00,-0.30364276369305915
2019-04-15 21:30:00+00:00,-0.6647337866258904
2019-04-15 22:00:00+00:00,-1.1001869961107584
2019-04-15 22:30:00+00:00,-1.10004829362364
2019-04-15 23:00:00+00:00,-1.0873096457739762
2019-04-15 23:30:00+00:00,-1.1044011819411794
2019-04-16 00:00:00+00:00,-1.0992542796452778
2019-04-16 00:30:00+00:00,-1.0721932222022323
2019-04-16 01:00:00+00:00,-1.0856676312090663
2019-04-16 01:30:00+00:00,-1.1042145559453682
2019-04-16 02:00:00+00:00,-1.0899164976552767
2019-04-16 02:30:00+00:00,-1.0756184393651855
2019-04-16 03:00:00+00:00,-1.0756184393651855
2019-04-16 03:30:00+00:00,-1.0756184393651855
2019-04-16 04:00:00+00:00,-1.0327242644949117
2019-04-16 04:30:00+00:00,-0.9920641785343939
2019-04-16 05:00:00+00:00,-1.0395480704940183
2019-04-16 05:30:00+00:00,-0.8002052943150701
2019-04-16 06:00:00+00:00,-0.7868433392341276
2019-04-16 06:30:00+00:00,-1.0067390216157768
2019-04-16 07:00:00+00:00,-0.9321443653027415
2019-04-16 07:30:00+00:00,-0.981874653171984
2019-04-16 08:00:00+00:00,-0.8256336915526294
2019-04-16 08:30:00+00:00,-0.9030309585979613
2019-04-16 09:00:00+00:00,-0.986424934317602
2019-04-16 09:30:00+00:00,-0.9991325725160447
2019-04-16 10:00:00+00:00,-1.011840210714487
2019-04-16 10:30:00+00:00,-1.0559447917115752
2019-04-16 11:00:00+00:00,-1.100049372708663
2019-04-16 11:30:00+00:00,-0.9425601983482724
2019-04-16 12:00:00+00:00,-0.7850710239878819
2019-04-16 12:30:00+00:00,-0.6275818496274911
2019-04-16 13:00:00+00:00,-0.657569653501034
2019-04-16 13:30:00+00:00,-0.8040121698452505
2019-04-16 14:00:00+00:00,-0.7774167162799994
2019-04-16 14:30:00+00:00,0.5509808415414565
2019-04-16 15:00:00+00:00,1.7423184408873125
2019-04-16 15:30:00+00:00,1.7443334676479376
2019-04-16 16:00:00+00:00,1.7302123287109168
2019-04-16 16:30:00+00:00,1.2245621499434831
2019-04-16 17:00:00+00:00,0.03273823204937446
2019-04-16 17:30:00+00:00,0.5379559216684653
2019-04-16 18:00:00+00:00,1.4183960548796881
2019-04-16 18:30:00+00:00,1.197570362572821
2019-04-16 19:00:00+00:00,1.7483211870373805
2019-04-16 19:30:00+00:00,1.7430887768894185
2019-04-16 20:00:00+00:00,1.2552198774043621
2019-04-16 20:30:00+00:00,-0.9331433546684511
2019-04-16 21:00:00+00:00,-1.102812465871787
2019-04-16 21:30:00+00:00,-1.0933827017797284
2019-04-16 22:00:00+00:00,-0.664545477893709
2019-04-16 22:30:00+00:00,-0.4526748532444374
2019-04-16 23:00:00+00:00,-0.5239566041989027
2019-04-16 23:30:00+00:00,-0.7938508752813137
2019-04-17 00:00:00+00:00,-0.9898387345168335
2019-04-17 00:30:00+00:00,-0.9780235935787879
2019-04-17 01:00:00+00:00,-0.9354018270609461
2019-04-17 01:30:00+00:00,-1.0405922105037964
2019-04-17 02:00:00+00:00,-1.0716606923805565
2019-04-17 02:30:00+00:00,-0.9965492361221701
2019-04-17 03:00:00+00:00,-0.6530052645933102
2019-04-17 03:30:00+00:00,-0.47597885850974186
2019-04-17 04:00:00+00:00,-0.21233120186177878
2019-04-17 04:30:00+00:00,-0.48905461468752065
2019-04-17 05:00:00+00:00,-0.7240279594863362
2019-04-17 05:30:00+00:00,-1.0849114970472113
2019-04-17 06:00:00+00:00,-0.9674911314930067
2019-04-17 06:30:00+00:00,-0.8500707659388018
2019-04-17 07:00:00+00:00,-0.8500707659388018
2019-04-17 07:30:00+00:00,-0.8500707659388018
2019-04-17 08:00:00+00:00,-0.8500707659388018
2019-04-17 08:30:00+00:00,-0.8500707659388018
2019-04-17 09:00:00+00:00,-0.8500707659388018
2019-04-17 09:30:00+00:00,-0.8500707659388018
2019-04-17 10:00:00+00:00,-0.8500707659388018
2019-04-17 10:30:00+00:00,-0.8500707659388018
2019-04-17 11:00:00+00:00,-0.5447778154978694
2019-04-17 11:30:00+00:00,-0.239484865056937
2019-04-17 12:00:00+00:00,0.06580808538399541
2019-04-17 12:30:00+00:00,0.3711010358249278
2019-04-17 13:00:00+00:00,0.6763939862658602
2019-04-17 13:30:00+00:00,1.5394051208250854
2019-04-17 14:00:00+00:00,0.21622004974463394
2019-04-17 14:30:00+00:00,1.7500532696204443
2019-04-17 15:00:00+00:00,1.1930069010556252
2019-04-17 15:30:00+00:00,1.391548310689449
2019-04-17 16:00:00+00:00,1.5510707205662984
2019-04-17 16:30:00+00:00,0.3209507388429443
2019-04-17 17:00:00+00:00,-0.9091692428804098
2019-04-17 17:30:00+00:00,-0.522467373618703
2019-04-17 18:00:00+00:00,-0.6569239755728613
2019-04-17 18:30:00+00:00,-0.9949390688587532
2019-04-17 19:00:00+00:00,-0.7433751318452801
2019-04-17 19:30:00+00:00,-0.6819621684228403
2019-04-17 20:00:00+00:00,-1.1005771414736578
2019-04-17 20:30:00+00:00,-1.0838453974061912
2019-04-17 21:00:00+00:00,-1.0671136533387249
2019-04-17 21:30:00+00:00,-1.0503819092712583
2019-04-17 22:00:00+00:00,-1.0233958188372325
2019-04-17 22:30:00+00:00,-1.0425899511094765
2019-04-17 23:00:00+00:00,-1.0617840833817205
2019-04-17 23:30:00+00:00,-1.0617840833817205
2019-04-18 00:00:00+00:00,-1.1001723479262082
2019-04-18 00:30:00+00:00,-1.1002354695573082
2019-04-18 01:00:00+00:00,-1.100429887016235
2019-04-18 01:30:00+00:00,-1.0885000558783589
2019-04-18 02:00:00+00:00,-1.076570224740483
2019-04-18 02:30:00+00:00,-1.076570224740483
2019-04-18 03:00:00+00:00,-1.076570224740483
2019-04-18 03:30:00+00:00,-1.076570224740483
2019-04-18 04:00:00+00:00,-1.076570224740483
2019-04-18 04:30:00+00:00,-1.0169210690511026
2019-04-18 05:00:00+00:00,-1.0605570128334127
2019-04-18 05:30:00+00:00,-1.1041929566157227
2019-04-18 06:00:00+00:00,-1.1034047824959516
2019-04-18 06:30:00+00:00,-1.1026166083761806
2019-04-18 07:00:00+00:00,-1.1026166083761806
2019-04-18 07:30:00+00:00,-1.1010402601366382
2019-04-18 08:00:00+00:00,-1.0927124079423356
2019-04-18 08:30:00+00:00,-1.0843845557480327
2019-04-18 09:00:00+00:00,-1.1016128712263045
2019-04-18 09:30:00+00:00,-1.0910052247562299
2019-04-18 10:00:00+00:00,-1.0803975782861548
2019-04-18 10:30:00+00:00,-1.0697899318160802
2019-04-18 11:00:00+00:00,-1.1050612245224742
2019-04-18 11:30:00+00:00,-1.0989558614934143
2019-04-18 12:00:00+00:00,-1.1016860358383385
2019-04-18 12:30:00+00:00,-0.7302666063655637
2019-04-18 13:00:00+00:00,1.3148905038254313
2019-04-18 13:30:00+00:00,1.6543275502074968
2019-04-18 14:00:00+00:00,1.7386970090954368
2019-04-18 14:30:00+00:00,1.5963136289323
2019-04-18 15:00:00+00:00,1.6482601946882214
2019-04-18 15:30:00+00:00,1.72724242696451
2019-04-18 16:00:00+00:00,1.7381737582076249
2019-04-18 16:30:00+00:00,1.0647500624418125
2019-04-18 17:00:00+00:00,0.89615742354792
2019-04-18 17:30:00+00:00,0.32989039402243914
2019-04-18 18:00:00+00:00,-0.22612808690580286
2019-04-18 18:30:00+00:00,-0.7756414396832169
2019-04-18 19:00:00+00:00,-1.0999910767528673
2019-04-18 19:30:00+00:00,-1.101270617138039
2019-04-18 20:00:00+00:00,-0.8629803599473955
2019-04-18 20:30:00+00:00,-0.4350383749182127
2019-04-18 21:00:00+00:00,-0.7736854882883872
2019-04-18 21:30:00+00:00,-0.5540043975752201
2019-04-18 22:00:00+00:00,-1.0605623360845013
2019-04-18 22:30:00+00:00,-0.5942023677559913
2019-04-18 23:00:00+00:00,-0.806769817737911
2019-04-18 23:30:00+00:00,-0.3474745270886452
2019-04-19 00:00:00+00:00,-0.36042726328104197
2019-04-19 00:30:00+00:00,-1.0379305136234083
2019-04-19 01:00:00+00:00,-1.1005242582436217
2019-04-19 01:30:00+00:00,-1.100383887098277
2019-04-19 02:00:00+00:00,-1.1002435159529325
2019-04-19 02:30:00+00:00,-1.1002435159529325
2019-04-19 03:00:00+00:00,-1.0999627736622435
2019-04-19 03:30:00+00:00,-1.1002603681677405
2019-04-19 04:00:00+00:00,-1.1012387793862226
2019-04-19 04:30:00+00:00,-1.1041335503682197
2019-04-19 05:00:00+00:00,-1.1029682580193552
2019-04-19 05:30:00+00:00,-1.1018029656704906
2019-04-19 06:00:00+00:00,-1.0555683907007396
2019-04-19 06:30:00+00:00,-1.0093338157309886
2019-04-19 07:00:00+00:00,-1.033563676235172
2019-04-19 07:30:00+00:00,-1.0577935367393556
2019-04-19 08:00:00+00:00,-1.0820233972435391
2019-04-19 08:30:00+00:00,-1.0583951855662443
2019-04-19 09:00:00+00:00,-1.0752937609550717
2019-04-19 09:30:00+00:00,-1.1000136646163003
2019-04-19 10:00:00+00:00,-1.0947733680226792
2019-04-19 10:30:00+00:00,-1.089533071429058
2019-04-19 11:00:00+00:00,-1.0112849590512494
2019-04-19 11:30:00+00:00,-0.9337124442816278
2019-04-19 12:00:00+00:00,-0.8947731472035894
2019-04-19 12:30:00+00:00,-0.6650120122955473
2019-04-19 13:00:00+00:00,-0.3886556052987806
2019-04-19 13:30:00+00:00,-0.002210719378545336
2019-04-19 14:00:00+00:00,0.3886172850841153
2019-04-19 14:30:00+00:00,1.436841848639571
2019-04-19 15:00:00+00:00,1.6995267532858733
2019-04-19 15:30:00+00:00,1.6917283651406143
2019-04-19 16:00:00+00:00,1.6505394912703761
2019-04-19 16:30:00+00:00,1.1616898399950215
2019-04-19 17:00:00+00:00,0.4481394670029333
2019-04-19 17:30:00+00:00,0.35034072028473795
2019-04-19 18:00:00+00:00,0.8178133621494281
2019-04-19 18:30:00+00:00,-0.09645558020520736
2019-04-19 19:00:00+00:00,0.283855967530357
2019-04-19 19:30:00+00:00,0.24750701720974064
2019-04-19 20:00:00+00:00,-0.2292407212324635
2019-04-19 20:30:00+00:00,-0.16006160245952936
2019-04-19 21:00:00+00:00,-0.9227722624332555
2019-04-19 21:30:00+00:00,-1.0528103081454476
2019-04-19 22:00:00+00:00,-0.7967285061522842
2019-04-19 22:30:00+00:00,-0.3662598354579768
2019-04-19 23:00:00+00:00,-0.42506313170353544
2019-04-19 23:30:00+00:00,-0.9621975102620176
2019-04-20 00:00:00+00:00,-1.1004603710712497
2019-04-20 00:30:00+00:00,-1.0761507324132715
2019-04-20 01:00:00+00:00,-1.0387115719801094
2019-04-20 01:30:00+00:00,-1.0695438121570269
2019-04-20 02:00:00+00:00,-1.1003760523339445
2019-04-20 02:30:00+00:00,-1.0846133930073054
2019-04-20 03:00:00+00:00,-1.1052507870152057
2019-04-20 03:30:00+00:00,-1.0871814984534338
2019-04-20 04:00:00+00:00,-0.8001260610903818
2019-04-20 04:30:00+00:00,-1.0371161556704849
2019-04-20 05:00:00+00:00,-0.9787587909072571
2019-04-20 05:30:00+00:00,-0.9023005962732781
2019-04-20 06:00:00+00:00,-0.8692157449852201
2019-04-20 06:30:00+00:00,-0.9221420796554305
2019-04-20 07:00:00+00:00,-1.024781034549322
2019-04-20 07:30:00+00:00,-1.063274513255036
2019-04-20 08:00:00+00:00,-1.1017679919607504
2019-04-20 08:30:00+00:00,-1.1021105033740768
2019-04-20 09:00:00+00:00,-1.1003788436924202
2019-04-20 09:30:00+00:00,-1.0029926621549403
2019-04-20 10:00:00+00:00,-1.0816793344484714
2019-04-20 10:30:00+00:00,-0.37936521626872416
2019-04-20 11:00:00+00:00,0.3229489019110232
2019-04-20 11:30:00+00:00,0.3229489019110232
2019-04-20 12:00:00+00:00,1.7275771382705178
2019-04-20 12:30:00+00:00,1.6254585510132056
2019-04-20 13:00:00+00:00,1.7147462711536845
2019-04-20 13:30:00+00:00,1.6645537505193355
2019-04-20 14:00:00+00:00,1.7497411992369032
2019-04-20 14:30:00+00:00,1.748738078469288
2019-04-20 15:00:00+00:00,1.7520519998410575
2019-04-20 15:30:00+00:00,1.7454783000754668
2019-04-20 16:00:00+00:00,1.4524759831688463
2019-04-20 16:30:00+00:00,-0.15812733534778253
2019-04-20 17:00:00+00:00,-0.4900407110318443
2019-04-20 17:30:00+00:00,-0.38876833356129914
2019-04-20 18:00:00+00:00,0.7973748966992098
2019-04-20 18:30:00+00:00,0.3138187642436546
2019-04-20 19:00:00+00:00,-1.0373931864515455
2019-04-20 19:30:00+00:00,-1.1049972350984554
2019-04-20 20:00:00+00:00,-1.0468348669705543
2019-04-20 20:30:00+00:00,-1.1013000575020586
2019-04-20 21:00:00+00:00,-0.7961512524766237
2019-04-20 21:30:00+00:00,-0.9025351468325918
2019-04-20 22:00:00+00:00,-0.9208399352528585
2019-04-20 22:30:00+00:00,-0.8323800735241358
2019-04-20 23:00:00+00:00,-0.6392740188323783
2019-04-20 23:30:00+00:00,-0.6438068112090404
2019-04-21 00:00:00+00:00,-1.054062318174447
2019-04-21 00:30:00+00:00,-1.077224506726987
2019-04-21 01:00:00+00:00,-1.1003866952795271
2019-04-21 01:30:00+00:00,-1.0997720780609075
2019-04-21 02:00:00+00:00,-1.100390692277181
2019-04-21 02:30:00+00:00,-1.1005887648967532
2019-04-21 03:00:00+00:00,-1.0994811287064303
2019-04-21 03:30:00+00:00,-1.0983734925161073
2019-04-21 04:00:00+00:00,-1.0983734925161073
2019-04-21 04:30:00+00:00,-1.0961582201354612
2019-04-21 05:00:00+00:00,-1.070261660319311
2019-04-21 05:30:00+00:00,-1.1008557191827963
2019-04-21 06:00:00+00:00,-1.0040723721348694
2019-04-21 06:30:00+00:00,-1.0161487700758964
2019-04-21 07:00:00+00:00,-1.0638622060524139
2019-04-21 07:30:00+00:00,-0.832908146847511
2019-04-21 08:00:00+00:00,-0.940732373282316
2019-04-21 08:30:00+00:00,-1.0764640365626723
2019-04-21 09:00:00+00:00,-1.089506889901863
2019-04-21 09:30:00+00:00,-1.092962738550123
2019-04-21 10:00:00+00:00,-1.0964185871983831
2019-04-21 10:30:00+00:00,-1.0998744358466435
2019-04-21 11:00:00+00:00,-0.9722197372550428
2019-04-21 11:30:00+00:00,-0.8987380052288205
2019-04-21 12:00:00+00:00,-0.8850765022940341
2019-04-21 12:30:00+00:00,-0.9827936307586803
2019-04-21 13:00:00+00:00,-0.9011138169521391
2019-04-21 13:30:00+00:00,-0.7060007209695499
2019-04-21 14:00:00+00:00,-0.20450658648895972
2019-04-21 14:30:00+00:00,0.13346387130035198
2019-04-21 15:00:00+00:00,0.3795566356989551
2019-04-21 15:30:00+00:00,-0.20825276201466536
2019-04-21 16:00:00+00:00,-0.14933057698619898
2019-04-21 16:30:00+00:00,-0.6523203169380122
2019-04-21 17:00:00+00:00,-0.1798990883880795
2019-04-21 17:30:00+00:00,-0.3545997996397166
2019-04-21 18:00:00+00:00,0.01846376858299379
2019-04-21 18:30:00+00:00,0.07330469288227978
2019-04-21 19:00:00+00:00,-0.135710629238775
2019-04-21 19:30:00+00:00,-0.3714735743788549
2019-04-21 20:00:00+00:00,-0.7745080723786205
2019-04-21 20:30:00+00:00,-1.1005805910424704
2019-04-21 21:00:00+00:00,-1.035294366108887
2019-04-21 21:30:00+00:00,-0.8483434709503911
2019-04-21 22:00:00+00:00,-0.8488381715268153
2019-04-21 22:30:00+00:00,-0.8600959053423352
2019-04-21 23:00:00+00:00,-1.0986645198649263
2019-04-21 23:30:00+00:00,-1.1006522629935287
2019-04-22 00:00:00+00:00,-1.1008498315303947
2019-04-22 00:30:00+00:00,-1.1005047903149185
2019-04-22 01:00:00+00:00,-1.1003822391668934
2019-04-22 01:30:00+00:00,-1.047739610486852
2019-04-22 02:00:00+00:00,-1.0053640520793958
2019-04-22 02:30:00+00:00,-1.050601658505773
2019-04-22 03:00:00+00:00,-1.0825574806047191
2019-04-22 03:30:00+00:00,-1.0764463858820794
2019-04-22 04:00:00+00:00,-1.1007430483097584
2019-04-22 04:30:00+00:00,-1.0841963143563926
2019-04-22 05:00:00+00:00,-1.067649580403027
2019-04-22 05:30:00+00:00,-1.067649580403027
2019-04-22 06:00:00+00:00,-1.067649580403027
2019-04-22 06:30:00+00:00,-1.0180093785429296
2019-04-22 07:00:00+00:00,-1.0742937505316719
2019-04-22 07:30:00+00:00,-1.0225937624515835
2019-04-22 08:00:00+00:00,-0.9296816950770713
2019-04-22 08:30:00+00:00,-1.0361213829202771
2019-04-22 09:00:00+00:00,-1.0858958217171306
2019-04-22 09:30:00+00:00,-0.8624165163782299
2019-04-22 10:00:00+00:00,-1.0062616160862217
2019-04-22 10:30:00+00:00,-0.10795638332948695
2019-04-22 11:00:00+00:00,-0.35878324633818126
2019-04-22 11:30:00+00:00,0.5749540953744201
2019-04-22 12:00:00+00:00,1.750711830363373
2019-04-22 12:30:00+00:00,1.5192723342941996
2019-04-22 13:00:00+00:00,1.2878328382250261
2019-04-22 13:30:00+00:00,1.2878328382250261
2019-04-22 14:00:00+00:00,0.8249538460866795
2019-04-22 14:30:00+00:00,1.5364519360603777
2019-04-22 15:00:00+00:00,1.46536725735159
2019-04-22 15:30:00+00:00,1.3942825786428024
2019-04-22 16:00:00+00:00,1.3942825786428024
2019-04-22 16:30:00+00:00,1.3942825786428024
2019-04-22 17:00:00+00:00,1.3942825786428024
2019-04-22 17:30:00+00:00,1.3942825786428024
2019-04-22 18:00:00+00:00,1.3942825786428024
2019-04-22 18:30:00+00:00,1.3942825786428024
2019-04-22 19:00:00+00:00,1.3942825786428024
2019-04-22 19:30:00+00:00,1.3942825786428024
2019-04-22 20:00:00+00:00,1.35598570323249
2019-04-22 20:30:00+00:00,1.3176888278221774
2019-04-22 21:00:00+00:00,1.279391952411865
2019-04-22 21:30:00+00:00,1.2410950770015527
2019-04-22 22:00:00+00:00,1.2027982015912404
2019-04-22 22:30:00+00:00,1.164501326180928
2019-04-22 23:00:00+00:00,1.1262044507706155
2019-04-22 23:30:00+00:00,1.0879075753603031
2019-04-23 00:00:00+00:00,1.0496106999499908
2019-04-23 00:30:00+00:00,1.0113138245396782
2019-04-23 01:00:00+00:00,0.9730169491293659
2019-04-23 01:30:00+00:00,0.9347200737190535
2019-04-23 02:00:00+00:00,0.8964231983087412
2019-04-23 02:30:00+00:00,0.8581263228984287
2019-04-23 03:00:00+00:00,0.8198294474881164
2019-04-23 03:30:00+00:00,0.7815325720778039
2019-04-23 04:00:00+00:00,0.7432356966674916
2019-04-23 04:30:00+00:00,0.7049388212571791
2019-04-23 05:00:00+00:00,0.6666419458468668
2019-04-23 05:30:00+00:00,0.6283450704365543
2019-04-23 06:00:00+00:00,0.590048195026242
2019-04-23 06:30:00+00:00,0.5517513196159295
2019-04-23 07:00:00+00:00,0.5134544442056171
2019-04-23 07:30:00+00:00,0.4751575687953047
2019-04-23 08:00:00+00:00,0.43686069338499234
2019-04-23 08:30:00+00:00,0.3985638179746799
2019-04-23 09:00:00+00:00,0.3602669425643674
2019-04-23 09:30:00+00:00,0.3219700671540551
2019-04-23 10:00:00+00:00,0.2836731917437427
2019-04-23 10:30:00+00:00,0.24537631633343038
2019-04-23 11:00:00+00:00,0.2070794409231178
2019-04-23 11:30:00+00:00,0.16878256551280546
2019-04-23 12:00:00+00:00,0.1304856901024931
2019-04-23 12:30:00+00:00,0.09218881469218076
2019-04-23 13:00:00+00:00,0.053891939281868195
2019-04-23 13:30:00+00:00,0.015595063871555848
2019-04-23 14:00:00+00:00,-0.0227018115387565
2019-04-23 14:30:00+00:00,-0.06099868694906885
2019-04-23 15:00:00+00:00,-0.0992955623593812
2019-04-23 15:30:00+00:00,-0.13759243776969377
2019-04-23 16:00:00+00:00,-0.1758893131800061
2019-04-23 16:30:00+00:00,-0.21418618859031846
2019-04-23 17:00:00+00:00,-0.2524830640006308
2019-04-23 17:30:00+00:00,-0.2907799394109434
2019-04-23 18:00:00+00:00,-0.3290768148212557
2019-04-23 18:30:00+00:00,-0.3673736902315681
2019-04-23 19:00:00+00:00,-0.4056705656418804
2019-04-23 19:30:00+00:00,-0.443967441052193
2019-04-23 20:00:00+00:00,-0.48226431646250534
2019-04-23 20:30:00+00:00,-0.5205611918728177
2019-04-23 21:00:00+00:00,-0.55885806728313
2019-04-23 21:30:00+00:00,-0.5971549426934426
2019-04-23 22:00:00+00:00,-0.635451818103755
2019-04-23 22:30:00+00:00,-0.6737486935140675
2019-04-23 23:00:00+00:00,-0.7120455689243796
2019-04-23 23:30:00+00:00,-0.7503424443346922
2019-04-24 00:00:00+00:00,-0.7886393197450043
2019-04-24 00:30:00+00:00,-0.8269361951553169
2019-04-24 01:00:00+00:00,-0.8652330705656295
2019-04-24 01:30:00+00:00,-0.9035299459759416
2019-04-24 02:00:00+00:00,-0.9418268213862542
2019-04-24 02:30:00+00:00,-0.9801236967965667
2019-04-24 03:00:00+00:00,-1.0184205722068789
2019-04-24 03:30:00+00:00,-1.0567174476171917
2019-04-24 04:00:00+00:00,-1.0567174476171917
2019-04-24 04:30:00+00:00,-0.9918799247940089
2019-04-24 05:00:00+00:00,-0.9940584475547272
2019-04-24 05:30:00+00:00,-0.8609530566615942
2019-04-24 06:00:00+00:00,-0.9225309864731603
2019-04-24 06:30:00+00:00,-0.47960596125410443
2019-04-24 07:00:00+00:00,-0.7923597066627719
2019-04-24 07:30:00+00:00,-0.7664212879362011
2019-04-24 08:00:00+00:00,-0.6290595399276269
2019-04-24 08:30:00+00:00,-0.7876006535413819
2019-04-24 09:00:00+00:00,-0.05186254196268669
2019-04-24 09:30:00+00:00,-0.06747137225730727
2019-04-24 10:00:00+00:00,0.0470085676188317
2019-04-24 10:30:00+00:00,-0.001964549984583078
2019-04-24 11:00:00+00:00,0.04525227574643158
2019-04-24 11:30:00+00:00,0.18228974891805236
2019-04-24 12:00:00+00:00,0.04721075501759981
2019-04-24 12:30:00+00:00,0.5765423684653989
2019-04-24 13:00:00+00:00,0.3283015164932128
2019-04-24 13:30:00+00:00,0.2978313087626017
2019-04-24 14:00:00+00:00,0.2496636768908738
2019-04-24 14:30:00+00:00,0.3316876105786883
2019-04-24 15:00:00+00:00,0.3215827225769781
2019-04-24 15:30:00+00:00,-0.04617772119379082
2019-04-24 16:00:00+00:00,-0.24429619539679143
2019-04-24 16:30:00+00:00,-0.2482834304042863
2019-04-24 17:00:00+00:00,-0.15528080326381408
2019-04-24 17:30:00+00:00,0.10320139449003511
2019-04-24 18:00:00+00:00,-0.22428325909366273
2019-04-24 18:30:00+00:00,-0.6515629137350691
2019-04-24 19:00:00+00:00,-0.8180806193080735
2019-04-24 19:30:00+00:00,-0.5381134591655489
2019-04-24 20:00:00+00:00,-0.4157373433349363
2019-04-24 20:30:00+00:00,-0.3202105670079729
2019-04-24 21:00:00+00:00,-0.0024519791227276986
2019-04-24 21:30:00+00:00,0.22070205699762588
2019-04-24 22:00:00+00:00,-0.15628982082986845
2019-04-24 22:30:00+00:00,-0.5537949936551387
2019-04-24 23:00:00+00:00,-0.6723158595577803
2019-04-24 23:30:00+00:00,-0.5190563491864275
2019-04-25 00:00:00+00:00,-0.7468317076234143
2019-04-25 00:30:00+00:00,-0.9470547864790246
2019-04-25 01:00:00+00:00,-1.02880823521523
2019-04-25 01:30:00+00:00,-1.1000655417714647
2019-04-25 02:00:00+00:00,-1.0999708963472485
2019-04-25 02:30:00+00:00,-1.0999809976297845
2019-04-25 03:00:00+00:00,-1.0564738081933198
2019-04-25 03:30:00+00:00,-1.0599163414600594
2019-04-25 04:00:00+00:00,-1.1022646088203143
2019-04-25 04:30:00+00:00,-1.0891138428711535
2019-04-25 05:00:00+00:00,-0.9221804738201337
2019-04-25 05:30:00+00:00,-0.9913670041639364
2019-04-25 06:00:00+00:00,-0.8179291780794027
2019-04-25 06:30:00+00:00,-0.6217687610732926
2019-04-25 07:00:00+00:00,-0.19806691210865984
2019-04-25 07:30:00+00:00,-0.305031934316999
2019-04-25 08:00:00+00:00,0.6137299171546503
2019-04-25 08:30:00+00:00,0.3358705783040905
2019-04-25 09:00:00+00:00,0.06866919794913585
2019-04-25 09:30:00+00:00,0.8868050059953514
2019-04-25 10:00:00+00:00,0.8242592256663106
2019-04-25 10:30:00+00:00,0.28363148422090695
2019-04-25 11:00:00+00:00,0.14215654939838118
2019-04-25 11:30:00+00:00,0.26599428967536687
2019-04-25 12:00:00+00:00,-0.1706816356020021
2019-04-25 12:30:00+00:00,-0.1329056957873669
2019-04-25 13:00:00+00:00,-0.15694053882549772
2019-04-25 13:30:00+00:00,-0.2919905090640852
2019-04-25 14:00:00+00:00,-0.10356289992591494
2019-04-25 14:30:00+00:00,0.4407922189182893
2019-04-25 15:00:00+00:00,0.2548106224640826
2019-04-25 15:30:00+00:00,1.1595265675803001
2019-04-25 16:00:00+00:00,1.077341157206136
2019-04-25 16:30:00+00:00,0.3825258260375767
2019-04-25 17:00:00+00:00,0.31562319513813586
2019-04-25 17:30:00+00:00,-0.21148971021589222
2019-04-25 18:00:00+00:00,-0.21072258005272085
2019-04-25 18:30:00+00:00,-0.44744565355506316
2019-04-25 19:00:00+00:00,-0.6074287297520026
2019-04-25 19:30:00+00:00,-0.8975784914642387
2019-04-25 20:00:00+00:00,-0.6792652774943869
2019-04-25 20:30:00+00:00,-0.7455894527452188
2019-04-25 21:00:00+00:00,-0.9475674037201067
2019-04-25 21:30:00+00:00,-1.03802279129359
2019-04-25 22:00:00+00:00,-0.9730003897785032
2019-04-25 22:30:00+00:00,-0.7629394851648235
2019-04-25 23:00:00+00:00,-0.5908468489369558
2019-04-25 23:30:00+00:00,-0.6717035485278199
2019-04-26 00:00:00+00:00,-0.18755506542644357
2019-04-26 00:30:00+00:00,-0.7770759413486532
2019-04-26 01:00:00+00:00,-1.0535744105897888
2019-04-26 01:30:00+00:00,-1.103323377290619
2019-04-26 02:00:00+00:00,-1.1000447036531968
2019-04-26 02:30:00+00:00,-1.0900338837912564
2019-04-26 03:00:00+00:00,-1.03940894381716
2019-04-26 03:30:00+00:00,-0.9827268429126744
2019-04-26 04:00:00+00:00,-1.029649575490041
2019-04-26 04:30:00+00:00,-1.105544780610308
2019-04-26 05:00:00+00:00,-1.0796929516915568
2019-04-26 05:30:00+00:00,-1.1043194383616755
2019-04-26 06:00:00+00:00,-1.1036114087119295
2019-04-26 06:30:00+00:00,-1.1029033790621832
2019-04-26 07:00:00+00:00,-1.1029033790621832
2019-04-26 07:30:00+00:00,-1.1029033790621832
2019-04-26 08:00:00+00:00,-1.1007792901129447
2019-04-26 08:30:00+00:00,-1.0890342049812074
2019-04-26 09:00:00+00:00,-1.0772891198494703
2019-04-26 09:30:00+00:00,-1.1066151324916091
2019-04-26 10:00:00+00:00,-0.40355028366619106
2019-04-26 10:30:00+00:00,-0.4572269626811406
2019-04-26 11:00:00+00:00,-0.28906548255734943
2019-04-26 11:30:00+00:00,-0.21883201509159791
2019-04-26 12:00:00+00:00,-0.47005803061649803
2019-04-26 12:30:00+00:00,-0.5429796579997834
2019-04-26 13:00:00+00:00,-0.7083592327259796
2019-04-26 13:30:00+00:00,-0.8376394071010078
2019-04-26 14:00:00+00:00,-0.875095417048855
2019-04-26 14:30:00+00:00,-0.21320167233342321
2019-04-26 15:00:00+00:00,-0.4006711443734349
2019-04-26 15:30:00+00:00,-0.38433342307296203
2019-04-26 16:00:00+00:00,-0.26626601677026884
2019-04-26 16:30:00+00:00,0.09565003804842365
2019-04-26 17:00:00+00:00,0.5454988843573635
2019-04-26 17:30:00+00:00,0.1570357353155879
2019-04-26 18:00:00+00:00,0.0979851013717099
2019-04-26 18:30:00+00:00,0.14918137764616288
2019-04-26 19:00:00+00:00,0.26352967326179505
2019-04-26 19:30:00+00:00,-0.3730164430106153
2019-04-26 20:00:00+00:00,-0.7019411675369145
2019-04-26 20:30:00+00:00,-1.0942757141709432
2019-04-26 21:00:00+00:00,-0.7796839858093579
2019-04-26 21:30:00+00:00,-0.6927605094552699
2019-04-26 22:00:00+00:00,-0.9224628481279478
2019-04-26 22:30:00+00:00,-0.6976398741323108
2019-04-26 23:00:00+00:00,-0.8829982817745343
2019-04-26 23:30:00+00:00,-1.058847537607953
2019-04-27 00:00:00+00:00,-0.8297603498433407
2019-04-27 00:30:00+00:00,-0.30769413579995863
2019-04-27 01:00:00+00:00,-0.6606056096254738
2019-04-27 01:30:00+00:00,-0.746555084690248
2019-04-27 02:00:00+00:00,-0.7574920056988964
2019-04-27 02:30:00+00:00,-1.0462958828830269
2019-04-27 03:00:00+00:00,-1.1013610577228523
2019-04-27 03:30:00+00:00,-1.1002051740034926
2019-04-27 04:00:00+00:00,-1.099067232416584
2019-04-27 04:30:00+00:00,-1.086495802004032
2019-04-27 05:00:00+00:00,-1.0966543605775654
2019-04-27 05:30:00+00:00,-1.0653763933002995
2019-04-27 06:00:00+00:00,-1.0340984260230333
2019-04-27 06:30:00+00:00,-1.0340984260230333
2019-04-27 07:00:00+00:00,-1.0340984260230333
2019-04-27 07:30:00+00:00,-1.0340984260230333
2019-04-27 08:00:00+00:00,-0.9089865569139689
2019-04-27 08:30:00+00:00,-0.8875727318274278
2019-04-27 09:00:00+00:00,-0.620354997529993
2019-04-27 09:30:00+00:00,-0.7053898181452372
2019-04-27 10:00:00+00:00,-0.23010641407498378
2019-04-27 10:30:00+00:00,-0.5523217975826791
2019-04-27 11:00:00+00:00,-0.42491101646227136
2019-04-27 11:30:00+00:00,-0.5796374476900638
2019-04-27 12:00:00+00:00,-0.05287514864896356
2019-04-27 12:30:00+00:00,0.15540221877015503
2019-04-27 13:00:00+00:00,0.7817837910045307
2019-04-27 13:30:00+00:00,1.4119912405056574
2019-04-27 14:00:00+00:00,1.4384612731123922
2019-04-27 14:30:00+00:00,1.1184082709083616
2019-04-27 15:00:00+00:00,0.7771124111043649
2019-04-27 15:30:00+00:00,0.9795400788654446
2019-04-27 16:00:00+00:00,0.706301415775147
2019-04-27 16:30:00+00:00,0.2520619134763165
2019-04-27 17:00:00+00:00,-0.3176159984537827
2019-04-27 17:30:00+00:00,-0.4855681877476535
2019-04-27 18:00:00+00:00,-0.21978145576870423
2019-04-27 18:30:00+00:00,-0.33793289696024226
2019-04-27 19:00:00+00:00,-0.3306865901105026
2019-04-27 19:30:00+00:00,-0.3064736714193083
2019-04-27 20:00:00+00:00,-0.49420220457483116
2019-04-27 20:30:00+00:00,-0.5210375623275649
2019-04-27 21:00:00+00:00,0.005077298501737637
2019-04-27 21:30:00+00:00,0.16443366542335466
2019-04-27 22:00:00+00:00,0.6141394287708586
2019-04-27 22:30:00+00:00,1.0021575637329108
2019-04-27 23:00:00+00:00,1.326724834153364
2019-04-27 23:30:00+00:00,0.6725130402510663
2019-04-28 00:00:00+00:00,0.703556239048172
2019-04-28 00:30:00+00:00,0.6599184362298497
2019-04-28 01:00:00+00:00,-0.4645573077883921
2019-04-28 01:30:00+00:00,-0.9990502228454795
2019-04-28 02:00:00+00:00,-1.1008200221070676
2019-04-28 02:30:00+00:00,-1.1008266048019846
2019-04-28 03:00:00+00:00,-1.1008331874969015
2019-04-28 03:30:00+00:00,-1.1008331874969015
2019-04-28 04:00:00+00:00,-1.1008463528867352
2019-04-28 04:30:00+00:00,-1.0882949554588603
2019-04-28 05:00:00+00:00,-1.0965205493110302
2019-04-28 05:30:00+00:00,-1.1047461431632002
2019-04-28 06:00:00+00:00,-1.104913165986384
2019-04-28 06:30:00+00:00,-1.105080188809568
2019-04-28 07:00:00+00:00,-1.105080188809568
2019-04-28 07:30:00+00:00,-1.105080188809568
2019-04-28 08:00:00+00:00,-1.1055812572791195
2019-04-28 08:30:00+00:00,-1.0870673100374493
2019-04-28 09:00:00+00:00,-0.9889312379834869
2019-04-28 09:30:00+00:00,-1.1000414918576613
2019-04-28 10:00:00+00:00,-0.9433204096434816
2019-04-28 10:30:00+00:00,-0.9307939696433094
2019-04-28 11:00:00+00:00,-0.9780853970282519
2019-04-28 11:30:00+00:00,-1.0149432267357004
2019-04-28 12:00:00+00:00,-0.6634802676626186
2019-04-28 12:30:00+00:00,-0.6450754204734782
2019-04-28 13:00:00+00:00,-0.5434806484948302
2019-04-28 13:30:00+00:00,-0.1659584628443349
2019-04-28 14:00:00+00:00,0.00392773700832268
2019-04-28 14:30:00+00:00,-0.042859689501919214
2019-04-28 15:00:00+00:00,0.20788207805685435
2019-04-28 15:30:00+00:00,0.2235376021293307
2019-04-28 16:00:00+00:00,0.19967307110454613
2019-04-28 16:30:00+00:00,-0.10659920447375795
2019-04-28 17:00:00+00:00,-0.43536243892198423
2019-04-28 17:30:00+00:00,-0.6855633279423262
2019-04-28 18:00:00+00:00,-0.602963623297763
2019-04-28 18:30:00+00:00,0.4708606037644368
2019-04-28 19:00:00+00:00,0.5816326490489041
2019-04-28 19:30:00+00:00,-0.35710076398653473
2019-04-28 20:00:00+00:00,-0.45134390114117673
2019-04-28 20:30:00+00:00,-0.14769088837341696
2019-04-28 21:00:00+00:00,-0.5807535925399745
2019-04-28 21:30:00+00:00,-1.1008649625380116
2019-04-28 22:00:00+00:00,-1.0520712083103374
2019-04-28 22:30:00+00:00,-1.0959964339995136
2019-04-28 23:00:00+00:00,-1.044964858405954
2019-04-28 23:30:00+00:00,-0.9267144842012452
2019-04-29 00:00:00+00:00,-0.5874884878700658
2019-04-29 00:30:00+00:00,-1.097370510998169
2019-04-29 01:00:00+00:00,-1.0215766913186906
2019-04-29 01:30:00+00:00,-1.1040799345313275
2019-04-29 02:00:00+00:00,-1.1016135488628684
2019-04-29 02:30:00+00:00,-1.0991471631944092
2019-04-29 03:00:00+00:00,-1.076656834084341
2019-04-29 03:30:00+00:00,-1.0541665049742728
2019-04-29 04:00:00+00:00,-1.0316761758642046
2019-04-29 04:30:00+00:00,-1.0442287862335429
2019-04-29 05:00:00+00:00,-0.8364186238340199
2019-04-29 05:30:00+00:00,-0.8330250994695224
2019-04-29 06:00:00+00:00,-0.9233485938841702
2019-04-29 06:30:00+00:00,-0.9659858681088563
2019-04-29 07:00:00+00:00,-1.0984549820581813
2019-04-29 07:30:00+00:00,-1.029913740993174
2019-04-29 08:00:00+00:00,-0.9180676508745981
2019-04-29 08:30:00+00:00,-1.0545971226677286
2019-04-29 09:00:00+00:00,-1.1003839123269734
2019-04-29 09:30:00+00:00,-1.1004854775441433
2019-04-29 10:00:00+00:00,-1.099225512176396
2019-04-29 10:30:00+00:00,-1.097965546808649
2019-04-29 11:00:00+00:00,-1.097965546808649
2019-04-29 11:30:00+00:00,-1.097965546808649
2019-04-29 12:00:00+00:00,-1.097965546808649
2019-04-29 12:30:00+00:00,-1.097965546808649
2019-04-29 13:00:00+00:00,-1.097965546808649
2019-04-29 13:30:00+00:00,-1.097965546808649
2019-04-29 14:00:00+00:00,-1.097965546808649
2019-04-29 14:30:00+00:00,-1.097965546808649
2019-04-29 15:00:00+00:00,-1.0866258584989266
2019-04-29 15:30:00+00:00,-0.8854566634529203
2019-04-29 16:00:00+00:00,-0.5920436046345117
2019-04-29 16:30:00+00:00,-0.2714821218500813
2019-04-29 17:00:00+00:00,0.06810534129649512
2019-04-29 17:30:00+00:00,0.4082747851682609
2019-04-29 18:00:00+00:00,0.13582715877567067
2019-04-29 18:30:00+00:00,-0.6588669861811451
2019-04-29 19:00:00+00:00,-0.41939960133232984
2019-04-29 19:30:00+00:00,0.36706652508006515
2019-04-29 20:00:00+00:00,-0.05267852270108862
2019-04-29 20:30:00+00:00,-0.21104973824834425
2019-04-29 21:00:00+00:00,-0.3483482247135271
2019-04-29 21:30:00+00:00,-0.13332815677808715
2019-04-29 22:00:00+00:00,-0.5017498482117608
2019-04-29 22:30:00+00:00,-0.5413103641432371
2019-04-29 23:00:00+00:00,-0.3430541084596051
2019-04-29 23:30:00+00:00,-0.230783659273592
2019-04-30 00:00:00+00:00,-0.009857017465599817
2019-04-30 00:30:00+00:00,0.16341764460806968
2019-04-30 01:00:00+00:00,-0.07357996000025885
2019-04-30 01:30:00+00:00,-0.06129673854865225
2019-04-30 02:00:00+00:00,-0.16826084151337753
2019-04-30 02:30:00+00:00,0.6087311553972659
2019-04-30 03:00:00+00:00,1.0265563517489023
2019-04-30 03:30:00+00:00,0.6836082513254789
2019-04-30 04:00:00+00:00,0.14998092621282302
2019-04-30 04:30:00+00:00,0.06110327759792683
2019-04-30 05:00:00+00:00,-0.24153063054418952
2019-04-30 05:30:00+00:00,-0.529792511705518
2019-04-30 06:00:00+00:00,-0.5600367072665787
2019-04-30 06:30:00+00:00,-0.5902809028276395
2019-04-30 07:00:00+00:00,-0.5902809028276395
2019-04-30 07:30:00+00:00,-0.5902809028276395
2019-04-30 08:00:00+00:00,-0.5902809028276395
2019-04-30 08:30:00+00:00,-0.5902809028276395
2019-04-30 09:00:00+00:00,-0.5902809028276395
2019-04-30 09:30:00+00:00,-0.5902809028276395
2019-04-30 10:00:00+00:00,-0.5902809028276395
2019-04-30 10:30:00+00:00,-0.5902809028276395
2019-04-30 11:00:00+00:00,-0.7415018806329433
2019-04-30 11:30:00+00:00,-0.8927228584382472
2019-04-30 12:00:00+00:00,-0.820424466850335
2019-04-30 12:30:00+00:00,-0.8299998681636813
2019-04-30 13:00:00+00:00,-0.9811665149869774
2019-04-30 13:30:00+00:00,-1.1016901632772989
2019-04-30 14:00:00+00:00,-0.6596635890900877
2019-04-30 14:30:00+00:00,-0.8476056363868804
2019-04-30 15:00:00+00:00,1.7296497228997678
2019-04-30 15:30:00+00:00,1.1072225238523334
2019-04-30 16:00:00+00:00,0.5138010135860986
2019-04-30 16:30:00+00:00,0.3882073341454564
2019-04-30 17:00:00+00:00,1.5683118519185248
2019-04-30 17:30:00+00:00,1.6889205689886833
2019-04-30 18:00:00+00:00,1.285625238044597
2019-04-30 18:30:00+00:00,0.4782392047244578
2019-04-30 19:00:00+00:00,1.1644927518106365
2019-04-30 19:30:00+00:00,1.7081269410760582
2019-04-30 20:00:00+00:00,0.7946848379976819
2019-04-30 20:30:00+00:00,1.0326663573517976
2019-04-30 21:00:00+00:00,1.259467970173114
2019-04-30 21:30:00+00:00,1.1034660290427611
2019-04-30 22:00:00+00:00,0.5309778659064142
2019-04-30 22:30:00+00:00,0.9192779436488476
2019-04-30 23:00:00+00:00,1.0207059913886691
2019-04-30 23:30:00+00:00,1.2760276726366506
2019-05-01 00:00:00+00:00,0.42837653225645717
2019-05-01 00:30:00+00:00,0.33364993418377736
2019-05-01 01:00:00+00:00,0.23892333611109776
2019-05-01 01:30:00+00:00,0.14419673803841795
2019-05-01 02:00:00+00:00,0.21069874867546912
2019-05-01 02:30:00+00:00,-0.2871378477643818
2019-05-01 03:00:00+00:00,-0.2815698582103077
2019-05-01 03:30:00+00:00,-0.45003230230691055
2019-05-01 04:00:00+00:00,-0.3957750498183848
2019-05-01 04:30:00+00:00,-0.0772410913199181
2019-05-01 05:00:00+00:00,0.16445109518940182
2019-05-01 05:30:00+00:00,-0.08182750096912289
2019-05-01 06:00:00+00:00,0.1834585453811226
2019-05-01 06:30:00+00:00,1.1168568831102537
2019-05-01 07:00:00+00:00,1.1483513699332084
2019-05-01 07:30:00+00:00,0.950668349171068
2019-05-01 08:00:00+00:00,0.8059711614449393
2019-05-01 08:30:00+00:00,0.3332181669222585
2019-05-01 09:00:00+00:00,-0.0677733147365521
2019-05-01 09:30:00+00:00,-0.5443427350367397
2019-05-01 10:00:00+00:00,0.1056250571005143
2019-05-01 10:30:00+00:00,0.36639881940926
2019-05-01 11:00:00+00:00,-0.12337814946673459
2019-05-01 11:30:00+00:00,-0.6246216341495913
2019-05-01 12:00:00+00:00,-1.0236633976996659
2019-05-01 12:30:00+00:00,-1.100140647726078
2019-05-01 13:00:00+00:00,-1.083054506770164
2019-05-01 13:30:00+00:00,-0.507167876706485
2019-05-01 14:00:00+00:00,-0.14117821241266335
2019-05-01 14:30:00+00:00,-0.6827854741689119
2019-05-01 15:00:00+00:00,-0.7902117977957109
2019-05-01 15:30:00+00:00,-0.8625992916539539
2019-05-01 16:00:00+00:00,-0.0026912117401601656
2019-05-01 16:30:00+00:00,0.15672813486825796
2019-05-01 17:00:00+00:00,1.5843158406437579
2019-05-01 17:30:00+00:00,1.7437996628041597
2019-05-01 18:00:00+00:00,1.7529650919360813
2019-05-01 18:30:00+00:00,1.7568755160060616
2019-05-01 19:00:00+00:00,1.75253167149578
2019-05-01 19:30:00+00:00,1.7540283121424192
2019-05-01 20:00:00+00:00,1.7503196640687166
2019-05-01 20:30:00+00:00,1.747098900224905
2019-05-01 21:00:00+00:00,1.6247586751556544
2019-05-01 21:30:00+00:00,1.420037087063089
2019-05-01 22:00:00+00:00,1.699571816453933
2019-05-01 22:30:00+00:00,1.7511190914922674
2019-05-01 23:00:00+00:00,1.5680576223771039
2019-05-01 23:30:00+00:00,1.3849961532619401
2019-05-02 00:00:00+00:00,1.2019346841467766
2019-05-02 00:30:00+00:00,1.162480081802431
2019-05-02 01:00:00+00:00,1.4692388113004342
2019-05-02 01:30:00+00:00,1.7438455861711741
2019-05-02 02:00:00+00:00,1.7454089570883036
2019-05-02 02:30:00+00:00,1.7331060817424324
2019-05-02 03:00:00+00:00,1.7439704597118413
2019-05-02 03:30:00+00:00,1.7557048310361396
2019-05-02 04:00:00+00:00,1.7529035665229384
2019-05-02 04:30:00+00:00,1.731955492528221
2019-05-02 05:00:00+00:00,1.711832213817156
2019-05-02 05:30:00+00:00,1.7486008048486528
2019-05-02 06:00:00+00:00,1.6696857745451275
2019-05-02 06:30:00+00:00,1.6408300976056893
2019-05-02 07:00:00+00:00,1.4438477041317805
2019-05-02 07:30:00+00:00,1.532984268288559
2019-05-02 08:00:00+00:00,1.4967151529737854
2019-05-02 08:30:00+00:00,1.260508962759864
2019-05-02 09:00:00+00:00,1.2746250282666922
2019-05-02 09:30:00+00:00,1.0957823367427704
2019-05-02 10:00:00+00:00,1.2665527092133242
2019-05-02 10:30:00+00:00,1.450381531473267
2019-05-02 11:00:00+00:00,1.3793135690201006
2019-05-02 11:30:00+00:00,1.565614285429518
2019-05-02 12:00:00+00:00,1.202143370279468
2019-05-02 12:30:00+00:00,0.6533170317562823
2019-05-02 13:00:00+00:00,0.20274855688888926
2019-05-02 13:30:00+00:00,0.18690873039731368
2019-05-02 14:00:00+00:00,0.06938967508736252
2019-05-02 14:30:00+00:00,0.5958132756075767
2019-05-02 15:00:00+00:00,1.41981227259765
2019-05-02 15:30:00+00:00,1.7191723429169068
2019-05-02 16:00:00+00:00,1.7547624332178597
2019-05-02 16:30:00+00:00,1.7520822043875364
2019-05-02 17:00:00+00:00,1.7478819471043279
2019-05-02 17:30:00+00:00,1.752350298301222
2019-05-02 18:00:00+00:00,1.7395898687565305
2019-05-02 18:30:00+00:00,1.6947905515975272
2019-05-02 19:00:00+00:00,1.5169181285674822
2019-05-02 19:30:00+00:00,1.5224390020149823
2019-05-02 20:00:00+00:00,1.5827582861643765
2019-05-02 20:30:00+00:00,1.7403703719889363
2019-05-02 21:00:00+00:00,1.7528560962049566
2019-05-02 21:30:00+00:00,1.7451873772401332
2019-05-02 22:00:00+00:00,1.7545026649024107
2019-05-02 22:30:00+00:00,1.75364664627072
2019-05-02 23:00:00+00:00,1.7449047523268741
2019-05-02 23:30:00+00:00,1.747995750324934
2019-05-03 00:00:00+00:00,1.7530003554242257
2019-05-03 00:30:00+00:00,1.7456118872602508
2019-05-03 01:00:00+00:00,1.5952538833965069
2019-05-03 01:30:00+00:00,1.6320129736957236
2019-05-03 02:00:00+00:00,1.7481100766394984
2019-05-03 02:30:00+00:00,1.7466381012496195
2019-05-03 03:00:00+00:00,1.7503564706115915
2019-05-03 03:30:00+00:00,1.750910685409583
2019-05-03 04:00:00+00:00,1.7562125061939982
2019-05-03 04:30:00+00:00,1.5598413604576593
2019-05-03 05:00:00+00:00,1.6774106930730983
2019-05-03 05:30:00+00:00,1.3134741759969153
2019-05-03 06:00:00+00:00,1.3369030437146163
2019-05-03 06:30:00+00:00,1.1318237377855616
2019-05-03 07:00:00+00:00,0.5056636887898401
2019-05-03 07:30:00+00:00,0.7471186301634616
2019-05-03 08:00:00+00:00,0.3976091456022731
2019-05-03 08:30:00+00:00,-0.005996583082163367
2019-05-03 09:00:00+00:00,-0.1322128100558112
2019-05-03 09:30:00+00:00,0.22588863161859024
2019-05-03 10:00:00+00:00,-0.20433844883801805
2019-05-03 10:30:00+00:00,-0.22576977560988437
2019-05-03 11:00:00+00:00,-0.3605524304670797
2019-05-03 11:30:00+00:00,-0.3043018144820847
2019-05-03 12:00:00+00:00,-0.29975722344182576
2019-05-03 12:30:00+00:00,-0.5797833461533898
2019-05-03 13:00:00+00:00,-0.5459168592239283
2019-05-03 13:30:00+00:00,-0.45837451317517
2019-05-03 14:00:00+00:00,-0.245112167217186
2019-05-03 14:30:00+00:00,-0.3350501774257261
2019-05-03 15:00:00+00:00,-0.46954074657888956
2019-05-03 15:30:00+00:00,-0.9251626413670664
2019-05-03 16:00:00+00:00,-1.1005212775101596
2019-05-03 16:30:00+00:00,-1.1000485540776288
2019-05-03 17:00:00+00:00,-0.7773249872161099
2019-05-03 17:30:00+00:00,-0.5833197190261636
2019-05-03 18:00:00+00:00,-0.5461134252245895
2019-05-03 18:30:00+00:00,-0.3876022501663472
2019-05-03 19:00:00+00:00,0.07468253476462008
2019-05-03 19:30:00+00:00,0.9922626724154511
2019-05-03 20:00:00+00:00,1.6114607826635763
2019-05-03 20:30:00+00:00,1.7422582437850633
2019-05-03 21:00:00+00:00,1.755070948528994
2019-05-03 21:30:00+00:00,1.7471355470864665
2019-05-03 22:00:00+00:00,1.7456991228139593
2019-05-03 22:30:00+00:00,1.7523953917536677
2019-05-03 23:00:00+00:00,1.743766221193189
2019-05-03 23:30:00+00:00,1.7277764150441248
2019-05-04 00:00:00+00:00,1.662980201874608
2019-05-04 00:30:00+00:00,1.7490398073245783
2019-05-04 01:00:00+00:00,1.7501460299116356
2019-05-04 01:30:00+00:00,1.7476186812561185
2019-05-04 02:00:00+00:00,1.643477166378071
2019-05-04 02:30:00+00:00,1.4366288441674058
2019-05-04 03:00:00+00:00,0.9989513779671279
2019-05-04 03:30:00+00:00,0.9695067240262466
2019-05-04 04:00:00+00:00,0.5102483909502357
2019-05-04 04:30:00+00:00,0.8697201023053204
2019-05-04 05:00:00+00:00,0.3674461588548964
2019-05-04 05:30:00+00:00,0.7523008268357472
2019-05-04 06:00:00+00:00,0.43478553868867587
2019-05-04 06:30:00+00:00,0.13694748355727523
2019-05-04 07:00:00+00:00,0.08277486906767868
2019-05-04 07:30:00+00:00,-0.09263789671075902
2019-05-04 08:00:00+00:00,0.1886583646034885
2019-05-04 08:30:00+00:00,-0.24842073065621662
2019-05-04 09:00:00+00:00,-0.36901939574911635
2019-05-04 09:30:00+00:00,-0.4766460441600119
2019-05-04 10:00:00+00:00,-0.634022174137827
2019-05-04 10:30:00+00:00,-0.6029387985921758
2019-05-04 11:00:00+00:00,-0.8304441519292206
2019-05-04 11:30:00+00:00,-0.9865115108714836
2019-05-04 12:00:00+00:00,-0.9456757671460878
2019-05-04 12:30:00+00:00,-0.5385298464890556
2019-05-04 13:00:00+00:00,-0.5182673377969583
2019-05-04 13:30:00+00:00,-0.848495385668113
2019-05-04 14:00:00+00:00,-1.0000788694568257
2019-05-04 14:30:00+00:00,-1.0605158350237904
2019-05-04 15:00:00+00:00,-1.0811944226499597
2019-05-04 15:30:00+00:00,-1.1001363035160905
2019-05-04 16:00:00+00:00,-1.0997357906351015
2019-05-04 16:30:00+00:00,-1.100166910777467
2019-05-04 17:00:00+00:00,-1.1004791879195002
2019-05-04 17:30:00+00:00,-1.1007914650615331
2019-05-04 18:00:00+00:00,-1.1000933696735757
2019-05-04 18:30:00+00:00,-1.1002878017051048
2019-05-04 19:00:00+00:00,-1.1002962332056707
2019-05-04 19:30:00+00:00,-0.503801987891721
2019-05-04 20:00:00+00:00,-0.7142212680881762
2019-05-04 20:30:00+00:00,-0.8735814683436155
2019-05-04 21:00:00+00:00,0.5724828564842537
2019-05-04 21:30:00+00:00,1.7130115566803905
2019-05-04 22:00:00+00:00,1.317286105944505
2019-05-04 22:30:00+00:00,1.3322608718194415
2019-05-04 23:00:00+00:00,1.5581434651457355
2019-05-04 23:30:00+00:00,1.7263590754417661
2019-05-05 00:00:00+00:00,1.7089831109847835
2019-05-05 00:30:00+00:00,1.4116495585030566
2019-05-05 01:00:00+00:00,0.3535084945880789
2019-05-05 01:30:00+00:00,0.21335138332053274
2019-05-05 02:00:00+00:00,0.03805734463876502
2019-05-05 02:30:00+00:00,0.3451982062962567
2019-05-05 03:00:00+00:00,-0.008880991925023451
2019-05-05 03:30:00+00:00,-0.041929498702888764
2019-05-05 04:00:00+00:00,-0.20656410126584818
2019-05-05 04:30:00+00:00,0.10008806501432864
2019-05-05 05:00:00+00:00,0.19135554484419842
2019-05-05 05:30:00+00:00,-0.1910004700440275
2019-05-05 06:00:00+00:00,0.09315225843150866
2019-05-05 06:30:00+00:00,-0.3621488846785165
2019-05-05 07:00:00+00:00,-0.17432001186638654
2019-05-05 07:30:00+00:00,-0.7328903311645247
2019-05-05 08:00:00+00:00,-0.8058632836602524
2019-05-05 08:30:00+00:00,-0.8170126506520298
2019-05-05 09:00:00+00:00,-0.8260245978474638
2019-05-05 09:30:00+00:00,-1.021948819144106
2019-05-05 10:00:00+00:00,-0.7645078311782677
2019-05-05 10:30:00+00:00,-1.0742151345111606
2019-05-05 11:00:00+00:00,-0.9618871712522166
2019-05-05 11:30:00+00:00,-0.8495592079932723
2019-05-05 12:00:00+00:00,-1.058282921849706
2019-05-05 12:30:00+00:00,-1.0824737326602252
2019-05-05 13:00:00+00:00,-1.091114992126017
2019-05-05 13:30:00+00:00,-1.1036334697933015
2019-05-05 14:00:00+00:00,-1.051928708471644
2019-05-05 14:30:00+00:00,-1.1003872278084499
2019-05-05 15:00:00+00:00,-1.1014751841572503
2019-05-05 15:30:00+00:00,-1.1011944789468808
2019-05-05 16:00:00+00:00,-1.1009137737365113
2019-05-05 16:30:00+00:00,-1.1009137737365113
2019-05-05 17:00:00+00:00,-1.1009137737365113
2019-05-05 17:30:00+00:00,-1.100071658105403
2019-05-05 18:00:00+00:00,-1.0849164049282527
2019-05-05 18:30:00+00:00,-0.03519365626494347
2019-05-05 19:00:00+00:00,1.6290358419342668
2019-05-05 19:30:00+00:00,1.1287595491788702
2019-05-05 20:00:00+00:00,1.1826734174780296
2019-05-05 20:30:00+00:00,0.36129596071937387
2019-05-05 21:00:00+00:00,-0.49693822734588483
2019-05-05 21:30:00+00:00,-0.9649531533571576
2019-05-05 22:00:00+00:00,-0.2787945657251703
2019-05-05 22:30:00+00:00,-0.6507063004766811
2019-05-05 23:00:00+00:00,-0.1103256565857052
2019-05-05 23:30:00+00:00,1.7283956509204021
2019-05-06 00:00:00+00:00,1.7448087955136764
2019-05-06 00:30:00+00:00,1.3217104401612603
2019-05-06 01:00:00+00:00,0.9776349725916806
2019-05-06 01:30:00+00:00,0.05166393944927528
2019-05-06 02:00:00+00:00,1.2058466327184756
2019-05-06 02:30:00+00:00,1.21816272799468
2019-05-06 03:00:00+00:00,0.5767795961081572
2019-05-06 03:30:00+00:00,0.09043318977751465
2019-05-06 04:00:00+00:00,0.21451012414346193
2019-05-06 04:30:00+00:00,-0.014196191771595755
2019-05-06 05:00:00+00:00,0.2438362677828584
2019-05-06 05:30:00+00:00,-0.09971139480006942
2019-05-06 06:00:00+00:00,-0.4042344891354561
2019-05-06 06:30:00+00:00,-0.4330302403610054
2019-05-06 07:00:00+00:00,-0.48036568835702603
2019-05-06 07:30:00+00:00,-0.501407373293415
2019-05-06 08:00:00+00:00,-0.5440994177988269
2019-05-06 08:30:00+00:00,-0.9578803072973961
2019-05-06 09:00:00+00:00,-1.0454546811669956
2019-05-06 09:30:00+00:00,-1.0077528621263403
2019-05-06 10:00:00+00:00,-0.7047552472950782
2019-05-06 10:30:00+00:00,-1.0585972872757439
2019-05-06 11:00:00+00:00,-1.1036364005640107
2019-05-06 11:30:00+00:00,-1.073718220859095
2019-05-06 12:00:00+00:00,-0.9937218145881744
2019-05-06 12:30:00+00:00,-1.0033169415316372
2019-05-06 13:00:00+00:00,-1.0674680065809463
2019-05-06 13:30:00+00:00,-1.0080233798423242
2019-05-06 14:00:00+00:00,-1.1044539295250857
2019-05-06 14:30:00+00:00,-1.10003820036119
2019-05-06 15:00:00+00:00,-1.1000009341254082
2019-05-06 15:30:00+00:00,-1.0997351801885804
2019-05-06 16:00:00+00:00,-0.9015319956283926
2019-05-06 16:30:00+00:00,-0.7033288110682049
2019-05-06 17:00:00+00:00,-0.7033288110682049
2019-05-06 17:30:00+00:00,-0.30692244194782925
2019-05-06 18:00:00+00:00,-0.31231526835375284
2019-05-06 18:30:00+00:00,-0.2881320039315804
2019-05-06 19:00:00+00:00,-0.36120524888379396
2019-05-06 19:30:00+00:00,-0.5860905261641391
2019-05-06 20:00:00+00:00,-0.5890516006595979
2019-05-06 20:30:00+00:00,-0.7426892785730591
2019-05-06 21:00:00+00:00,-0.010784695756350344
2019-05-06 21:30:00+00:00,0.23993030074470187
2019-05-06 22:00:00+00:00,0.8689524266795582
2019-05-06 22:30:00+00:00,1.6518673267431165
2019-05-06 23:00:00+00:00,1.751728938847011
2019-05-06 23:30:00+00:00,1.7452692399152998
2019-05-07 00:00:00+00:00,1.7379996740673767
2019-05-07 00:30:00+00:00,1.7471077295003188
2019-05-07 01:00:00+00:00,1.656466812089436
2019-05-07 01:30:00+00:00,1.3418061063940718
2019-05-07 02:00:00+00:00,1.7553335407790167
2019-05-07 02:30:00+00:00,1.7535679564204356
2019-05-07 03:00:00+00:00,1.7386631786818794
2019-05-07 03:30:00+00:00,1.7409209084977517
2019-05-07 04:00:00+00:00,1.7533160285573257
2019-05-07 04:30:00+00:00,1.6231112024656928
2019-05-07 05:00:00+00:00,1.5687970400120217
2019-05-07 05:30:00+00:00,1.5122133023454407
2019-05-07 06:00:00+00:00,1.054627772242696
2019-05-07 06:30:00+00:00,0.9634526702051489
2019-05-07 07:00:00+00:00,1.1306913411152761
2019-05-07 07:30:00+00:00,0.5878892056596083
2019-05-07 08:00:00+00:00,-0.11507399770639604
2019-05-07 08:30:00+00:00,0.1252682645038935
2019-05-07 09:00:00+00:00,-0.2905329625603327
2019-05-07 09:30:00+00:00,-0.27286230015318486
2019-05-07 10:00:00+00:00,-0.6404020427229999
2019-05-07 10:30:00+00:00,-0.2892850684814712
2019-05-07 11:00:00+00:00,-0.5265939673788914
2019-05-07 11:30:00+00:00,-0.29014653055931816
2019-05-07 12:00:00+00:00,-0.38109001917195245
2019-05-07 12:30:00+00:00,-0.5415276666115275
2019-05-07 13:00:00+00:00,-0.569450205903729
2019-05-07 13:30:00+00:00,-0.7252068356605782
2019-05-07 14:00:00+00:00,-0.7046705510986605
2019-05-07 14:30:00+00:00,-0.5316782212015809
2019-05-07 15:00:00+00:00,-0.44176268178834294
2019-05-07 15:30:00+00:00,-0.6779818840520658
2019-05-07 16:00:00+00:00,-0.5225953912018484
2019-05-07 16:30:00+00:00,0.06490597411119217
2019-05-07 17:00:00+00:00,-0.2547607829281378
2019-05-07 17:30:00+00:00,0.7721820850414364
2019-05-07 18:00:00+00:00,1.5173322136904577
2019-05-07 18:30:00+00:00,1.6772395147045007
2019-05-07 19:00:00+00:00,1.7369986071962347
2019-05-07 19:30:00+00:00,1.095208818051733
2019-05-07 20:00:00+00:00,-0.2977531482980562
2019-05-07 20:30:00+00:00,0.10147127177544768
2019-05-07 21:00:00+00:00,0.9683939227831857
2019-05-07 21:30:00+00:00,1.2992986424462207
2019-05-07 22:00:00+00:00,1.5260663343679028
2019-05-07 22:30:00+00:00,1.1161475274441814
2019-05-07 23:00:00+00:00,1.443754433756243
2019-05-07 23:30:00+00:00,1.7397143525125012
2019-05-08 00:00:00+00:00,1.5553976476745455
2019-05-08 00:30:00+00:00,1.661227704959813
2019-05-08 01:00:00+00:00,1.504114581026874
2019-05-08 01:30:00+00:00,1.5483426051066862
2019-05-08 02:00:00+00:00,1.7470578422435217
2019-05-08 02:30:00+00:00,1.7519275104424559
2019-05-08 03:00:00+00:00,1.7500294240086565
2019-05-08 03:30:00+00:00,1.748814246456062
2019-05-08 04:00:00+00:00,1.7549703884927401
2019-05-08 04:30:00+00:00,1.7415848731902177
2019-05-08 05:00:00+00:00,1.7546471488154107
2019-05-08 05:30:00+00:00,1.6837126537860418
2019-05-08 06:00:00+00:00,1.697612971766006
2019-05-08 06:30:00+00:00,1.3605932967789949
2019-05-08 07:00:00+00:00,1.662022108484412
2019-05-08 07:30:00+00:00,1.316611042314762
2019-05-08 08:00:00+00:00,1.3277304917737318
2019-05-08 08:30:00+00:00,1.5127552139219809
2019-05-08 09:00:00+00:00,1.1563685383950666
2019-05-08 09:30:00+00:00,1.156368253171202
2019-05-08 10:00:00+00:00,1.2185332907841162
2019-05-08 10:30:00+00:00,0.8339134003989783
2019-05-08 11:00:00+00:00,0.4855271851622255
2019-05-08 11:30:00+00:00,0.23238309592248402
2019-05-08 12:00:00+00:00,-0.020760993317257455
2019-05-08 12:30:00+00:00,-0.020760993317257455
2019-05-08 13:00:00+00:00,-0.020760993317257455
2019-05-08 13:30:00+00:00,-0.020760993317257455
2019-05-08 14:00:00+00:00,-1.0333373502762229
2019-05-08 14:30:00+00:00,-0.9970826406895554
2019-05-08 15:00:00+00:00,-1.019210948935667
2019-05-08 15:30:00+00:00,-1.0677735366177252
2019-05-08 16:00:00+00:00,-1.0875367588806246
2019-05-08 16:30:00+00:00,-1.0868951850421043
2019-05-08 17:00:00+00:00,-1.0603049920596104
2019-05-08 17:30:00+00:00,-0.6272540227189556
2019-05-08 18:00:00+00:00,-0.19420305337830068
2019-05-08 18:30:00+00:00,0.23884791596235413
2019-05-08 19:00:00+00:00,1.7013359214660873
2019-05-08 19:30:00+00:00,1.7451122829725392
2019-05-08 20:00:00+00:00,1.743638198382163
2019-05-08 20:30:00+00:00,1.7400963092978579
2019-05-08 21:00:00+00:00,1.7346270875550842
2019-05-08 21:30:00+00:00,1.7449449513329134
2019-05-08 22:00:00+00:00,1.7446639721772588
2019-05-08 22:30:00+00:00,1.742075364324624
2019-05-08 23:00:00+00:00,1.6978192308272968
2019-05-08 23:30:00+00:00,1.7542002004936537
2019-05-09 00:00:00+00:00,1.7041366666044648
2019-05-09 00:30:00+00:00,1.7439373073770483
2019-05-09 01:00:00+00:00,1.6662323874525393
2019-05-09 01:30:00+00:00,1.7491663373988577
2019-05-09 02:00:00+00:00,1.7481854311584832
2019-05-09 02:30:00+00:00,1.750238873583216
2019-05-09 03:00:00+00:00,1.7387981231578324
2019-05-09 03:30:00+00:00,1.729127652088744
2019-05-09 04:00:00+00:00,1.7190938665148703
2019-05-09 04:30:00+00:00,1.6087005406690413
2019-05-09 05:00:00+00:00,1.6010312717211093
2019-05-09 05:30:00+00:00,1.1598256347132736
2019-05-09 06:00:00+00:00,1.1190056333354046
2019-05-09 06:30:00+00:00,1.2973522211791046
2019-05-09 07:00:00+00:00,0.8191451271445661
2019-05-09 07:30:00+00:00,0.6378483920420771
2019-05-09 08:00:00+00:00,-0.10439315355738005
2019-05-09 08:30:00+00:00,0.1874442267689668
2019-05-09 09:00:00+00:00,0.04832760696240957
2019-05-09 09:30:00+00:00,0.028005316721771614
2019-05-09 10:00:00+00:00,-0.2528770239156594
2019-05-09 10:30:00+00:00,-0.42118351864349834
2019-05-09 11:00:00+00:00,0.03373240992923896
2019-05-09 11:30:00+00:00,-0.28104769927348877
2019-05-09 12:00:00+00:00,-0.6415914399889977
2019-05-09 12:30:00+00:00,-0.4809604639217539
2019-05-09 13:00:00+00:00,-0.7453548688362742
2019-05-09 13:30:00+00:00,-0.857541525050553
2019-05-09 14:00:00+00:00,-0.9344087529334175
2019-05-09 14:30:00+00:00,0.1335579612635353
2019-05-09 15:00:00+00:00,0.102775429986957
2019-05-09 15:30:00+00:00,-0.2285722807088309
2019-05-09 16:00:00+00:00,-0.5460680892377394
2019-05-09 16:30:00+00:00,-0.6103041210660919
2019-05-09 17:00:00+00:00,-0.9720904535605942
2019-05-09 17:30:00+00:00,-0.7062456411395787
2019-05-09 18:00:00+00:00,-0.250639611183674
2019-05-09 18:30:00+00:00,0.06281328448876972
2019-05-09 19:00:00+00:00,-0.44870249434972803
2019-05-09 19:30:00+00:00,0.6076371680149547
2019-05-09 20:00:00+00:00,-0.0043452849328972825
2019-05-09 20:30:00+00:00,-0.31536170242694733
2019-05-09 21:00:00+00:00,-0.20404230556264108
2019-05-09 21:30:00+00:00,-0.47071184714768594
2019-05-09 22:00:00+00:00,0.40425882258594065
2019-05-09 22:30:00+00:00,0.2650582755305813
2019-05-09 23:00:00+00:00,0.931386557988607
2019-05-09 23:30:00+00:00,1.0876878955564058
2019-05-10 00:00:00+00:00,1.0898061967574797
2019-05-10 00:30:00+00:00,0.367338727177932
2019-05-10 01:00:00+00:00,0.11347335322765413
2019-05-10 01:30:00+00:00,0.3275603573262016
2019-05-10 02:00:00+00:00,0.48900541392577607
2019-05-10 02:30:00+00:00,0.9044254224462334
2019-05-10 03:00:00+00:00,0.45131272880663265
2019-05-10 03:30:00+00:00,0.024278158555340327
2019-05-10 04:00:00+00:00,0.568463849743836
2019-05-10 04:30:00+00:00,0.42952396973859613
2019-05-10 05:00:00+00:00,-0.1684160482938737
2019-05-10 05:30:00+00:00,-0.04726616199140278
2019-05-10 06:00:00+00:00,-0.3178291238527453
2019-05-10 06:30:00+00:00,-0.20726500312977722
2019-05-10 07:00:00+00:00,-0.7959058762026012
2019-05-10 07:30:00+00:00,-0.6240317683380942
2019-05-10 08:00:00+00:00,-1.1071527927954394
2019-05-10 08:30:00+00:00,-0.9183505289460133
2019-05-10 09:00:00+00:00,-0.7295482650965871
2019-05-10 09:30:00+00:00,-1.1071831514288804
2019-05-10 10:00:00+00:00,-1.0477963857418202
2019-05-10 10:30:00+00:00,-1.1029839791058662
2019-05-10 11:00:00+00:00,-1.1016069568217766
2019-05-10 11:30:00+00:00,-1.1015578097875938
2019-05-10 12:00:00+00:00,-1.101100959957132
2019-05-10 12:30:00+00:00,-1.1006441101266702
2019-05-10 13:00:00+00:00,-1.1006441101266702
2019-05-10 13:30:00+00:00,-1.0997304104657464
2019-05-10 14:00:00+00:00,-1.0998058487096032
2019-05-10 14:30:00+00:00,-1.0999094142266033
2019-05-10 15:00:00+00:00,-1.100148523332375
2019-05-10 15:30:00+00:00,-1.0998556209773473
2019-05-10 16:00:00+00:00,-1.080634710150715
2019-05-10 16:30:00+00:00,-1.0041168082555423
2019-05-10 17:00:00+00:00,-0.7665517962843006
2019-05-10 17:30:00+00:00,-0.9697205716446267
2019-05-10 18:00:00+00:00,-0.5654881221103409
2019-05-10 18:30:00+00:00,-0.5555661056179486
2019-05-10 19:00:00+00:00,-0.4075624135892327
2019-05-10 19:30:00+00:00,-0.3478980979562686
2019-05-10 20:00:00+00:00,-0.5859088111230898
2019-05-10 20:30:00+00:00,-0.8994073674204539
2019-05-10 21:00:00+00:00,-0.9586719445689864
2019-05-10 21:30:00+00:00,-0.9390524997512403
2019-05-10 22:00:00+00:00,-0.705959567653527
2019-05-10 22:30:00+00:00,-0.43040237600752107
2019-05-10 23:00:00+00:00,0.40200351854073785
2019-05-10 23:30:00+00:00,-0.17941117387380306
2019-05-11 00:00:00+00:00,-0.6181582771942892
2019-05-11 00:30:00+00:00,-0.2738128969266896
2019-05-11 01:00:00+00:00,-0.5741740728070808
2019-05-11 01:30:00+00:00,-0.2543751177199391
2019-05-11 02:00:00+00:00,-0.09534822852959786
2019-05-11 02:30:00+00:00,0.2336048688057905
2019-05-11 03:00:00+00:00,0.07075108484116231
2019-05-11 03:30:00+00:00,-0.016896770333511658
2019-05-11 04:00:00+00:00,0.058488196541210846
2019-05-11 04:30:00+00:00,-0.06929892287697012
2019-05-11 05:00:00+00:00,-0.4760585619546211
2019-05-11 05:30:00+00:00,-0.31856361401413497
2019-05-11 06:00:00+00:00,-0.3238933062577485
2019-05-11 06:30:00+00:00,-0.3292229985013621
2019-05-11 07:00:00+00:00,-0.3292229985013621
2019-05-11 07:30:00+00:00,-0.3292229985013621
2019-05-11 08:00:00+00:00,-0.3292229985013621
2019-05-11 08:30:00+00:00,-0.3292229985013621
2019-05-11 09:00:00+00:00,-0.3292229985013621
2019-05-11 09:30:00+00:00,-0.3292229985013621
2019-05-11 10:00:00+00:00,-0.3292229985013621
2019-05-11 10:30:00+00:00,-0.3292229985013621
2019-05-11 11:00:00+00:00,-0.3177173924211274
2019-05-11 11:30:00+00:00,-0.30621178634089274
2019-05-11 12:00:00+00:00,-0.29470618026065803
2019-05-11 12:30:00+00:00,-0.2832005741804233
2019-05-11 13:00:00+00:00,-0.27169496810018867
2019-05-11 13:30:00+00:00,-0.26018936201995396
2019-05-11 14:00:00+00:00,-0.2486837559397193
2019-05-11 14:30:00+00:00,-0.2371781498594846
2019-05-11 15:00:00+00:00,-0.22567254377924992
2019-05-11 15:30:00+00:00,-0.21416693769901524
2019-05-11 16:00:00+00:00,-0.20266133161878053
2019-05-11 16:30:00+00:00,-0.19115572553854585
2019-05-11 17:00:00+00:00,-0.17965011945831116
2019-05-11 17:30:00+00:00,-0.16814451337807648
2019-05-11 18:00:00+00:00,-0.15663890729784177
2019-05-11 18:30:00+00:00,-0.1451333012176071
2019-05-11 19:00:00+00:00,-0.1336276951373724
2019-05-11 19:30:00+00:00,-0.12212208905713773
2019-05-11 20:00:00+00:00,-0.11061648297690302
2019-05-11 20:30:00+00:00,-0.09911087689666834
2019-05-11 21:00:00+00:00,-0.08760527081643366
2019-05-11 21:30:00+00:00,-0.07609966473619895
2019-05-11 22:00:00+00:00,-0.06459405865596429
2019-05-11 22:30:00+00:00,-0.05308845257572958
2019-05-11 23:00:00+00:00,-0.04158284649549493
2019-05-11 23:30:00+00:00,-0.03007724041526022
2019-05-12 00:00:00+00:00,-0.01857163433502551
2019-05-12 00:30:00+00:00,-0.007066028254790857
2019-05-12 01:00:00+00:00,0.004439577825443852
2019-05-12 01:30:00+00:00,0.01594518390567856
2019-05-12 02:00:00+00:00,0.027450789985913215
2019-05-12 02:30:00+00:00,0.038956396066147925
2019-05-12 03:00:00+00:00,0.05046200214638258
2019-05-12 03:30:00+00:00,0.06196760822661729
2019-05-12 04:00:00+00:00,0.073473214306852
2019-05-12 04:30:00+00:00,0.08497882038708665
2019-05-12 05:00:00+00:00,0.09648442646732136
2019-05-12 05:30:00+00:00,0.10799003254755607
2019-05-12 06:00:00+00:00,0.11949563862779072
2019-05-12 06:30:00+00:00,0.13100124470802543
2019-05-12 07:00:00+00:00,0.1425068507882601
2019-05-12 07:30:00+00:00,0.1540124568684948
2019-05-12 08:00:00+00:00,0.1655180629487295
2019-05-12 08:30:00+00:00,0.17702366902896421
2019-05-12 09:00:00+00:00,0.18852927510919887
2019-05-12 09:30:00+00:00,0.20003488118943352
2019-05-12 10:00:00+00:00,0.2115404872696683
2019-05-12 10:30:00+00:00,0.22304609334990294
2019-05-12 11:00:00+00:00,0.2345516994301376
2019-05-12 11:30:00+00:00,0.24605730551037225
2019-05-12 12:00:00+00:00,0.257562911590607
2019-05-12 12:30:00+00:00,0.26906851767084167
2019-05-12 13:00:00+00:00,0.2805741237510763
2019-05-12 13:30:00+00:00,0.2920797298313111
2019-05-12 14:00:00+00:00,0.30358533591154574
2019-05-12 14:30:00+00:00,0.3150909419917804
2019-05-12 15:00:00+00:00,0.32659654807201516
2019-05-12 15:30:00+00:00,0.3381021541522498
2019-05-12 16:00:00+00:00,0.34960776023248447
2019-05-12 16:30:00+00:00,0.36111336631271923
2019-05-12 17:00:00+00:00,0.3726189723929539
2019-05-12 17:30:00+00:00,0.38412457847318854
2019-05-12 18:00:00+00:00,0.3956301845534233
2019-05-12 18:30:00+00:00,0.40713579063365796
2019-05-12 19:00:00+00:00,0.4186413967138926
2019-05-12 19:30:00+00:00,0.43014700279412726
2019-05-12 20:00:00+00:00,0.44165260887436203
2019-05-12 20:30:00+00:00,0.4531582149545967
2019-05-12 21:00:00+00:00,0.46466382103483134
2019-05-12 21:30:00+00:00,0.4761694271150661
2019-05-12 22:00:00+00:00,0.48767503319530076
2019-05-12 22:30:00+00:00,0.4991806392755354
2019-05-12 23:00:00+00:00,0.5106862453557701
2019-05-12 23:30:00+00:00,0.5221918514360049
2019-05-13 00:00:00+00:00,0.5336974575162394
2019-05-13 00:30:00+00:00,0.5452030635964742
2019-05-13 01:00:00+00:00,0.556708669676709
2019-05-13 01:30:00+00:00,0.5682142757569435
2019-05-13 02:00:00+00:00,0.5797198818371783
2019-05-13 02:30:00+00:00,0.591225487917413
2019-05-13 03:00:00+00:00,0.6027310939976476
2019-05-13 03:30:00+00:00,0.6142367000778823
2019-05-13 04:00:00+00:00,0.6257423061581171
2019-05-13 04:30:00+00:00,0.6372479122383516
2019-05-13 05:00:00+00:00,0.6487535183185864
2019-05-13 05:30:00+00:00,0.6602591243988212
2019-05-13 06:00:00+00:00,0.6717647304790557
2019-05-13 06:30:00+00:00,0.6832703365592905
2019-05-13 07:00:00+00:00,0.694775942639525
2019-05-13 07:30:00+00:00,0.7062815487197598
2019-05-13 08:00:00+00:00,0.7177871547999946
2019-05-13 08:30:00+00:00,0.7292927608802291
2019-05-13 09:00:00+00:00,0.7407983669604639
2019-05-13 09:30:00+00:00,0.7523039730406986
2019-05-13 10:00:00+00:00,0.7638095791209332
2019-05-13 10:30:00+00:00,0.7753151852011679
2019-05-13 11:00:00+00:00,0.7868207912814027
2019-05-13 11:30:00+00:00,0.7983263973616372
2019-05-13 12:00:00+00:00,0.809832003441872
2019-05-13 12:30:00+00:00,0.8213376095221065
2019-05-13 13:00:00+00:00,0.8328432156023413
2019-05-13 13:30:00+00:00,0.8443488216825761
2019-05-13 14:00:00+00:00,0.8558544277628106
2019-05-13 14:30:00+00:00,0.8673600338430454
2019-05-13 15:00:00+00:00,0.8788656399232802
2019-05-13 15:30:00+00:00,0.8903712460035147
2019-05-13 16:00:00+00:00,0.9018768520837495
2019-05-13 16:30:00+00:00,0.9133824581639842
2019-05-13 17:00:00+00:00,0.9248880642442188
2019-05-13 17:30:00+00:00,0.9363936703244535
2019-05-13 18:00:00+00:00,0.9478992764046883
2019-05-13 18:30:00+00:00,0.9594048824849228
2019-05-13 19:00:00+00:00,0.9709104885651576
2019-05-13 19:30:00+00:00,0.9824160946453924
2019-05-13 20:00:00+00:00,0.9939217007256269
2019-05-13 20:30:00+00:00,1.0054273068058617
2019-05-13 21:00:00+00:00,1.0169329128860964
2019-05-13 21:30:00+00:00,1.028438518966331
2019-05-13 22:00:00+00:00,1.0399441250465657
2019-05-13 22:30:00+00:00,1.0514497311268005
2019-05-13 23:00:00+00:00,1.062955337207035
2019-05-13 23:30:00+00:00,1.0744609432872698
2019-05-14 00:00:00+00:00,1.0859665493675046
2019-05-14 00:30:00+00:00,1.0974721554477391
2019-05-14 01:00:00+00:00,1.108977761527974
2019-05-14 01:30:00+00:00,1.1204833676082087
2019-05-14 02:00:00+00:00,1.1319889736884432
2019-05-14 02:30:00+00:00,1.143494579768678
2019-05-14 03:00:00+00:00,-0.022170061268601708
2019-05-14 03:30:00+00:00,-0.16358490665784503
2019-05-14 04:00:00+00:00,-0.32928046536732564
2019-05-14 04:30:00+00:00,-0.09741305529127745
2019-05-14 05:00:00+00:00,0.0695970336626469
2019-05-14 05:30:00+00:00,-0.1635271744293967
2019-05-14 06:00:00+00:00,-0.25470738255089415
2019-05-14 06:30:00+00:00,-0.47098644354923275
2019-05-14 07:00:00+00:00,-0.2723052614709943
2019-05-14 07:30:00+00:00,-0.713341736323266
2019-05-14 08:00:00+00:00,-0.6208979641113389
2019-05-14 08:30:00+00:00,-0.6623673513477574
2019-05-14 09:00:00+00:00,-0.734381480266844
2019-05-14 09:30:00+00:00,-0.8063956091859307
2019-05-14 10:00:00+00:00,-0.8063956091859307
2019-05-14 10:30:00+00:00,-0.9504238670241039
2019-05-14 11:00:00+00:00,-1.0322151273924367
2019-05-14 11:30:00+00:00,-1.0216811328753694
2019-05-14 12:00:00+00:00,-0.8293762171235606
2019-05-14 12:30:00+00:00,-1.0276132053444766
2019-05-14 13:00:00+00:00,-1.1012768105464672
2019-05-14 13:30:00+00:00,-1.1002307491262628
2019-05-14 14:00:00+00:00,-1.1000292160393141
2019-05-14 14:30:00+00:00,-1.1001496805277875
2019-05-14 15:00:00+00:00,-1.1004255230472222
2019-05-14 15:30:00+00:00,-1.1002160804266405
2019-05-14 16:00:00+00:00,-0.6165634315110695
2019-05-14 16:30:00+00:00,0.9441935718679297
2019-05-14 17:00:00+00:00,0.9356507957811357
2019-05-14 17:30:00+00:00,0.7810151754615157
2019-05-14 18:00:00+00:00,0.8786353425912069
2019-05-14 18:30:00+00:00,0.20014885630880577
2019-05-14 19:00:00+00:00,0.7635486009441599
2019-05-14 19:30:00+00:00,-0.38036196283564305
2019-05-14 20:00:00+00:00,-0.7057829927447975
2019-05-14 20:30:00+00:00,-0.7446486234654728
2019-05-14 21:00:00+00:00,-0.7393700650017404
2019-05-14 21:30:00+00:00,-0.9588163744340468
2019-05-14 22:00:00+00:00,-0.9652732953951387
2019-05-14 22:30:00+00:00,-0.8849877273136519
2019-05-14 23:00:00+00:00,-1.0030846103422473
2019-05-14 23:30:00+00:00,-1.0167802247332827
2019-05-15 00:00:00+00:00,-0.751652388726223
2019-05-15 00:30:00+00:00,0.007531808434106221
2019-05-15 01:00:00+00:00,0.33347519794932323
2019-05-15 01:30:00+00:00,0.15751075914282378
2019-05-15 02:00:00+00:00,0.42390713671610214
2019-05-15 02:30:00+00:00,-0.1766694006482573
2019-05-15 03:00:00+00:00,0.15564657891452288
2019-05-15 03:30:00+00:00,0.30933610984084087
2019-05-15 04:00:00+00:00,0.21857681709283341
2019-05-15 04:30:00+00:00,0.012305957514899723
2019-05-15 05:00:00+00:00,-0.20409962021430997
2019-05-15 05:30:00+00:00,-0.30857094925679296
2019-05-15 06:00:00+00:00,-0.6350027020456968
2019-05-15 06:30:00+00:00,-0.9304671223203355
2019-05-15 07:00:00+00:00,-0.7984449851609999
2019-05-15 07:30:00+00:00,-0.7317005890860014
2019-05-15 08:00:00+00:00,-0.5840923664703529
2019-05-15 08:30:00+00:00,-0.7068880016441779
2019-05-15 09:00:00+00:00,-0.7337308679865758
2019-05-15 09:30:00+00:00,-1.043675451542002
2019-05-15 10:00:00+00:00,-0.971535371299041
2019-05-15 10:30:00+00:00,-0.9283204761213346
2019-05-15 11:00:00+00:00,-0.019329294095403893
2019-05-15 11:30:00+00:00,1.4971535662807245
2019-05-15 12:00:00+00:00,1.4497517523049608
2019-05-15 12:30:00+00:00,1.4023499383291966
2019-05-15 13:00:00+00:00,1.4023499383291966
2019-05-15 13:30:00+00:00,1.3075463103776688
2019-05-15 14:00:00+00:00,0.032968508265795976
2019-05-15 14:30:00+00:00,-0.5898077625963655
2019-05-15 15:00:00+00:00,1.173887490861225
2019-05-15 15:30:00+00:00,0.5044494907995134
2019-05-15 16:00:00+00:00,-0.3900560965647348
2019-05-15 16:30:00+00:00,-0.1847225163153921
2019-05-15 17:00:00+00:00,-0.07047880159031511
2019-05-15 17:30:00+00:00,0.1616792761858122
2019-05-15 18:00:00+00:00,-0.29541894809268315
2019-05-15 18:30:00+00:00,-0.49582351680504105
2019-05-15 19:00:00+00:00,-0.6405799110641384
2019-05-15 19:30:00+00:00,-0.8097246468622461
2019-05-15 20:00:00+00:00,-0.9238177018477213
2019-05-15 20:30:00+00:00,-0.954772461776989
2019-05-15 21:00:00+00:00,-0.9857272217062569
2019-05-15 21:30:00+00:00,-1.0529443047439433
2019-05-15 22:00:00+00:00,-1.0765804162701866
2019-05-15 22:30:00+00:00,-1.10021652779643
2019-05-15 23:00:00+00:00,-1.100186243913116
2019-05-15 23:30:00+00:00,-1.100129584900026
2019-05-16 00:00:00+00:00,-1.100066677824173
2019-05-16 00:30:00+00:00,-0.9523675154099083
2019-05-16 01:00:00+00:00,-0.9847376389306514
2019-05-16 01:30:00+00:00,-1.070101745204529
2019-05-16 02:00:00+00:00,-0.9311183936545442
2019-05-16 02:30:00+00:00,-0.695793177163298
2019-05-16 03:00:00+00:00,-0.36973761944590816
2019-05-16 03:30:00+00:00,-0.39387378883584956
2019-05-16 04:00:00+00:00,-0.4519767000215601
2019-05-16 04:30:00+00:00,-0.9068924926192348
2019-05-16 05:00:00+00:00,-0.951250007699216
2019-05-16 05:30:00+00:00,-0.9548811514173672
2019-05-16 06:00:00+00:00,-0.9757695376044397
2019-05-16 06:30:00+00:00,-1.101082018954568
2019-05-16 07:00:00+00:00,-1.0611112813511892
2019-05-16 07:30:00+00:00,-0.9467025138956425
2019-05-16 08:00:00+00:00,-1.0964507652792594
2019-05-16 08:30:00+00:00,-0.8668228861075843
2019-05-16 09:00:00+00:00,-1.0426580461447368
2019-05-16 09:30:00+00:00,-1.072933160692938
2019-05-16 10:00:00+00:00,-1.1032082752411394
2019-05-16 10:30:00+00:00,-1.104963791283575
2019-05-16 11:00:00+00:00,-0.9871502107684014
2019-05-16 11:30:00+00:00,-1.025288551009433
2019-05-16 12:00:00+00:00,-1.0634268912504645
2019-05-16 12:30:00+00:00,-1.101565231491496
2019-05-16 13:00:00+00:00,-0.9152814398175292
2019-05-16 13:30:00+00:00,-0.7289976481435622
2019-05-16 14:00:00+00:00,-0.5427138564695952
2019-05-16 14:30:00+00:00,-0.5550235574268824
2019-05-16 15:00:00+00:00,-0.3350575811324432
2019-05-16 15:30:00+00:00,-0.24196454267671177
2019-05-16 16:00:00+00:00,-0.17586857316758098
2019-05-16 16:30:00+00:00,0.10093756787640693
2019-05-16 17:00:00+00:00,0.2811744298075333
2019-05-16 17:30:00+00:00,-0.27229810281697275
2019-05-16 18:00:00+00:00,-0.15025081498424547
2019-05-16 18:30:00+00:00,0.6062424381330809
2019-05-16 19:00:00+00:00,0.059638720231021194
2019-05-16 19:30:00+00:00,-0.40087146072189767
2019-05-16 20:00:00+00:00,-0.4426507259129187
2019-05-16 20:30:00+00:00,-1.066711464405803
2019-05-16 21:00:00+00:00,-1.060373494007921
2019-05-16 21:30:00+00:00,-1.1031460477601196
2019-05-16 22:00:00+00:00,-1.1012205873993182
2019-05-16 22:30:00+00:00,-1.0924147611457427
2019-05-16 23:00:00+00:00,-1.097680420816925
2019-05-16 23:30:00+00:00,-1.1029460804881075
2019-05-17 00:00:00+00:00,-1.100411263662956
2019-05-17 00:30:00+00:00,-1.1004304271261964
2019-05-17 01:00:00+00:00,-1.1005073926261504
2019-05-17 01:30:00+00:00,-1.1001862038633905
2019-05-17 02:00:00+00:00,-1.1003846327920843
2019-05-17 02:30:00+00:00,-1.1010827499508453
2019-05-17 03:00:00+00:00,-0.9675881183137761
2019-05-17 03:30:00+00:00,-0.8406085707343061
2019-05-17 04:00:00+00:00,-0.990639252966076
2019-05-17 04:30:00+00:00,-0.8270119247947009
2019-05-17 05:00:00+00:00,-0.8420538168374491
2019-05-17 05:30:00+00:00,-0.8678757411762879
2019-05-17 06:00:00+00:00,-0.8293387007823928
2019-05-17 06:30:00+00:00,-1.0283330937735293
2019-05-17 07:00:00+00:00,-1.0887828926928513
2019-05-17 07:30:00+00:00,-0.9499194045095022
2019-05-17 08:00:00+00:00,-1.0991661981406526
2019-05-17 08:30:00+00:00,-1.043147264827503
2019-05-17 09:00:00+00:00,-0.9970733338935965
2019-05-17 09:30:00+00:00,-0.979041131204121
2019-05-17 10:00:00+00:00,0.1598873584325532
2019-05-17 10:30:00+00:00,1.2988158480692271
2019-05-17 11:00:00+00:00,1.7368531095532243
2019-05-17 11:30:00+00:00,0.37321635500532363
2019-05-17 12:00:00+00:00,-0.990420399542577
2019-05-17 12:30:00+00:00,-0.8179399329367496
2019-05-17 13:00:00+00:00,-0.6454594663309223
2019-05-17 13:30:00+00:00,-0.6288560099610034
2019-05-17 14:00:00+00:00,0.012394316595221047
2019-05-17 14:30:00+00:00,0.6439794556947296
2019-05-17 15:00:00+00:00,0.34562008680563344
2019-05-17 15:30:00+00:00,0.6172127840944521
2019-05-17 16:00:00+00:00,0.9141541201134474
2019-05-17 16:30:00+00:00,0.5338891178074426
2019-05-17 17:00:00+00:00,0.03035728812429945
2019-05-17 17:30:00+00:00,-0.602705296680144
2019-05-17 18:00:00+00:00,-0.7857849357411618
2019-05-17 18:30:00+00:00,-1.0566769551574287
2019-05-17 19:00:00+00:00,-1.1003138720720804
2019-05-17 19:30:00+00:00,-1.1006724136805277
2019-05-17 20:00:00+00:00,-1.1004127762614098
2019-05-17 20:30:00+00:00,-1.1001531388422918
2019-05-17 21:00:00+00:00,-1.1002652479308792
2019-05-17 21:30:00+00:00,-1.0622636032751394
2019-05-17 22:00:00+00:00,-1.0921478303117695
2019-05-17 22:30:00+00:00,-1.103440188898003
2019-05-17 23:00:00+00:00,-1.1005037364517427
2019-05-17 23:30:00+00:00,-1.100343800491024
2019-05-18 00:00:00+00:00,-1.0666458197642281
2019-05-18 00:30:00+00:00,-1.0329478390374325
2019-05-18 01:00:00+00:00,-1.0329478390374325
2019-05-18 01:30:00+00:00,-1.0329478390374325
2019-05-18 02:00:00+00:00,-1.0329478390374325
2019-05-18 02:30:00+00:00,-0.8981559161302495
2019-05-18 03:00:00+00:00,-0.874679612471407
2019-05-18 03:30:00+00:00,-0.9381936104697369
2019-05-18 04:00:00+00:00,-0.972824919653684
2019-05-18 04:30:00+00:00,-0.9604591761215804
2019-05-18 05:00:00+00:00,-0.5888069260099951
2019-05-18 05:30:00+00:00,-1.0205883701235612
2019-05-18 06:00:00+00:00,-1.0773303189672276
2019-05-18 06:30:00+00:00,-1.1035788410088787
2019-05-18 07:00:00+00:00,-1.0897678007638592
2019-05-18 07:30:00+00:00,-1.0759567605188394
2019-05-18 08:00:00+00:00,-1.0759567605188394
2019-05-18 08:30:00+00:00,-1.0759567605188394
2019-05-18 09:00:00+00:00,-1.0759567605188394
2019-05-18 09:30:00+00:00,-1.0207125995387603
2019-05-18 10:00:00+00:00,-1.0285474132243737
2019-05-18 10:30:00+00:00,-0.7560690405311874
2019-05-18 11:00:00+00:00,-0.9251194954063928
2019-05-18 11:30:00+00:00,-0.7415595718319332
2019-05-18 12:00:00+00:00,-0.8212051808576475
2019-05-18 12:30:00+00:00,-0.7069543157792242
2019-05-18 13:00:00+00:00,-0.876122097087411
2019-05-18 13:30:00+00:00,-0.8422258911332019
2019-05-18 14:00:00+00:00,-0.40446057638075295
2019-05-18 14:30:00+00:00,0.43422416498839916
2019-05-18 15:00:00+00:00,0.7643546040008378
2019-05-18 15:30:00+00:00,1.029875951718572
2019-05-18 16:00:00+00:00,0.35484721316830614
2019-05-18 16:30:00+00:00,-0.3918135154974464
2019-05-18 17:00:00+00:00,-0.3434540285056677
2019-05-18 17:30:00+00:00,-0.6074658881749837
2019-05-18 18:00:00+00:00,-0.9063901867081505
2019-05-18 18:30:00+00:00,-0.8430719052828267
2019-05-18 19:00:00+00:00,-0.5438468382187645
2019-05-18 19:30:00+00:00,-0.40916602942842717
2019-05-18 20:00:00+00:00,-0.28546085539823723
2019-05-18 20:30:00+00:00,0.2283944342174515
2019-05-18 21:00:00+00:00,0.0028996137471784815
2019-05-18 21:30:00+00:00,-0.24173618848645145
2019-05-18 22:00:00+00:00,-0.18355115947743533
2019-05-18 22:30:00+00:00,-0.38368906789436863
2019-05-18 23:00:00+00:00,-0.8345693980278281
2019-05-18 23:30:00+00:00,-1.0136638764759112
2019-05-19 00:00:00+00:00,-1.1003181789854688
2019-05-19 00:30:00+00:00,-1.0354907437204357
2019-05-19 01:00:00+00:00,-0.9107177475574441
2019-05-19 01:30:00+00:00,-0.98402349676123
2019-05-19 02:00:00+00:00,-0.9037556634606368
2019-05-19 02:30:00+00:00,-0.7133974552569936
2019-05-19 03:00:00+00:00,-0.3929997375872147
2019-05-19 03:30:00+00:00,-0.44265802156686124
2019-05-19 04:00:00+00:00,-0.4466836583855611
2019-05-19 04:30:00+00:00,-0.7277220843848488
2019-05-19 05:00:00+00:00,-0.7714647162953864
2019-05-19 05:30:00+00:00,-1.0520291898143415
2019-05-19 06:00:00+00:00,-0.8773948351510229
2019-05-19 06:30:00+00:00,-0.9691507119397115
2019-05-19 07:00:00+00:00,-1.0609065887284
2019-05-19 07:30:00+00:00,-1.0095313405913446
2019-05-19 08:00:00+00:00,-0.9581560924542891
2019-05-19 08:30:00+00:00,-0.9067808443172337
2019-05-19 09:00:00+00:00,-0.7565359924757529
2019-05-19 09:30:00+00:00,-0.9404240798511206
2019-05-19 10:00:00+00:00,-1.0032146871780958
2019-05-19 10:30:00+00:00,-1.0327033632681109
2019-05-19 11:00:00+00:00,-1.0824699890272604
2019-05-19 11:30:00+00:00,-0.6575984464371664
2019-05-19 12:00:00+00:00,-0.8731922745730579
2019-05-19 12:30:00+00:00,0.6941614145436092
2019-05-19 13:00:00+00:00,-0.25976311419304987
2019-05-19 13:30:00+00:00,-0.6990329865125096
2019-05-19 14:00:00+00:00,-0.6279541214127113
2019-05-19 14:30:00+00:00,-0.39764268702914185
2019-05-19 15:00:00+00:00,-0.2631770048467901
2019-05-19 15:30:00+00:00,0.49892224634289656
2019-05-19 16:00:00+00:00,0.4218073972206364
2019-05-19 16:30:00+00:00,0.3395342844849376
2019-05-19 17:00:00+00:00,0.10531577374061388
2019-05-19 17:30:00+00:00,-0.4062933204363169
2019-05-19 18:00:00+00:00,-0.7286517453552691
2019-05-19 18:30:00+00:00,-0.876124063700449
2019-05-19 19:00:00+00:00,-0.7322662017870818
2019-05-19 19:30:00+00:00,-0.9620890893079612
2019-05-19 20:00:00+00:00,-0.6977504305913026
2019-05-19 20:30:00+00:00,-0.8353327545065337
2019-05-19 21:00:00+00:00,-1.1025813303166088
2019-05-19 21:30:00+00:00,-1.101014100114273
2019-05-19 22:00:00+00:00,-1.100491830501011
2019-05-19 22:30:00+00:00,-1.1001895980611378
2019-05-19 23:00:00+00:00,-1.1010787436898397
2019-05-19 23:30:00+00:00,-1.100742757299633
2019-05-20 00:00:00+00:00,-1.1003812648286826
2019-05-20 00:30:00+00:00,-0.9761366310241528
2019-05-20 01:00:00+00:00,-0.902117670315018
2019-05-20 01:30:00+00:00,-1.0404040666698882
2019-05-20 02:00:00+00:00,-0.8748604238877151
2019-05-20 02:30:00+00:00,-0.896173006327318
2019-05-20 03:00:00+00:00,-0.8455893567868549
2019-05-20 03:30:00+00:00,-0.8977321122767704
2019-05-20 04:00:00+00:00,-0.5519744006501112
2019-05-20 04:30:00+00:00,-0.7922376448524744
2019-05-20 05:00:00+00:00,-0.7485587889885112
2019-05-20 05:30:00+00:00,-0.6510632218566509
2019-05-20 06:00:00+00:00,-0.8926621468646772
2019-05-20 06:30:00+00:00,-1.031109745265951
2019-05-20 07:00:00+00:00,-1.0546633694931309
2019-05-20 07:30:00+00:00,-1.0782169937203105
2019-05-20 08:00:00+00:00,-1.1017706179474902
2019-05-20 08:30:00+00:00,-1.1017076199111038
2019-05-20 09:00:00+00:00,-1.1016446218747173
2019-05-20 09:30:00+00:00,-0.9195233623206902
2019-05-20 10:00:00+00:00,-0.9278289608074226
2019-05-20 10:30:00+00:00,-0.9361345592941552
2019-05-20 11:00:00+00:00,-0.9361345592941552
2019-05-20 11:30:00+00:00,-0.9527457562676201
2019-05-20 12:00:00+00:00,-0.8939301851420313
2019-05-20 12:30:00+00:00,-0.995690264948283
2019-05-20 13:00:00+00:00,-1.0305548694957654
2019-05-20 13:30:00+00:00,-1.0654194740432477
2019-05-20 14:00:00+00:00,-1.10028407859073
2019-05-20 14:30:00+00:00,-1.1009882168936358
2019-05-20 15:00:00+00:00,-0.8351274009862678
2019-05-20 15:30:00+00:00,-0.5692665850788999
2019-05-20 16:00:00+00:00,-0.303405769171532
2019-05-20 16:30:00+00:00,-0.2992722949069402
2019-05-20 17:00:00+00:00,0.1159117689934084
2019-05-20 17:30:00+00:00,-0.33429214104507615
2019-05-20 18:00:00+00:00,-0.6291994336508074
2019-05-20 18:30:00+00:00,-0.9171625647840662
2019-05-20 19:00:00+00:00,-0.9024498698795033
2019-05-20 19:30:00+00:00,-1.0795743678289897
2019-05-20 20:00:00+00:00,-1.0611896636786644
2019-05-20 20:30:00+00:00,-1.071976735070209
2019-05-20 21:00:00+00:00,-0.9576506483336824
2019-05-20 21:30:00+00:00,-0.8431078337593174
2019-05-20 22:00:00+00:00,-0.9804206718965478
2019-05-20 22:30:00+00:00,-0.923767788366633
2019-05-20 23:00:00+00:00,-0.8418646832611862
2019-05-20 23:30:00+00:00,-0.9309598906617013
2019-05-21 00:00:00+00:00,-0.9792692961142087
2019-05-21 00:30:00+00:00,-1.1015982645198932
2019-05-21 01:00:00+00:00,-1.1008805702186697
2019-05-21 01:30:00+00:00,-1.1001628759174464
2019-05-21 02:00:00+00:00,-0.8485088862173241
2019-05-21 02:30:00+00:00,-0.7558449162420366
2019-05-21 03:00:00+00:00,-0.5547855443984282
2019-05-21 03:30:00+00:00,-0.42906420883535346
2019-05-21 04:00:00+00:00,-0.734848471016541
2019-05-21 04:30:00+00:00,-0.5218507976752105
2019-05-21 05:00:00+00:00,-0.8808758317511801
2019-05-21 05:30:00+00:00,-1.0170678665575217
2019-05-21 06:00:00+00:00,-0.8259216737220567
2019-05-21 06:30:00+00:00,-0.9864211224460208
2019-05-21 07:00:00+00:00,-1.0698552222585174
2019-05-21 07:30:00+00:00,-1.0402502412680128
2019-05-21 08:00:00+00:00,-1.010645260277508
2019-05-21 08:30:00+00:00,-0.8731970753380771
2019-05-21 09:00:00+00:00,-0.8997979905053356
2019-05-21 09:30:00+00:00,-1.0314349085778334
2019-05-21 10:00:00+00:00,-0.9612790321759723
2019-05-21 10:30:00+00:00,-0.8203107975549983
2019-05-21 11:00:00+00:00,-0.9647174971166084
2019-05-21 11:30:00+00:00,-1.010014482621172
2019-05-21 12:00:00+00:00,-0.8084773225428318
2019-05-21 12:30:00+00:00,-0.7086072673628768
2019-05-21 13:00:00+00:00,-0.699749227113747
2019-05-21 13:30:00+00:00,-0.17775191570418547
2019-05-21 14:00:00+00:00,-0.7684702072866126
2019-05-21 14:30:00+00:00,-0.7946715246048365
2019-05-21 15:00:00+00:00,-0.8284483299604585
2019-05-21 15:30:00+00:00,-0.7473317758740542
2019-05-21 16:00:00+00:00,-0.8480433877211672
2019-05-21 16:30:00+00:00,-0.8523535660143315
2019-05-21 17:00:00+00:00,-0.8680755424458085
2019-05-21 17:30:00+00:00,-1.081085385451102
2019-05-21 18:00:00+00:00,-1.1050760479116106
2019-05-21 18:30:00+00:00,-0.8143051803629867
2019-05-21 19:00:00+00:00,-0.13890314597817718
2019-05-21 19:30:00+00:00,1.3612032054219403
2019-05-21 20:00:00+00:00,0.40449244117617605
2019-05-21 20:30:00+00:00,0.5667220941505331
2019-05-21 21:00:00+00:00,0.7183143104054373
2019-05-21 21:30:00+00:00,0.7737585648227535
2019-05-21 22:00:00+00:00,0.9741153662699863
2019-05-21 22:30:00+00:00,0.6957196859749786
2019-05-21 23:00:00+00:00,0.13217954875406152
2019-05-21 23:30:00+00:00,-0.23234192042800408
2019-05-22 00:00:00+00:00,-0.6536203695415256
2019-05-22 00:30:00+00:00,-0.45744343986336644
2019-05-22 01:00:00+00:00,-0.11948942803946926
2019-05-22 01:30:00+00:00,-0.32404415450899565
2019-05-22 02:00:00+00:00,-0.2698932738871757
2019-05-22 02:30:00+00:00,-0.42167261677609824
2019-05-22 03:00:00+00:00,-0.48343625034197
2019-05-22 03:30:00+00:00,-0.46318376974130027
2019-05-22 04:00:00+00:00,-0.6793323242149888
2019-05-22 04:30:00+00:00,-0.5682595697445894
2019-05-22 05:00:00+00:00,-0.6981874685257968
2019-05-22 05:30:00+00:00,-0.8281153673070041
2019-05-22 06:00:00+00:00,-0.8281153673070041
2019-05-22 06:30:00+00:00,-1.0879711648694188
2019-05-22 07:00:00+00:00,-1.0197685676341417
2019-05-22 07:30:00+00:00,-0.9515659703988646
2019-05-22 08:00:00+00:00,-0.8833633731635877
2019-05-22 08:30:00+00:00,-0.9239304904023248
2019-05-22 09:00:00+00:00,-0.9644976076410618
2019-05-22 09:30:00+00:00,-0.9644976076410618
2019-05-22 10:00:00+00:00,-0.9644976076410618
2019-05-22 10:30:00+00:00,-1.0861989593572732
2019-05-22 11:00:00+00:00,-1.0931423531983229
2019-05-22 11:30:00+00:00,-1.0405446250489943
2019-05-22 12:00:00+00:00,-1.0239239858633922
2019-05-22 12:30:00+00:00,-1.0295587527644416
2019-05-22 13:00:00+00:00,-1.102682543542477
2019-05-22 13:30:00+00:00,-1.0889277315749286
2019-05-22 14:00:00+00:00,-1.104290605333434
2019-05-22 14:30:00+00:00,-1.04938477743211
2019-05-22 15:00:00+00:00,-0.27172083290000953
2019-05-22 15:30:00+00:00,0.09005061647545254
2019-05-22 16:00:00+00:00,-0.13932903139351718
2019-05-22 16:30:00+00:00,-0.5511705602902305
2019-05-22 17:00:00+00:00,-0.49688582057619923
2019-05-22 17:30:00+00:00,-0.513047269882728
2019-05-22 18:00:00+00:00,-0.6913271125202265
2019-05-22 18:30:00+00:00,-0.7381199201584443
2019-05-22 19:00:00+00:00,-0.8439198765056379
2019-05-22 19:30:00+00:00,-0.9667110869058589
2019-05-22 20:00:00+00:00,-0.7143403942297414
2019-05-22 20:30:00+00:00,-0.7062089140448873
2019-05-22 21:00:00+00:00,-0.8928204428566983
2019-05-22 21:30:00+00:00,-1.0996933888699971
2019-05-22 22:00:00+00:00,-1.100860324213627
2019-05-22 22:30:00+00:00,-1.0159222207808727
2019-05-22 23:00:00+00:00,-1.0384585971855829
2019-05-22 23:30:00+00:00,-0.9335614920306368
2019-05-23 00:00:00+00:00,-0.9584784072131995
2019-05-23 00:30:00+00:00,-1.1022661621574632
2019-05-23 01:00:00+00:00,-1.0997799182427306
2019-05-23 01:30:00+00:00,-1.0999514550325566
2019-05-23 02:00:00+00:00,-1.1002312462526886
2019-05-23 02:30:00+00:00,-1.1005938388475929
2019-05-23 03:00:00+00:00,-1.0995120106468539
2019-05-23 03:30:00+00:00,-1.1026137453907099
2019-05-23 04:00:00+00:00,-1.0066201784361415
2019-05-23 04:30:00+00:00,-1.091173188620369
2019-05-23 05:00:00+00:00,-0.9731669877645955
2019-05-23 05:30:00+00:00,-1.0569709220458312
2019-05-23 06:00:00+00:00,-1.0990815984901379
2019-05-23 06:30:00+00:00,-1.0996645666874063
2019-05-23 07:00:00+00:00,-1.1002475348846745
2019-05-23 07:30:00+00:00,-1.100830503081943
2019-05-23 08:00:00+00:00,-1.1008056618481161
2019-05-23 08:30:00+00:00,-1.1007808206142893
2019-05-23 09:00:00+00:00,-1.1007559793804627
2019-05-23 09:30:00+00:00,-1.1018906292057495
2019-05-23 10:00:00+00:00,-1.0526473834359988
2019-05-23 10:30:00+00:00,-1.10407692137797
2019-05-23 11:00:00+00:00,-1.011555536184978
2019-05-23 11:30:00+00:00,-1.0907886847791097
2019-05-23 12:00:00+00:00,-0.7254283532809197
2019-05-23 12:30:00+00:00,0.2602855710762348
2019-05-23 13:00:00+00:00,-0.36351235574101615
2019-05-23 13:30:00+00:00,0.6420298091327352
2019-05-23 14:00:00+00:00,0.8068333043562119
2019-05-23 14:30:00+00:00,-0.16760655610434413
2019-05-23 15:00:00+00:00,-0.5466454601438762
2019-05-23 15:30:00+00:00,-1.0246356511414831
2019-05-23 16:00:00+00:00,-1.1010424244943353
2019-05-23 16:30:00+00:00,-0.6830410250438026
2019-05-23 17:00:00+00:00,-0.6620950926948682
2019-05-23 17:30:00+00:00,-0.2454628576976868
2019-05-23 18:00:00+00:00,0.3274962169214355
2019-05-23 18:30:00+00:00,0.9621558042808608
2019-05-23 19:00:00+00:00,0.3011510291127103
2019-05-23 19:30:00+00:00,0.40732016602034554
2019-05-23 20:00:00+00:00,1.036164444689244
2019-05-23 20:30:00+00:00,0.922268659670991
2019-05-23 21:00:00+00:00,0.434077096295713
2019-05-23 21:30:00+00:00,0.6046141888663242
2019-05-23 22:00:00+00:00,0.7948932717298901
2019-05-23 22:30:00+00:00,0.37856290296899103
2019-05-23 23:00:00+00:00,0.022454963014089176
2019-05-23 23:30:00+00:00,-0.08554268991982023
2019-05-24 00:00:00+00:00,-0.36818191245989534
2019-05-24 00:30:00+00:00,-0.5115769931716554
2019-05-24 01:00:00+00:00,-0.4205494441241063
2019-05-24 01:30:00+00:00,-0.5535171672265459
2019-05-24 02:00:00+00:00,0.09606468873914455
2019-05-24 02:30:00+00:00,0.05247620021943104
2019-05-24 03:00:00+00:00,-0.5229465222069979
2019-05-24 03:30:00+00:00,-0.8213684670706018
2019-05-24 04:00:00+00:00,-0.9797573470000948
2019-05-24 04:30:00+00:00,-1.0789694593760466
2019-05-24 05:00:00+00:00,-1.0133795365495495
2019-05-24 05:30:00+00:00,-1.1005451102441346
2019-05-24 06:00:00+00:00,-1.1057468570956663
2019-05-24 06:30:00+00:00,-1.1039183089954734
2019-05-24 07:00:00+00:00,-1.0492895185278595
2019-05-24 07:30:00+00:00,-0.9415180440340778
2019-05-24 08:00:00+00:00,-0.8939666680962296
2019-05-24 08:30:00+00:00,-1.0110088107639064
2019-05-24 09:00:00+00:00,-1.0903246244614135
2019-05-24 09:30:00+00:00,-0.9237270632608316
2019-05-24 10:00:00+00:00,-0.9991528018531572
2019-05-24 10:30:00+00:00,-1.0745785404454828
2019-05-24 11:00:00+00:00,-1.0904883921468729
2019-05-24 11:30:00+00:00,-1.0414078743934443
2019-05-24 12:00:00+00:00,-1.0467355080824887
2019-05-24 12:30:00+00:00,-1.098279971585829
2019-05-24 13:00:00+00:00,-1.084063538770118
2019-05-24 13:30:00+00:00,-1.0698471059544075
2019-05-24 14:00:00+00:00,-0.2430969726285693
2019-05-24 14:30:00+00:00,-0.7392727391750941
2019-05-24 15:00:00+00:00,-0.8544831444301404
2019-05-24 15:30:00+00:00,-0.979099144883274
2019-05-24 16:00:00+00:00,-1.1037151453364076
2019-05-24 16:30:00+00:00,-0.5392701677201125
2019-05-24 17:00:00+00:00,-0.9436164834924081
2019-05-24 17:30:00+00:00,0.6916483904949785
2019-05-24 18:00:00+00:00,-0.4660838566625466
2019-05-24 18:30:00+00:00,-0.7890086121721408
2019-05-24 19:00:00+00:00,-0.22406375786649657
2019-05-24 19:30:00+00:00,0.21406843284222285
2019-05-24 20:00:00+00:00,1.3246549597368698
2019-05-24 20:30:00+00:00,0.44205417263400404
2019-05-24 21:00:00+00:00,0.12477001775513258
2019-05-24 21:30:00+00:00,0.8884775766309292
2019-05-24 22:00:00+00:00,0.38141869810029577
2019-05-24 22:30:00+00:00,0.38107220506644224
2019-05-24 23:00:00+00:00,-0.17069806166086596
2019-05-24 23:30:00+00:00,0.2326368564690645
2019-05-25 00:00:00+00:00,0.7412765883485568
2019-05-25 00:30:00+00:00,1.033207308280529
2019-05-25 01:00:00+00:00,1.1328384630485293
2019-05-25 01:30:00+00:00,1.4602797039664166
2019-05-25 02:00:00+00:00,1.7206367799236173
2019-05-25 02:30:00+00:00,1.6829106823110886
2019-05-25 03:00:00+00:00,1.0183446063750083
2019-05-25 03:30:00+00:00,0.43948032866482
2019-05-25 04:00:00+00:00,0.2565287052108153
2019-05-25 04:30:00+00:00,0.013430245656592264
2019-05-25 05:00:00+00:00,-0.19063635241456958
2019-05-25 05:30:00+00:00,-0.3150037829547222
2019-05-25 06:00:00+00:00,-0.19819718024931396
2019-05-25 06:30:00+00:00,-0.25994623908856385
2019-05-25 07:00:00+00:00,-0.687060766254943
2019-05-25 07:30:00+00:00,-0.7541292734429124
2019-05-25 08:00:00+00:00,-0.8295301668064722
2019-05-25 08:30:00+00:00,-0.9051440874937716
2019-05-25 09:00:00+00:00,-0.7894936064923629
2019-05-25 09:30:00+00:00,-0.5796115492530604
2019-05-25 10:00:00+00:00,-0.9358977240840971
2019-05-25 10:30:00+00:00,-1.1024273477121052
2019-05-25 11:00:00+00:00,-1.101137626993429
2019-05-25 11:30:00+00:00,-0.9463021916245865
2019-05-25 12:00:00+00:00,-1.1043501793078037
2019-05-25 12:30:00+00:00,-1.1035884601007413
2019-05-25 13:00:00+00:00,-1.1028267408936794
2019-05-25 13:30:00+00:00,-1.1028267408936794
2019-05-25 14:00:00+00:00,-1.1028267408936794
2019-05-25 14:30:00+00:00,-1.1005415832724925
2019-05-25 15:00:00+00:00,-1.0259592662522374
2019-05-25 15:30:00+00:00,-1.0220662645253693
2019-05-25 16:00:00+00:00,-0.863426001027117
2019-05-25 16:30:00+00:00,-1.0313156078026975
2019-05-25 17:00:00+00:00,-0.9256773171451611
2019-05-25 17:30:00+00:00,-1.042006359876967
2019-05-25 18:00:00+00:00,-1.100185168302538
2019-05-25 18:30:00+00:00,-0.9082946432712566
2019-05-25 19:00:00+00:00,-1.0498275769028893
2019-05-25 19:30:00+00:00,-0.30112850845889755
2019-05-25 20:00:00+00:00,0.836276830312348
2019-05-25 20:30:00+00:00,0.1984066817140027
2019-05-25 21:00:00+00:00,0.4776658411600007
2019-05-25 21:30:00+00:00,1.4569290103281936
2019-05-25 22:00:00+00:00,1.759237803693012
2019-05-25 22:30:00+00:00,1.7502509625599356
2019-05-25 23:00:00+00:00,1.6902420962024063
2019-05-25 23:30:00+00:00,1.4468223767704118
2019-05-26 00:00:00+00:00,1.608394678178166
2019-05-26 00:30:00+00:00,1.3687456972257632
2019-05-26 01:00:00+00:00,0.5793438576820975
2019-05-26 01:30:00+00:00,0.36425877239693655
2019-05-26 02:00:00+00:00,1.2655537363054976
2019-05-26 02:30:00+00:00,1.6808999472807558
2019-05-26 03:00:00+00:00,1.6301944262266823
2019-05-26 03:30:00+00:00,1.3278568265360775
2019-05-26 04:00:00+00:00,0.9530134899867585
2019-05-26 04:30:00+00:00,0.7069285856102291
2019-05-26 05:00:00+00:00,0.33658047834360194
2019-05-26 05:30:00+00:00,-0.08221440862773446
2019-05-26 06:00:00+00:00,-0.11963209482161953
2019-05-26 06:30:00+00:00,-0.38436950398815545
2019-05-26 07:00:00+00:00,0.0586218907308294
2019-05-26 07:30:00+00:00,-0.42591895307873284
2019-05-26 08:00:00+00:00,-0.09392187453000736
2019-05-26 08:30:00+00:00,-0.8166106453674554
2019-05-26 09:00:00+00:00,-0.5881808529756862
2019-05-26 09:30:00+00:00,-1.0402022000920867
2019-05-26 10:00:00+00:00,-0.9979445996057159
2019-05-26 10:30:00+00:00,-1.0689977303949962
2019-05-26 11:00:00+00:00,-1.0907837451218492
2019-05-26 11:30:00+00:00,-1.0715356390497122
2019-05-26 12:00:00+00:00,-1.017122067178263
2019-05-26 12:30:00+00:00,-0.9177916935179268
2019-05-26 13:00:00+00:00,-0.559207980031891
2019-05-26 13:30:00+00:00,-0.1769091961930373
2019-05-26 14:00:00+00:00,1.7509295062787302
2019-05-26 14:30:00+00:00,-0.4144915295154053
2019-05-26 15:00:00+00:00,-1.1037790159595937
2019-05-26 15:30:00+00:00,-1.1015106881883652
2019-05-26 16:00:00+00:00,-0.048706056202619114
2019-05-26 16:30:00+00:00,-0.0005606103975941872
2019-05-26 17:00:00+00:00,-0.007143414924078578
2019-05-26 17:30:00+00:00,-0.013726219450563158
2019-05-26 18:00:00+00:00,-0.013726219450563158
2019-05-26 18:30:00+00:00,-0.013726219450563158
2019-05-26 19:00:00+00:00,-0.013726219450563158
2019-05-26 19:30:00+00:00,-0.013726219450563158
2019-05-26 20:00:00+00:00,-0.013726219450563158
2019-05-26 20:30:00+00:00,-0.013726219450563158
2019-05-26 21:00:00+00:00,-0.013726219450563158
2019-05-26 21:30:00+00:00,-0.013726219450563158
2019-05-26 22:00:00+00:00,-0.014487994998532105
2019-05-26 22:30:00+00:00,-0.015249770546501054
2019-05-26 23:00:00+00:00,-0.016011546094470003
2019-05-26 23:30:00+00:00,-0.01677332164243895
2019-05-27 00:00:00+00:00,-0.017535097190407897
2019-05-27 00:30:00+00:00,-0.018296872738376845
2019-05-27 01:00:00+00:00,-0.019058648286345792
2019-05-27 01:30:00+00:00,-0.01982042383431474
2019-05-27 02:00:00+00:00,-0.020582199382283686
2019-05-27 02:30:00+00:00,-0.021343974930252637
2019-05-27 03:00:00+00:00,-0.022105750478221584
2019-05-27 03:30:00+00:00,-0.02286752602619053
2019-05-27 04:00:00+00:00,-0.02362930157415948
2019-05-27 04:30:00+00:00,-0.02439107712212843
2019-05-27 05:00:00+00:00,-0.025152852670097377
2019-05-27 05:30:00+00:00,-0.025914628218066324
2019-05-27 06:00:00+00:00,-0.02667640376603527
2019-05-27 06:30:00+00:00,-0.02743817931400422
2019-05-27 07:00:00+00:00,-0.028199954861973166
2019-05-27 07:30:00+00:00,-0.028961730409942113
2019-05-27 08:00:00+00:00,-0.02972350595791106
2019-05-27 08:30:00+00:00,-0.03048528150588001
2019-05-27 09:00:00+00:00,-0.031247057053848958
2019-05-27 09:30:00+00:00,-0.0320088326018179
2019-05-27 10:00:00+00:00,-0.032770608149786856
2019-05-27 10:30:00+00:00,-0.033532383697755797
2019-05-27 11:00:00+00:00,-0.03429415924572475
2019-05-27 11:30:00+00:00,-0.0350559347936937
2019-05-27 12:00:00+00:00,-0.035817710341662645
2019-05-27 12:30:00+00:00,-0.03657948588963159
2019-05-27 13:00:00+00:00,-0.03734126143760054
2019-05-27 13:30:00+00:00,-0.03810303698556949
2019-05-27 14:00:00+00:00,-0.038864812533538434
2019-05-27 14:30:00+00:00,-0.03962658808150739
2019-05-27 15:00:00+00:00,-0.04038836362947633
2019-05-27 15:30:00+00:00,-0.04115013917744528
2019-05-27 16:00:00+00:00,-0.04191191472541422
2019-05-27 16:30:00+00:00,-0.04267369027338318
2019-05-27 17:00:00+00:00,-0.04343546582135212
2019-05-27 17:30:00+00:00,-0.04419724136932107
2019-05-27 18:00:00+00:00,-0.04495901691729002
2019-05-27 18:30:00+00:00,-0.045720792465258966
2019-05-27 19:00:00+00:00,-0.04648256801322792
2019-05-27 19:30:00+00:00,-0.04724434356119686
2019-05-27 20:00:00+00:00,-0.048006119109165815
2019-05-27 20:30:00+00:00,-0.048767894657134755
2019-05-27 21:00:00+00:00,-0.04952967020510371
2019-05-27 21:30:00+00:00,-0.05029144575307265
2019-05-27 22:00:00+00:00,-0.051053221301041604
2019-05-27 22:30:00+00:00,-0.051814996849010544
2019-05-27 23:00:00+00:00,-0.0525767723969795
2019-05-27 23:30:00+00:00,-0.05333854794494844
2019-05-28 00:00:00+00:00,-0.05410032349291739
2019-05-28 00:30:00+00:00,-0.054862099040886333
2019-05-28 01:00:00+00:00,-0.05562387458885529
2019-05-28 01:30:00+00:00,-0.05638565013682424
2019-05-28 02:00:00+00:00,-0.05714742568479318
2019-05-28 02:30:00+00:00,-0.057909201232762136
2019-05-28 03:00:00+00:00,-0.05867097678073108
2019-05-28 03:30:00+00:00,-0.05943275232870003
2019-05-28 04:00:00+00:00,-0.06019452787666897
2019-05-28 04:30:00+00:00,-0.060956303424637925
2019-05-28 05:00:00+00:00,-0.061718078972606866
2019-05-28 05:30:00+00:00,-0.06247985452057582
2019-05-28 06:00:00+00:00,-0.06324163006854476
2019-05-28 06:30:00+00:00,-0.06400340561651371
2019-05-28 07:00:00+00:00,-0.06476518116448265
2019-05-28 07:30:00+00:00,-0.06552695671245161
2019-05-28 08:00:00+00:00,-0.06628873226042056
2019-05-28 08:30:00+00:00,-0.0670505078083895
2019-05-28 09:00:00+00:00,-0.06781228335635846
2019-05-28 09:30:00+00:00,-0.0685740589043274
2019-05-28 10:00:00+00:00,-0.06933583445229635
2019-05-28 10:30:00+00:00,-0.07009761000026529
2019-05-28 11:00:00+00:00,-0.07085938554823425
2019-05-28 11:30:00+00:00,-0.07162116109620319
2019-05-28 12:00:00+00:00,-0.07238293664417214
2019-05-28 12:30:00+00:00,-0.07314471219214108
2019-05-28 13:00:00+00:00,-0.07390648774011004
2019-05-28 13:30:00+00:00,-0.07466826328807899
2019-05-28 14:00:00+00:00,-0.07543003883604793
2019-05-28 14:30:00+00:00,-0.07619181438401688
2019-05-28 15:00:00+00:00,-0.07695358993198582
2019-05-28 15:30:00+00:00,-0.07771536547995476
2019-05-28 16:00:00+00:00,-0.07847714102792372
2019-05-28 16:30:00+00:00,-0.07923891657589267
2019-05-28 17:00:00+00:00,-0.08000069212386161
2019-05-28 17:30:00+00:00,-0.08076246767183057
2019-05-28 18:00:00+00:00,-0.08152424321979951
2019-05-28 18:30:00+00:00,-0.08228601876776846
2019-05-28 19:00:00+00:00,-0.0830477943157374
2019-05-28 19:30:00+00:00,-0.08380956986370636
2019-05-28 20:00:00+00:00,-0.0845713454116753
2019-05-28 20:30:00+00:00,-0.08533312095964425
2019-05-28 21:00:00+00:00,-0.08609489650761319
2019-05-28 21:30:00+00:00,-0.08685667205558215
2019-05-28 22:00:00+00:00,-0.08761844760355109
2019-05-28 22:30:00+00:00,-0.08838022315152004
2019-05-28 23:00:00+00:00,-0.089141998699489
2019-05-28 23:30:00+00:00,-0.08990377424745793
2019-05-29 00:00:00+00:00,-0.09066554979542689
2019-05-29 00:30:00+00:00,-0.09142732534339583
2019-05-29 01:00:00+00:00,-0.09218910089136478
2019-05-29 01:30:00+00:00,-0.09295087643933372
2019-05-29 02:00:00+00:00,-0.09371265198730268
2019-05-29 02:30:00+00:00,-0.09447442753527162
2019-05-29 03:00:00+00:00,-0.09523620308324057
2019-05-29 03:30:00+00:00,-0.09599797863120951
2019-05-29 04:00:00+00:00,-0.09675975417917847
2019-05-29 04:30:00+00:00,-0.09752152972714741
2019-05-29 05:00:00+00:00,-0.09828330527511636
2019-05-29 05:30:00+00:00,-0.09904508082308532
2019-05-29 06:00:00+00:00,-0.09980685637105426
2019-05-29 06:30:00+00:00,-0.10056863191902321
2019-05-29 07:00:00+00:00,-0.10133040746699215
2019-05-29 07:30:00+00:00,-0.1020921830149611
2019-05-29 08:00:00+00:00,-0.10285395856293005
2019-05-29 08:30:00+00:00,-0.103615734110899
2019-05-29 09:00:00+00:00,-0.10437750965886794
2019-05-29 09:30:00+00:00,-0.1051392852068369
2019-05-29 10:00:00+00:00,-0.10590106075480583
2019-05-29 10:30:00+00:00,-0.10666283630277479
2019-05-29 11:00:00+00:00,-0.10742461185074374
2019-05-29 11:30:00+00:00,-0.10818638739871268
2019-05-29 12:00:00+00:00,-0.10894816294668164
2019-05-29 12:30:00+00:00,-0.10970993849465058
2019-05-29 13:00:00+00:00,-0.11047171404261953
2019-05-29 13:30:00+00:00,-0.11123348959058847
2019-05-29 14:00:00+00:00,-0.11199526513855743
2019-05-29 14:30:00+00:00,-0.11275704068652637
2019-05-29 15:00:00+00:00,-0.11351881623449532
2019-05-29 15:30:00+00:00,-0.11428059178246426
2019-05-29 16:00:00+00:00,-0.11504236733043322
2019-05-29 16:30:00+00:00,-0.11580414287840216
2019-05-29 17:00:00+00:00,-0.11656591842637111
2019-05-29 17:30:00+00:00,-0.11732769397434006
2019-05-29 18:00:00+00:00,-0.118089469522309
2019-05-29 18:30:00+00:00,-0.11885124507027796
2019-05-29 19:00:00+00:00,-0.1196130206182469
2019-05-29 19:30:00+00:00,-0.12037479616621585
2019-05-29 20:00:00+00:00,-0.1211365717141848
2019-05-29 20:30:00+00:00,-0.12189834726215375
2019-05-29 21:00:00+00:00,-0.12266012281012269
2019-05-29 21:30:00+00:00,-0.12342189835809164
2019-05-29 22:00:00+00:00,-0.12418367390606058
2019-05-29 22:30:00+00:00,-0.12494544945402954
2019-05-29 23:00:00+00:00,-0.1257072250019985
2019-05-29 23:30:00+00:00,-0.12646900054996743
2019-05-30 00:00:00+00:00,-0.1272307760979364
2019-05-30 00:30:00+00:00,-0.12799255164590534
2019-05-30 01:00:00+00:00,-0.12875432719387428
2019-05-30 01:30:00+00:00,-0.12951610274184322
2019-05-30 02:00:00+00:00,-0.1302778782898122
2019-05-30 02:30:00+00:00,-0.13103965383778113
2019-05-30 03:00:00+00:00,-0.13180142938575007
2019-05-30 03:30:00+00:00,-0.132563204933719
2019-05-30 04:00:00+00:00,-0.13332498048168798
2019-05-30 04:30:00+00:00,-0.13408675602965692
2019-05-30 05:00:00+00:00,-0.13484853157762586
2019-05-30 05:30:00+00:00,-0.13561030712559483
2019-05-30 06:00:00+00:00,-0.13637208267356377
2019-05-30 06:30:00+00:00,-0.1371338582215327
2019-05-30 07:00:00+00:00,-0.13789563376950165
2019-05-30 07:30:00+00:00,-0.13865740931747061
2019-05-30 08:00:00+00:00,-0.13941918486543955
2019-05-30 08:30:00+00:00,-0.1401809604134085
2019-05-30 09:00:00+00:00,-0.14094273596137744
2019-05-30 09:30:00+00:00,-0.14170451150934638
2019-05-30 10:00:00+00:00,-0.14246628705731534
2019-05-30 10:30:00+00:00,-0.14322806260528428
2019-05-30 11:00:00+00:00,-0.14398983815325322
2019-05-30 11:30:00+00:00,-0.1447516137012222
2019-05-30 12:00:00+00:00,-0.14551338924919113
2019-05-30 12:30:00+00:00,-0.14627516479716007
2019-05-30 13:00:00+00:00,-0.147036940345129
2019-05-30 13:30:00+00:00,-0.14779871589309798
2019-05-30 14:00:00+00:00,-0.14856049144106692
2019-05-30 14:30:00+00:00,-0.14932226698903586
2019-05-30 15:00:00+00:00,-0.1500840425370048
2019-05-30 15:30:00+00:00,-0.15084581808497377
2019-05-30 16:00:00+00:00,-0.1516075936329427
2019-05-30 16:30:00+00:00,-0.15236936918091165
2019-05-30 17:00:00+00:00,-0.1531311447288806
2019-05-30 17:30:00+00:00,-0.15389292027684956
2019-05-30 18:00:00+00:00,-0.1546546958248185
2019-05-30 18:30:00+00:00,-0.15541647137278744
2019-05-30 19:00:00+00:00,-0.1561782469207564
2019-05-30 19:30:00+00:00,-0.15694002246872535
2019-05-30 20:00:00+00:00,-0.1577017980166943
2019-05-30 20:30:00+00:00,-0.15846357356466323
2019-05-30 21:00:00+00:00,-0.1592253491126322
2019-05-30 21:30:00+00:00,-0.15998712466060114
2019-05-30 22:00:00+00:00,-0.16074890020857008
2019-05-30 22:30:00+00:00,-0.16151067575653902
2019-05-30 23:00:00+00:00,-0.162272451304508
2019-05-30 23:30:00+00:00,-0.16303422685247693
2019-05-31 00:00:00+00:00,-0.16379600240044587
2019-05-31 00:30:00+00:00,-0.16455777794841484
2019-05-31 01:00:00+00:00,-0.16531955349638378
2019-05-31 01:30:00+00:00,-0.16608132904435272
2019-05-31 02:00:00+00:00,-0.16684310459232166
2019-05-31 02:30:00+00:00,-0.16760488014029062
2019-05-31 03:00:00+00:00,-0.16836665568825956
2019-05-31 03:30:00+00:00,-0.1691284312362285
2019-05-31 04:00:00+00:00,-0.16103603360359894
2019-05-31 04:30:00+00:00,-0.06178429390233354
2019-05-31 05:00:00+00:00,-0.6729219420039566
2019-05-31 05:30:00+00:00,-0.8415456618139228
2019-05-31 06:00:00+00:00,-0.9201188323683352
2019-05-31 06:30:00+00:00,-1.088655858383952
2019-05-31 07:00:00+00:00,-0.9942901064034666
2019-05-31 07:30:00+00:00,-0.986314899604211
2019-05-31 08:00:00+00:00,-1.0425312315248596
2019-05-31 08:30:00+00:00,-1.0987475634455084
2019-05-31 09:00:00+00:00,-1.0027398766947313
2019-05-31 09:30:00+00:00,-1.0272033148767477
2019-05-31 10:00:00+00:00,-1.0516667530587638
2019-05-31 10:30:00+00:00,-1.0516667530587638
2019-05-31 11:00:00+00:00,-1.1005936294227963
2019-05-31 11:30:00+00:00,-1.009857957863911
2019-05-31 12:00:00+00:00,-0.7548435919167352
2019-05-31 12:30:00+00:00,-0.5844534885670724
2019-05-31 13:00:00+00:00,0.24151473463341389
2019-05-31 13:30:00+00:00,1.0674829578339002
2019-05-31 14:00:00+00:00,1.7494079620769731
2019-05-31 14:30:00+00:00,1.7504532485003745
2019-05-31 15:00:00+00:00,1.1898367054966386
2019-05-31 15:30:00+00:00,-0.7492365903846673
2019-05-31 16:00:00+00:00,-1.1030117527574652
2019-05-31 16:30:00+00:00,-0.9245156819416404
2019-05-31 17:00:00+00:00,-0.9858409658237228
2019-05-31 17:30:00+00:00,-0.29911443016673317
2019-05-31 18:00:00+00:00,0.22488034405921725
2019-05-31 18:30:00+00:00,0.079771534119032
2019-05-31 19:00:00+00:00,-0.023969701062913275
2019-05-31 19:30:00+00:00,1.604069281170466
2019-05-31 20:00:00+00:00,1.7466994821960926
2019-05-31 20:30:00+00:00,1.7532072381071726
2019-05-31 21:00:00+00:00,1.7571626577176707
2019-05-31 21:30:00+00:00,1.7469112471497057
2019-05-31 22:00:00+00:00,1.7448194329489344
2019-05-31 22:30:00+00:00,1.749132721594179
2019-05-31 23:00:00+00:00,1.4827096984430221
2019-05-31 23:30:00+00:00,1.7527489702328602
2019-06-01 00:00:00+00:00,1.7440757833040483
2019-06-01 00:30:00+00:00,1.7590389458995952
2019-06-01 01:00:00+00:00,1.7409587434861789
2019-06-01 01:30:00+00:00,1.4919165422757932
2019-06-01 02:00:00+00:00,1.7367796549895782
2019-06-01 02:30:00+00:00,1.7513895600745508
2019-06-01 03:00:00+00:00,1.7499289156340045
2019-06-01 03:30:00+00:00,1.7431728639375266
2019-06-01 04:00:00+00:00,1.7218300133091797
2019-06-01 04:30:00+00:00,1.7032310486672064
2019-06-01 05:00:00+00:00,1.2854663745620105
2019-06-01 05:30:00+00:00,0.8938582586597998
2019-06-01 06:00:00+00:00,0.5022501427575894
2019-06-01 06:30:00+00:00,0.5022501427575894
2019-06-01 07:00:00+00:00,-0.28096608904683185
2019-06-01 07:30:00+00:00,-0.5081933890769619
2019-06-01 08:00:00+00:00,-0.30727286703520257
2019-06-01 08:30:00+00:00,-0.5491711333909023
2019-06-01 09:00:00+00:00,-0.6860983875661517
2019-06-01 09:30:00+00:00,-0.6931399966877356
2019-06-01 10:00:00+00:00,-0.841966468469216
2019-06-01 10:30:00+00:00,-0.8406759177054873
2019-06-01 11:00:00+00:00,-0.941818924035674
2019-06-01 11:30:00+00:00,-0.8841957709458773
2019-06-01 12:00:00+00:00,-0.7110901504484751
2019-06-01 12:30:00+00:00,-0.8832279125957929
2019-06-01 13:00:00+00:00,-0.9845531393216055
2019-06-01 13:30:00+00:00,-0.9317116555985115
2019-06-01 14:00:00+00:00,-0.8915312022666957
2019-06-01 14:30:00+00:00,-0.8014009044255359
2019-06-01 15:00:00+00:00,-0.9393542812325354
2019-06-01 15:30:00+00:00,-1.095514893990517
2019-06-01 16:00:00+00:00,-1.1000216168324606
2019-06-01 16:30:00+00:00,-1.10025925011076
2019-06-01 17:00:00+00:00,-1.100231652483328
2019-06-01 17:30:00+00:00,-1.1002040548558962
2019-06-01 18:00:00+00:00,-1.1002040548558962
2019-06-01 18:30:00+00:00,-1.1002040548558962
2019-06-01 19:00:00+00:00,-1.1002040548558962
2019-06-01 19:30:00+00:00,-1.100093664346169
2019-06-01 20:00:00+00:00,-1.099479965675495
2019-06-01 20:30:00+00:00,-1.100043127995078
2019-06-01 21:00:00+00:00,-1.0998875593989403
2019-06-01 21:30:00+00:00,-0.8343380824376465
2019-06-01 22:00:00+00:00,-0.5687886054763527
2019-06-01 22:30:00+00:00,-0.002623578994932488
2019-06-01 23:00:00+00:00,0.18307879741572813
2019-06-01 23:30:00+00:00,0.45635540648913353
2019-06-02 00:00:00+00:00,1.1102376148599737
2019-06-02 00:30:00+00:00,0.9280054921538198
2019-06-02 01:00:00+00:00,1.3329934337077998
2019-06-02 01:30:00+00:00,0.8728542971272533
2019-06-02 02:00:00+00:00,1.5371311424959546
2019-06-02 02:30:00+00:00,1.6910389783876132
2019-06-02 03:00:00+00:00,1.683780553265719
2019-06-02 03:30:00+00:00,1.6413301767770634
2019-06-02 04:00:00+00:00,1.4673318128030985
2019-06-02 04:30:00+00:00,1.3500742073304992
2019-06-02 05:00:00+00:00,1.0220586811355714
2019-06-02 05:30:00+00:00,0.6380157584322719
2019-06-02 06:00:00+00:00,0.3224914363103542
2019-06-02 06:30:00+00:00,0.39989023729147477
2019-06-02 07:00:00+00:00,-0.3221957092730289
2019-06-02 07:30:00+00:00,-0.14841446558768856
2019-06-02 08:00:00+00:00,-0.3089545245470255
2019-06-02 08:30:00+00:00,-0.10974908605331929
2019-06-02 09:00:00+00:00,-0.4505358631706848
2019-06-02 09:30:00+00:00,-0.3615612777675797
2019-06-02 10:00:00+00:00,-0.3115162552407043
2019-06-02 10:30:00+00:00,-0.5786656029137202
2019-06-02 11:00:00+00:00,-0.4486650980661506
2019-06-02 11:30:00+00:00,-0.46405700561219404
2019-06-02 12:00:00+00:00,-0.6759541854919603
2019-06-02 12:30:00+00:00,-0.7213649130460325
2019-06-02 13:00:00+00:00,-1.0373711282052602
2019-06-02 13:30:00+00:00,1.7018177396414629
2019-06-02 14:00:00+00:00,0.5724020245642044
2019-06-02 14:30:00+00:00,0.2433138780881864
2019-06-02 15:00:00+00:00,-0.0857742683878314
2019-06-02 15:30:00+00:00,-0.4148624148638492
2019-06-02 16:00:00+00:00,-0.5894500147311783
2019-06-02 16:30:00+00:00,-0.6262530138986913
2019-06-02 17:00:00+00:00,0.15400866182862347
2019-06-02 17:30:00+00:00,1.2963463931937635
2019-06-02 18:00:00+00:00,1.7355981509223521
2019-06-02 18:30:00+00:00,1.7480149533795037
2019-06-02 19:00:00+00:00,1.6986826888726243
2019-06-02 19:30:00+00:00,1.5821901558680715
2019-06-02 20:00:00+00:00,1.0453507939505746
2019-06-02 20:30:00+00:00,1.6348238215349884
2019-06-02 21:00:00+00:00,0.8829787102357544
2019-06-02 21:30:00+00:00,0.6793780177299448
2019-06-02 22:00:00+00:00,-0.14499213018083393
2019-06-02 22:30:00+00:00,0.23365964830649255
2019-06-02 23:00:00+00:00,0.10254870800924208
2019-06-02 23:30:00+00:00,-0.12239125827928765
2019-06-03 00:00:00+00:00,-0.5235711118639332
2019-06-03 00:30:00+00:00,-0.41521772761365017
2019-06-03 01:00:00+00:00,-0.2988802602728921
2019-06-03 01:30:00+00:00,-0.10721259044168031
2019-06-03 02:00:00+00:00,-0.5698475279776392
2019-06-03 02:30:00+00:00,-0.7461142881121661
2019-06-03 03:00:00+00:00,-0.5724369865156496
2019-06-03 03:30:00+00:00,-0.6509436545872287
2019-06-03 04:00:00+00:00,-0.5976525995764059
2019-06-03 04:30:00+00:00,-0.22288590637167235
2019-06-03 05:00:00+00:00,-0.1280332214385592
2019-06-03 05:30:00+00:00,-0.08511087848691523
2019-06-03 06:00:00+00:00,0.6752971780040401
2019-06-03 06:30:00+00:00,0.5356332008935525
2019-06-03 07:00:00+00:00,-0.20185835360920873
2019-06-03 07:30:00+00:00,0.04336631190340216
2019-06-03 08:00:00+00:00,0.3578320767785207
2019-06-03 08:30:00+00:00,0.40145274579185164
2019-06-03 09:00:00+00:00,0.40018416640285737
2019-06-03 09:30:00+00:00,0.0728359053674651
2019-06-03 10:00:00+00:00,-0.062452627377661225
2019-06-03 10:30:00+00:00,0.03758373255341437
2019-06-03 11:00:00+00:00,-0.5716050872030558
2019-06-03 11:30:00+00:00,-0.8606718635491911
2019-06-03 12:00:00+00:00,-0.7328019985971298
2019-06-03 12:30:00+00:00,-0.648842211526747
2019-06-03 13:00:00+00:00,-0.8089807778497226
2019-06-03 13:30:00+00:00,-0.8559391322556793
2019-06-03 14:00:00+00:00,-0.9532032580335611
2019-06-03 14:30:00+00:00,-0.7437402390603166
2019-06-03 15:00:00+00:00,-0.6238098634099704
2019-06-03 15:30:00+00:00,-0.25459703061770766
2019-06-03 16:00:00+00:00,-0.5016638593653224
2019-06-03 16:30:00+00:00,-0.2940946534154234
2019-06-03 17:00:00+00:00,0.3283998035186582
2019-06-03 17:30:00+00:00,0.15701961313953836
2019-06-03 18:00:00+00:00,0.2915659578691588
2019-06-03 18:30:00+00:00,1.072676984531255
2019-06-03 19:00:00+00:00,1.5239161795895841
2019-06-03 19:30:00+00:00,1.7423326745492664
2019-06-03 20:00:00+00:00,1.465224816580202
2019-06-03 20:30:00+00:00,1.1881169586111373
2019-06-03 21:00:00+00:00,0.9110091006420723
2019-06-03 21:30:00+00:00,1.7125268578174027
2019-06-03 22:00:00+00:00,1.2166575036514773
2019-06-03 22:30:00+00:00,0.586915339156511
2019-06-03 23:00:00+00:00,1.285194382374714
2019-06-03 23:30:00+00:00,1.2205178283250244
2019-06-04 00:00:00+00:00,0.9112566165900113
2019-06-04 00:30:00+00:00,1.239316769410062
2019-06-04 01:00:00+00:00,0.5661026598656348
2019-06-04 01:30:00+00:00,0.3107963196239561
2019-06-04 02:00:00+00:00,0.26896957648289865
2019-06-04 02:30:00+00:00,0.45346195961973046
2019-06-04 03:00:00+00:00,0.35600096948701543
2019-06-04 03:30:00+00:00,-0.11043846372528635
2019-06-04 04:00:00+00:00,-0.2761679271215485
2019-06-04 04:30:00+00:00,-0.3064379658515622
2019-06-04 05:00:00+00:00,-0.04920147739052897
2019-06-04 05:30:00+00:00,-0.3369821528642851
2019-06-04 06:00:00+00:00,-0.19176900712294812
2019-06-04 06:30:00+00:00,-0.33550410909020034
2019-06-04 07:00:00+00:00,-0.2131906371096015
2019-06-04 07:30:00+00:00,-0.7047829111530881
2019-06-04 08:00:00+00:00,-0.4129474356020278
2019-06-04 08:30:00+00:00,-0.5481414125089882
2019-06-04 09:00:00+00:00,-0.42482399738494087
2019-06-04 09:30:00+00:00,-0.6734028258584837
2019-06-04 10:00:00+00:00,-0.6222003252110901
2019-06-04 10:30:00+00:00,-0.6752258499366606
2019-06-04 11:00:00+00:00,-0.9552492052533896
2019-06-04 11:30:00+00:00,-1.0153748953682369
2019-06-04 12:00:00+00:00,-0.9750022209918269
2019-06-04 12:30:00+00:00,-0.9541990465471654
2019-06-04 13:00:00+00:00,-0.7046869278164987
2019-06-04 13:30:00+00:00,-0.48792916930597924
2019-06-04 14:00:00+00:00,-0.550728824117406
2019-06-04 14:30:00+00:00,-0.5141788742826752
2019-06-04 15:00:00+00:00,-0.6175730400898994
2019-06-04 15:30:00+00:00,-0.6981387962229049
2019-06-04 16:00:00+00:00,-0.6529014311306062
2019-06-04 16:30:00+00:00,-0.6083912851336739
2019-06-04 17:00:00+00:00,-0.7633414265560706
2019-06-04 17:30:00+00:00,-0.8258948030402015
2019-06-04 18:00:00+00:00,-0.9194226799512208
2019-06-04 18:30:00+00:00,-0.9219806752960915
2019-06-04 19:00:00+00:00,-0.6629238483504207
2019-06-04 19:30:00+00:00,-0.20520153085526388
2019-06-04 20:00:00+00:00,-0.26423122751984873
2019-06-04 20:30:00+00:00,0.5025793935525914
2019-06-04 21:00:00+00:00,1.6866183276736417
2019-06-04 21:30:00+00:00,1.6810526023110275
2019-06-04 22:00:00+00:00,1.5009123652995229
2019-06-04 22:30:00+00:00,1.6039854720834452
2019-06-04 23:00:00+00:00,1.707086198840241
2019-06-04 23:30:00+00:00,1.2173451778666602
2019-06-05 00:00:00+00:00,1.254130045046407
2019-06-05 00:30:00+00:00,1.6926122302743278
2019-06-05 01:00:00+00:00,1.2229856818642677
2019-06-05 01:30:00+00:00,0.920498793710076
2019-06-05 02:00:00+00:00,1.1554662572031742
2019-06-05 02:30:00+00:00,0.968112915700395
2019-06-05 03:00:00+00:00,0.7469166992305359
2019-06-05 03:30:00+00:00,0.1371916566289097
2019-06-05 04:00:00+00:00,-0.423872452415307
2019-06-05 04:30:00+00:00,-0.7244100375202842
2019-06-05 05:00:00+00:00,-0.758824795634051
2019-06-05 05:30:00+00:00,-0.7582666719358168
2019-06-05 06:00:00+00:00,-0.5625763746961705
2019-06-05 06:30:00+00:00,-0.9525697915479947
2019-06-05 07:00:00+00:00,-0.7926151616104894
2019-06-05 07:30:00+00:00,-0.9723631269849755
2019-06-05 08:00:00+00:00,-1.0386196918870634
2019-06-05 08:30:00+00:00,-0.8922641769404277
2019-06-05 09:00:00+00:00,-1.1021722893329307
2019-06-05 09:30:00+00:00,-1.0251687903263251
2019-06-05 10:00:00+00:00,-1.0328492612599967
2019-06-05 10:30:00+00:00,-1.0951808850299218
2019-06-05 11:00:00+00:00,-1.1043770079187039
2019-06-05 11:30:00+00:00,-1.1031601585474275
2019-06-05 12:00:00+00:00,-1.1019433091761515
2019-06-05 12:30:00+00:00,-1.1007264598048754
2019-06-05 13:00:00+00:00,-1.0629303856970358
2019-06-05 13:30:00+00:00,-1.0129787331364397
2019-06-05 14:00:00+00:00,-0.9630270805758434
2019-06-05 14:30:00+00:00,-0.7871111222290231
2019-06-05 15:00:00+00:00,-0.974695632750856
2019-06-05 15:30:00+00:00,-0.47919372895096046
2019-06-05 16:00:00+00:00,0.2571594947884766
2019-06-05 16:30:00+00:00,0.5959370240985565
2019-06-05 17:00:00+00:00,-0.09503376564014254
2019-06-05 17:30:00+00:00,-0.07673865186294582
2019-06-05 18:00:00+00:00,0.7296042291347867
2019-06-05 18:30:00+00:00,-0.6019165066603678
2019-06-05 19:00:00+00:00,-1.0290816217880927
2019-06-05 19:30:00+00:00,-0.9777272945830631
2019-06-05 20:00:00+00:00,-0.4797787839884486
2019-06-05 20:30:00+00:00,-0.6892775979496982
2019-06-05 21:00:00+00:00,0.1348675872525268
2019-06-05 21:30:00+00:00,1.023687678044312
2019-06-05 22:00:00+00:00,0.7081433369789023
2019-06-05 22:30:00+00:00,-0.13210714099486262
2019-06-05 23:00:00+00:00,-0.4121491022750132
2019-06-05 23:30:00+00:00,-0.48720342984764686
2019-06-06 00:00:00+00:00,-0.3802158688719586
2019-06-06 00:30:00+00:00,-0.4022131784965212
2019-06-06 01:00:00+00:00,-0.6396521254505044
2019-06-06 01:30:00+00:00,-0.5737118006340177
2019-06-06 02:00:00+00:00,-0.18175770092335622
2019-06-06 02:30:00+00:00,0.3226471730829202
2019-06-06 03:00:00+00:00,0.08986881434384711
2019-06-06 03:30:00+00:00,-0.3902203439689579
2019-06-06 04:00:00+00:00,-0.4093959809824527
2019-06-06 04:30:00+00:00,-0.518577202685567
2019-06-06 05:00:00+00:00,-0.3784141916266745
2019-06-06 05:30:00+00:00,-0.4691884277650141
2019-06-06 06:00:00+00:00,-0.8072417347999955
2019-06-06 06:30:00+00:00,-0.7165529978375683
2019-06-06 07:00:00+00:00,-0.9027682744985235
2019-06-06 07:30:00+00:00,-0.7706618245815439
2019-06-06 08:00:00+00:00,-1.096375993160458
2019-06-06 08:30:00+00:00,-1.0671574952726592
2019-06-06 09:00:00+00:00,-1.0901533301164608
2019-06-06 09:30:00+00:00,-1.0584642918754161
2019-06-06 10:00:00+00:00,-1.1014980487006798
2019-06-06 10:30:00+00:00,-1.1005579701996455
2019-06-06 11:00:00+00:00,-1.0996178916986115
2019-06-06 11:30:00+00:00,-1.0986778131975774
2019-06-06 12:00:00+00:00,-1.0994505094641756
2019-06-06 12:30:00+00:00,-1.1002232057307737
2019-06-06 13:00:00+00:00,-1.1009959019973716
2019-06-06 13:30:00+00:00,-1.1003092313618827
2019-06-06 14:00:00+00:00,-1.0996225607263936
2019-06-06 14:30:00+00:00,0.3175396112979824
2019-06-06 15:00:00+00:00,1.6582814432124453
2019-06-06 15:30:00+00:00,1.1070635698181184
2019-06-06 16:00:00+00:00,0.8952591032785535
2019-06-06 16:30:00+00:00,1.2129567461901396
2019-06-06 17:00:00+00:00,0.9012839555170113
2019-06-06 17:30:00+00:00,-0.2322848851966923
2019-06-06 18:00:00+00:00,-0.16309775572309324
2019-06-06 18:30:00+00:00,-1.0377155632525732
2019-06-06 19:00:00+00:00,-1.1009912414531946
2019-06-06 19:30:00+00:00,-0.8159962952658487
2019-06-06 20:00:00+00:00,-0.7730635004781102
2019-06-06 20:30:00+00:00,-0.8430006414185278
2019-06-06 21:00:00+00:00,-0.9728723741352104
2019-06-06 21:30:00+00:00,-1.022607122645248
2019-06-06 22:00:00+00:00,-0.9527426686179741
2019-06-06 22:30:00+00:00,-0.9874841204191496
2019-06-06 23:00:00+00:00,-1.0490412968237957
2019-06-06 23:30:00+00:00,-1.057153261467776
2019-06-07 00:00:00+00:00,-0.9607995601537659
2019-06-07 00:30:00+00:00,-1.1046726339776765
2019-06-07 01:00:00+00:00,-1.0951407163940747
2019-06-07 01:30:00+00:00,-1.085608798810473
2019-06-07 02:00:00+00:00,-1.076076881226871
2019-06-07 02:30:00+00:00,-0.8224828203373347
2019-06-07 03:00:00+00:00,-0.8966283082596036
2019-06-07 03:30:00+00:00,-0.6946767467337901
2019-06-07 04:00:00+00:00,-0.6620075007214542
2019-06-07 04:30:00+00:00,-0.7918001947406206
2019-06-07 05:00:00+00:00,-0.6966997930980947
2019-06-07 05:30:00+00:00,-0.3335776706825099
2019-06-07 06:00:00+00:00,-0.5413687009161559
2019-06-07 06:30:00+00:00,-0.2741000431540465
2019-06-07 07:00:00+00:00,-0.23427425865866253
2019-06-07 07:30:00+00:00,-0.5244911178444948
2019-06-07 08:00:00+00:00,-0.8147079770303268
2019-06-07 08:30:00+00:00,-0.5002900246283205
2019-06-07 09:00:00+00:00,-0.9762336546500576
2019-06-07 09:30:00+00:00,-0.8963044311895364
2019-06-07 10:00:00+00:00,-0.993324185624114
2019-06-07 10:30:00+00:00,-0.9827556051743934
2019-06-07 11:00:00+00:00,-0.8428224330250189
2019-06-07 11:30:00+00:00,-1.095430794975183
2019-06-07 12:00:00+00:00,-1.1007089912734358
2019-06-07 12:30:00+00:00,-1.099776629767127
2019-06-07 13:00:00+00:00,-1.1000320538433532
2019-06-07 13:30:00+00:00,-1.1002874779195797
2019-06-07 14:00:00+00:00,-1.1002874779195797
2019-06-07 14:30:00+00:00,-1.1007983260720327
2019-06-07 15:00:00+00:00,1.1485266169596622
2019-06-07 15:30:00+00:00,0.8438267719134581
2019-06-07 16:00:00+00:00,-0.13490491064120466
2019-06-07 16:30:00+00:00,-1.020691845357636
2019-06-07 17:00:00+00:00,-1.0876299299925662
2019-06-07 17:30:00+00:00,-1.093934076878978
2019-06-07 18:00:00+00:00,-1.10023822376539
2019-06-07 18:30:00+00:00,-1.051145266909504
2019-06-07 19:00:00+00:00,-0.6148953439167902
2019-06-07 19:30:00+00:00,-0.4544500100389376
2019-06-07 20:00:00+00:00,-0.587218786791486
2019-06-07 20:30:00+00:00,-0.05367670920018036
2019-06-07 21:00:00+00:00,0.5103982237815295
2019-06-07 21:30:00+00:00,1.751846020581951
2019-06-07 22:00:00+00:00,1.7470587718824355
2019-06-07 22:30:00+00:00,1.7519813837297227
2019-06-07 23:00:00+00:00,1.6242776994368677
2019-06-07 23:30:00+00:00,1.7435557480675252
2019-06-08 00:00:00+00:00,1.7516030099413378
2019-06-08 00:30:00+00:00,1.2621584479436212
2019-06-08 01:00:00+00:00,-0.1554757672653812
2019-06-08 01:30:00+00:00,1.4154027287249475
2019-06-08 02:00:00+00:00,1.7507155879872012
2019-06-08 02:30:00+00:00,1.3473750993160991
2019-06-08 03:00:00+00:00,0.33536907243217945
2019-06-08 03:30:00+00:00,0.10472147100026595
2019-06-08 04:00:00+00:00,-0.18392939057168048
2019-06-08 04:30:00+00:00,-0.27390679118449746
2019-06-08 05:00:00+00:00,-0.36388419179731435
2019-06-08 05:30:00+00:00,-0.36388419179731435
2019-06-08 06:00:00+00:00,-0.36388419179731435
2019-06-08 06:30:00+00:00,-0.36388419179731435
2019-06-08 07:00:00+00:00,-0.36388419179731435
2019-06-08 07:30:00+00:00,-0.36388419179731435
2019-06-08 08:00:00+00:00,-0.36388419179731435
2019-06-08 08:30:00+00:00,-0.36388419179731435
2019-06-08 09:00:00+00:00,-1.08370339669985
2019-06-08 09:30:00+00:00,-0.8427343882587203
2019-06-08 10:00:00+00:00,-0.9368543714261011
2019-06-08 10:30:00+00:00,-0.8100070169277988
2019-06-08 11:00:00+00:00,-0.9140410152189948
2019-06-08 11:30:00+00:00,-1.0644946849883319
2019-06-08 12:00:00+00:00,-0.8878693018507975
2019-06-08 12:30:00+00:00,-1.0376654541481096
2019-06-08 13:00:00+00:00,-1.09413356155082
2019-06-08 13:30:00+00:00,-1.0993476227990913
2019-06-08 14:00:00+00:00,-1.1004613003120232
2019-06-08 14:30:00+00:00,-1.1004196639480952
2019-06-08 15:00:00+00:00,-1.1001347727557989
2019-06-08 15:30:00+00:00,-1.099849881563503
2019-06-08 16:00:00+00:00,-1.0995649903712068
2019-06-08 16:30:00+00:00,-1.0999216031454715
2019-06-08 17:00:00+00:00,-1.1001269222667918
2019-06-08 17:30:00+00:00,-1.1003322413881123
2019-06-08 18:00:00+00:00,-1.1003322413881123
2019-06-08 18:30:00+00:00,-1.1003322413881123
2019-06-08 19:00:00+00:00,-1.1009481987520737
2019-06-08 19:30:00+00:00,-1.0928681333954238
2019-06-08 20:00:00+00:00,-1.0847880680387736
2019-06-08 20:30:00+00:00,-1.1045376847470754
2019-06-08 21:00:00+00:00,-1.101173260861512
2019-06-08 21:30:00+00:00,-1.1006761944605052
2019-06-08 22:00:00+00:00,-1.1003735346163521
2019-06-08 22:30:00+00:00,-1.1006630111760403
2019-06-08 23:00:00+00:00,-1.1009524877357286
2019-06-08 23:30:00+00:00,-1.1000916192883086
2019-06-09 00:00:00+00:00,-0.7838045676720816
2019-06-09 00:30:00+00:00,-0.44403581443993473
2019-06-09 01:00:00+00:00,-0.11111974487736545
2019-06-09 01:30:00+00:00,-0.20787033118381984
2019-06-09 02:00:00+00:00,-0.34660161315640353
2019-06-09 02:30:00+00:00,0.04725891663789839
2019-06-09 03:00:00+00:00,-0.1457465771135206
2019-06-09 03:30:00+00:00,-0.2514204111451131
2019-06-09 04:00:00+00:00,-0.2651435533546723
2019-06-09 04:30:00+00:00,-0.03744625768231906
2019-06-09 05:00:00+00:00,0.16945456902917821
2019-06-09 05:30:00+00:00,-0.37860447352433413
2019-06-09 06:00:00+00:00,-0.48221455854026724
2019-06-09 06:30:00+00:00,-0.4518759728064196
2019-06-09 07:00:00+00:00,-0.6999254065010386
2019-06-09 07:30:00+00:00,-0.8513709122270668
2019-06-09 08:00:00+00:00,-0.564246187003154
2019-06-09 08:30:00+00:00,-1.0000856919349
2019-06-09 09:00:00+00:00,-0.7715353579896426
2019-06-09 09:30:00+00:00,-0.5420710508207304
2019-06-09 10:00:00+00:00,-0.7443041184092218
2019-06-09 10:30:00+00:00,-0.71358398873492
2019-06-09 11:00:00+00:00,-0.46873789522449916
2019-06-09 11:30:00+00:00,-0.9485806180531406
2019-06-09 12:00:00+00:00,-0.9520229985574604
2019-06-09 12:30:00+00:00,-0.5153251053065243
2019-06-09 13:00:00+00:00,0.5741618838888249
2019-06-09 13:30:00+00:00,1.7473765667580525
2019-06-09 14:00:00+00:00,1.750919215093356
2019-06-09 14:30:00+00:00,1.7502560988789349
2019-06-09 15:00:00+00:00,1.7473261480714413
2019-06-09 15:30:00+00:00,1.3498847664780713
2019-06-09 16:00:00+00:00,-0.3771777505799337
2019-06-09 16:30:00+00:00,-0.26497517718665065
2019-06-09 17:00:00+00:00,0.1207925422914812
2019-06-09 17:30:00+00:00,-0.10765331044820232
2019-06-09 18:00:00+00:00,-0.7662403033066866
2019-06-09 18:30:00+00:00,-0.6667062372549227
2019-06-09 19:00:00+00:00,-0.4892465293502143
2019-06-09 19:30:00+00:00,-0.28875920554353324
2019-06-09 20:00:00+00:00,-0.3080557347629134
2019-06-09 20:30:00+00:00,-0.3273522639822937
2019-06-09 21:00:00+00:00,-0.3273522639822937
2019-06-09 21:30:00+00:00,-0.3273522639822937
2019-06-09 22:00:00+00:00,-0.3273522639822937
2019-06-09 22:30:00+00:00,-0.3273522639822937
2019-06-09 23:00:00+00:00,-0.3273522639822937
2019-06-09 23:30:00+00:00,-0.3273522639822937
2019-06-10 00:00:00+00:00,-0.3273522639822937
2019-06-10 00:30:00+00:00,-0.4817244977373356
2019-06-10 01:00:00+00:00,-0.736854962641813
2019-06-10 01:30:00+00:00,-0.8820750839484298
2019-06-10 02:00:00+00:00,-1.100069712080854
2019-06-10 02:30:00+00:00,-1.09117202981705
2019-06-10 03:00:00+00:00,-0.9404163593917393
2019-06-10 03:30:00+00:00,-0.36257953117541536
2019-06-10 04:00:00+00:00,-0.23612274386567325
2019-06-10 04:30:00+00:00,-0.7251255583683999
2019-06-10 05:00:00+00:00,-0.7549209842205222
2019-06-10 05:30:00+00:00,-0.6041681895987786
2019-06-10 06:00:00+00:00,-0.7278943768273283
2019-06-10 06:30:00+00:00,-0.4406042300167673
2019-06-10 07:00:00+00:00,-0.8230891284457167
2019-06-10 07:30:00+00:00,-0.6437140156798942
2019-06-10 08:00:00+00:00,-0.9516948985784688
2019-06-10 08:30:00+00:00,-1.0490275669885554
2019-06-10 09:00:00+00:00,-0.7112438416787962
2019-06-10 09:30:00+00:00,-0.8018275747111347
2019-06-10 10:00:00+00:00,-0.7570046764668037
2019-06-10 10:30:00+00:00,-0.7926941796196396
2019-06-10 11:00:00+00:00,-1.0807198948119605
2019-06-10 11:30:00+00:00,-0.9883316144318707
2019-06-10 12:00:00+00:00,-0.856498083206362
2019-06-10 12:30:00+00:00,-0.6909564889142341
2019-06-10 13:00:00+00:00,-0.824791195109241
2019-06-10 13:30:00+00:00,-0.6877328951871632
2019-06-10 14:00:00+00:00,-0.738024116828609
2019-06-10 14:30:00+00:00,-0.9985708990620049
2019-06-10 15:00:00+00:00,-0.2397364440076271
2019-06-10 15:30:00+00:00,1.703896129599355
2019-06-10 16:00:00+00:00,0.6716027557053967
2019-06-10 16:30:00+00:00,0.3004081409136773
2019-06-10 17:00:00+00:00,-0.746668441168101
2019-06-10 17:30:00+00:00,-0.5994977645347495
2019-06-10 18:00:00+00:00,-0.4081106116539174
2019-06-10 18:30:00+00:00,-0.8307009713469782
2019-06-10 19:00:00+00:00,-0.916156706265688
2019-06-10 19:30:00+00:00,-0.8554614809040827
2019-06-10 20:00:00+00:00,-0.7052748431308402
2019-06-10 20:30:00+00:00,-0.895479926680855
2019-06-10 21:00:00+00:00,-0.8602393045721917
2019-06-10 21:30:00+00:00,-0.32440857506974863
2019-06-10 22:00:00+00:00,-0.994131091636043
2019-06-10 22:30:00+00:00,-0.893630855663672
2019-06-10 23:00:00+00:00,-0.8960559600717729
2019-06-10 23:30:00+00:00,0.20011533765181977
2019-06-11 00:00:00+00:00,-0.06818907671710712
2019-06-11 00:30:00+00:00,-0.8360550193505595
2019-06-11 01:00:00+00:00,-0.8471892152329605
2019-06-11 01:30:00+00:00,-0.8794780129928835
2019-06-11 02:00:00+00:00,-0.7951491754099373
2019-06-11 02:30:00+00:00,-0.4333998747074472
2019-06-11 03:00:00+00:00,-0.2661449053764222
2019-06-11 03:30:00+00:00,0.03362727951471365
2019-06-11 04:00:00+00:00,-0.37981952112937645
2019-06-11 04:30:00+00:00,-0.264814550930953
2019-06-11 05:00:00+00:00,-0.4161315070225806
2019-06-11 05:30:00+00:00,-0.7293937966452634
2019-06-11 06:00:00+00:00,-0.6585845474902536
2019-06-11 06:30:00+00:00,-0.9874467884132502
2019-06-11 07:00:00+00:00,-0.2081157652178
2019-06-11 07:30:00+00:00,-0.4554330369780314
2019-06-11 08:00:00+00:00,-0.4043411895725065
2019-06-11 08:30:00+00:00,-0.37096332957198125
2019-06-11 09:00:00+00:00,-0.3684455091237373
2019-06-11 09:30:00+00:00,0.7240724002521179
2019-06-11 10:00:00+00:00,1.0143815985407285
2019-06-11 10:30:00+00:00,1.2971958636454293
2019-06-11 11:00:00+00:00,1.1436085829966502
2019-06-11 11:30:00+00:00,0.31200977026290677
2019-06-11 12:00:00+00:00,-0.4130158050404546
2019-06-11 12:30:00+00:00,0.8953619760379037
2019-06-11 13:00:00+00:00,0.956485157224867
2019-06-11 13:30:00+00:00,0.7324585923957948
2019-06-11 14:00:00+00:00,0.018095369383590645
2019-06-11 14:30:00+00:00,-0.31813393648228167
2019-06-11 15:00:00+00:00,-0.8785371020330682
2019-06-11 15:30:00+00:00,0.7813003159060954
2019-06-11 16:00:00+00:00,0.05397341664342181
2019-06-11 16:30:00+00:00,-0.8059062043103377
2019-06-11 17:00:00+00:00,-0.9150295374205404
2019-06-11 17:30:00+00:00,-0.40689256720228323
2019-06-11 18:00:00+00:00,-0.38662073223533594
2019-06-11 18:30:00+00:00,-0.5683770208299115
2019-06-11 19:00:00+00:00,-0.9571660129917379
2019-06-11 19:30:00+00:00,-1.0367137328820457
2019-06-11 20:00:00+00:00,-1.0956546112510093
2019-06-11 20:30:00+00:00,-0.1320663383999339
2019-06-11 21:00:00+00:00,0.8173189911776958
2019-06-11 21:30:00+00:00,0.9122737805032544
2019-06-11 22:00:00+00:00,-0.2040658464539698
2019-06-11 22:30:00+00:00,-0.6814571603680418
2019-06-11 23:00:00+00:00,-1.0378968177682775
2019-06-11 23:30:00+00:00,-1.0793635780895408
2019-06-12 00:00:00+00:00,-1.0885217992143763
2019-06-12 00:30:00+00:00,-0.7332288698389093
2019-06-12 01:00:00+00:00,-0.4691901326658848
2019-06-12 01:30:00+00:00,-0.2514945626671178
2019-06-12 02:00:00+00:00,0.3649086954362588
2019-06-12 02:30:00+00:00,1.2724236619167408
2019-06-12 03:00:00+00:00,1.1977851832210953
2019-06-12 03:30:00+00:00,1.4784294201984727
2019-06-12 04:00:00+00:00,1.555063019145862
2019-06-12 04:30:00+00:00,0.2727385617241383
2019-06-12 05:00:00+00:00,1.1793566713988786
2019-06-12 05:30:00+00:00,1.6844417380172765
2019-06-12 06:00:00+00:00,1.3181075102027366
2019-06-12 06:30:00+00:00,0.7407637986309625
2019-06-12 07:00:00+00:00,0.4196855694026806
2019-06-12 07:30:00+00:00,0.5557362062528407
2019-06-12 08:00:00+00:00,0.9941377693393753
2019-06-12 08:30:00+00:00,1.1656852563557931
2019-06-12 09:00:00+00:00,1.2100945545100468
2019-06-12 09:30:00+00:00,1.7339267638194613
2019-06-12 10:00:00+00:00,1.7111873435432448
2019-06-12 10:30:00+00:00,1.568819036113023
2019-06-12 11:00:00+00:00,1.754475970446813
2019-06-12 11:30:00+00:00,1.4771472855964562
2019-06-12 12:00:00+00:00,1.319905079055343
2019-06-12 12:30:00+00:00,1.2964711273650686
2019-06-12 13:00:00+00:00,1.2772800674309148
2019-06-12 13:30:00+00:00,1.7156187882992737
2019-06-12 14:00:00+00:00,1.5780976416511867
2019-06-12 14:30:00+00:00,1.592219112492855
2019-06-12 15:00:00+00:00,1.5679981541228134
2019-06-12 15:30:00+00:00,0.8001217282817014
2019-06-12 16:00:00+00:00,0.04446902583120402
2019-06-12 16:30:00+00:00,0.08428639112206263
2019-06-12 17:00:00+00:00,-0.012416125877940599
2019-06-12 17:30:00+00:00,1.6094752049827725
2019-06-12 18:00:00+00:00,1.7389008202677374
2019-06-12 18:30:00+00:00,0.6458081903727496
2019-06-12 19:00:00+00:00,0.8587493585784084
2019-06-12 19:30:00+00:00,1.0716905267840673
2019-06-12 20:00:00+00:00,1.3935942956648253
2019-06-12 20:30:00+00:00,0.849965069903389
2019-06-12 21:00:00+00:00,1.60698992892738
2019-06-12 21:30:00+00:00,1.6272017974242932
2019-06-12 22:00:00+00:00,0.6548499857961304
2019-06-12 22:30:00+00:00,0.7462460510725349
2019-06-12 23:00:00+00:00,-0.33615885525064215
2019-06-12 23:30:00+00:00,-0.6623102216014954
2019-06-13 00:00:00+00:00,-0.56922377355488
2019-06-13 00:30:00+00:00,-0.6589554733270337
2019-06-13 01:00:00+00:00,-1.0053959092845262
2019-06-13 01:30:00+00:00,-1.0085584504781036
2019-06-13 02:00:00+00:00,-1.1050561302514992
2019-06-13 02:30:00+00:00,-1.104686210322514
2019-06-13 03:00:00+00:00,-0.7920759622210675
2019-06-13 03:30:00+00:00,-0.47946571411962097
2019-06-13 04:00:00+00:00,-0.1668554660181743
2019-06-13 04:30:00+00:00,-0.04781258725676085
2019-06-13 05:00:00+00:00,0.51064662177601
2019-06-13 05:30:00+00:00,0.8261267018758117
2019-06-13 06:00:00+00:00,0.5674160109625449
2019-06-13 06:30:00+00:00,1.1767937339999337
2019-06-13 07:00:00+00:00,1.6454838593385812
2019-06-13 07:30:00+00:00,1.2907532009598346
2019-06-13 08:00:00+00:00,0.4289373816778032
2019-06-13 08:30:00+00:00,1.062327302255194
2019-06-13 09:00:00+00:00,0.3236716803659477
2019-06-13 09:30:00+00:00,-0.07681760540475016
2019-06-13 10:00:00+00:00,0.0034305127887153683
2019-06-13 10:30:00+00:00,0.9358211538099261
2019-06-13 11:00:00+00:00,1.6318793565324556
2019-06-13 11:30:00+00:00,1.247226571557239
2019-06-13 12:00:00+00:00,1.639367757055923
2019-06-13 12:30:00+00:00,1.13349731692182
2019-06-13 13:00:00+00:00,0.7466032922495143
2019-06-13 13:30:00+00:00,0.6879902456135645
2019-06-13 14:00:00+00:00,1.5316500557498256
2019-06-13 14:30:00+00:00,1.6596182803610342
2019-06-13 15:00:00+00:00,0.8221431010543442
2019-06-13 15:30:00+00:00,0.9582885798144444
2019-06-13 16:00:00+00:00,1.735956389526329
2019-06-13 16:30:00+00:00,1.2079955522302925
2019-06-13 17:00:00+00:00,0.92845178628423
2019-06-13 17:30:00+00:00,1.7358588714491288
2019-06-13 18:00:00+00:00,1.4815423330803141
2019-06-13 18:30:00+00:00,0.8540023873643227
2019-06-13 19:00:00+00:00,0.9890059381531613
2019-06-13 19:30:00+00:00,1.552486120155004
2019-06-13 20:00:00+00:00,0.692657023642518
2019-06-13 20:30:00+00:00,0.6928751691703472
2019-06-13 21:00:00+00:00,0.08013759256743559
2019-06-13 21:30:00+00:00,0.2386307429054806
2019-06-13 22:00:00+00:00,0.1881802158404694
2019-06-13 22:30:00+00:00,0.39410482319131257
2019-06-13 23:00:00+00:00,0.30595301113912576
2019-06-13 23:30:00+00:00,0.12595723731214797
2019-06-14 00:00:00+00:00,0.5143453443345462
2019-06-14 00:30:00+00:00,0.27585440530871685
2019-06-14 01:00:00+00:00,-0.39445049982309316
2019-06-14 01:30:00+00:00,-0.7394604707526257
2019-06-14 02:00:00+00:00,-0.5303060641835373
2019-06-14 02:30:00+00:00,-0.16352531001239975
2019-06-14 03:00:00+00:00,0.9901242017437161
2019-06-14 03:30:00+00:00,1.4271057497434538
2019-06-14 04:00:00+00:00,1.6987263515689044
2019-06-14 04:30:00+00:00,1.4921977282218084
2019-06-14 05:00:00+00:00,1.6902299493394457
2019-06-14 05:30:00+00:00,1.4983430342186594
2019-06-14 06:00:00+00:00,1.4478328564605585
2019-06-14 06:30:00+00:00,1.2635602143352254
2019-06-14 07:00:00+00:00,1.3440338955658968
2019-06-14 07:30:00+00:00,1.267601597612787
2019-06-14 08:00:00+00:00,0.8205068996734451
2019-06-14 08:30:00+00:00,1.3972791355299223
2019-06-14 09:00:00+00:00,1.6948031047054224
2019-06-14 09:30:00+00:00,1.241716126242515
2019-06-14 10:00:00+00:00,1.2253786442554437
2019-06-14 10:30:00+00:00,0.9433048498526869
2019-06-14 11:00:00+00:00,0.6221274861361544
2019-06-14 11:30:00+00:00,1.4690406715679063
2019-06-14 12:00:00+00:00,1.352706969891852
2019-06-14 12:30:00+00:00,1.531973883426701
2019-06-14 13:00:00+00:00,1.6283996041277393
2019-06-14 13:30:00+00:00,1.6616526692457378
2019-06-14 14:00:00+00:00,0.7011096585778352
2019-06-14 14:30:00+00:00,0.24101259992777105
2019-06-14 15:00:00+00:00,1.2634498425804046
2019-06-14 15:30:00+00:00,1.5285531622075283
2019-06-14 16:00:00+00:00,1.0865747553270453
2019-06-14 16:30:00+00:00,1.576275426100467
2019-06-14 17:00:00+00:00,1.7403809622162452
2019-06-14 17:30:00+00:00,1.7464793229609914
2019-06-14 18:00:00+00:00,1.7482990291902198
2019-06-14 18:30:00+00:00,1.7550736695904932
2019-06-14 19:00:00+00:00,1.7531825284019167
2019-06-14 19:30:00+00:00,1.7600950674802032
2019-06-14 20:00:00+00:00,1.7457479467522743
2019-06-14 20:30:00+00:00,1.7367447845061594
2019-06-14 21:00:00+00:00,1.7515759705721683
2019-06-14 21:30:00+00:00,1.7554028846838885
2019-06-14 22:00:00+00:00,1.740510782337913
2019-06-14 22:30:00+00:00,1.712207561264448
2019-06-14 23:00:00+00:00,1.7467815749102409
2019-06-14 23:30:00+00:00,1.75399619019656
2019-06-15 00:00:00+00:00,1.7529894197014404
2019-06-15 00:30:00+00:00,1.7394825668258664
2019-06-15 01:00:00+00:00,1.6665631217149386
2019-06-15 01:30:00+00:00,1.5791603939065872
2019-06-15 02:00:00+00:00,1.7244987303181276
2019-06-15 02:30:00+00:00,1.7562180938722531
2019-06-15 03:00:00+00:00,1.7448933157793463
2019-06-15 03:30:00+00:00,1.700496320176154
2019-06-15 04:00:00+00:00,1.6992876250119202
2019-06-15 04:30:00+00:00,1.6883047580012782
2019-06-15 05:00:00+00:00,1.5571925439026166
2019-06-15 05:30:00+00:00,1.471948846527131
2019-06-15 06:00:00+00:00,1.299417783474777
2019-06-15 06:30:00+00:00,1.426397476962379
2019-06-15 07:00:00+00:00,1.5258390846094734
2019-06-15 07:30:00+00:00,0.9640018898493935
2019-06-15 08:00:00+00:00,0.40216469508931413
2019-06-15 08:30:00+00:00,1.5664493688395151
2019-06-15 09:00:00+00:00,1.6784966811010051
2019-06-15 09:30:00+00:00,1.6380550076274665
2019-06-15 10:00:00+00:00,1.3488675584872796
2019-06-15 10:30:00+00:00,1.3437148734996152
2019-06-15 11:00:00+00:00,1.3422381615704082
2019-06-15 11:30:00+00:00,1.2319360356032483
2019-06-15 12:00:00+00:00,1.2135998014098857
2019-06-15 12:30:00+00:00,1.0890770715046654
2019-06-15 13:00:00+00:00,1.050693407224383
2019-06-15 13:30:00+00:00,0.7273655368800156
2019-06-15 14:00:00+00:00,0.8993007615934132
2019-06-15 14:30:00+00:00,0.7322117388499958
2019-06-15 15:00:00+00:00,1.3633087883122572
2019-06-15 15:30:00+00:00,1.7475160483858225
2019-06-15 16:00:00+00:00,1.6198993884241735
2019-06-15 16:30:00+00:00,1.6572192359472118
2019-06-15 17:00:00+00:00,1.7254462180547676
2019-06-15 17:30:00+00:00,1.6402208985259341
2019-06-15 18:00:00+00:00,1.5906649783138016
2019-06-15 18:30:00+00:00,1.662057315461021
2019-06-15 19:00:00+00:00,1.7533388440192461
2019-06-15 19:30:00+00:00,1.715467548895853
2019-06-15 20:00:00+00:00,1.7547515033072298
2019-06-15 20:30:00+00:00,1.751857213853128
2019-06-15 21:00:00+00:00,1.7461310772870604
2019-06-15 21:30:00+00:00,1.746855932473678
2019-06-15 22:00:00+00:00,1.7512524810081587
2019-06-15 22:30:00+00:00,1.7519837794410624
2019-06-15 23:00:00+00:00,1.74430526187101
2019-06-15 23:30:00+00:00,1.7489905276875417
2019-06-16 00:00:00+00:00,1.5639491491827184
2019-06-16 00:30:00+00:00,1.5729437443122058
2019-06-16 01:00:00+00:00,0.4789731074769988
2019-06-16 01:30:00+00:00,0.989282178566987
2019-06-16 02:00:00+00:00,0.6137569407239346
2019-06-16 02:30:00+00:00,0.5518710786325844
2019-06-16 03:00:00+00:00,0.7877396719671791
2019-06-16 03:30:00+00:00,1.0006845977682604
2019-06-16 04:00:00+00:00,1.095104187001152
2019-06-16 04:30:00+00:00,0.7955273373199221
2019-06-16 05:00:00+00:00,0.8594656645572143
2019-06-16 05:30:00+00:00,0.4974097674512316
2019-06-16 06:00:00+00:00,0.7619969842236156
2019-06-16 06:30:00+00:00,1.196798169434206
2019-06-16 07:00:00+00:00,1.3126484541027867
2019-06-16 07:30:00+00:00,0.8281197493584849
2019-06-16 08:00:00+00:00,0.6104665156460723
2019-06-16 08:30:00+00:00,0.8271532990411432
2019-06-16 09:00:00+00:00,0.42362224500823015
2019-06-16 09:30:00+00:00,0.4360671590242162
2019-06-16 10:00:00+00:00,0.3144127356177448
2019-06-16 10:30:00+00:00,0.38119124730248055
2019-06-16 11:00:00+00:00,0.28253811338589163
2019-06-16 11:30:00+00:00,0.14003625149260077
2019-06-16 12:00:00+00:00,-0.020295930691938843
2019-06-16 12:30:00+00:00,0.1926988875750287
2019-06-16 13:00:00+00:00,-0.18525188724958033
2019-06-16 13:30:00+00:00,-0.4634945885705047
2019-06-16 14:00:00+00:00,-0.5167807343598116
2019-06-16 14:30:00+00:00,-0.4964806281406977
2019-06-16 15:00:00+00:00,-0.5477233141065959
2019-06-16 15:30:00+00:00,-0.4759868619229003
2019-06-16 16:00:00+00:00,-0.45460696484955443
2019-06-16 16:30:00+00:00,-0.4515996986695526
2019-06-16 17:00:00+00:00,0.9794556191592266
2019-06-16 17:30:00+00:00,1.7276328611886445
2019-06-16 18:00:00+00:00,1.7468822870162248
2019-06-16 18:30:00+00:00,1.7503869243969576
2019-06-16 19:00:00+00:00,1.752262836991173
2019-06-16 19:30:00+00:00,1.7474865706646356
2019-06-16 20:00:00+00:00,1.7588829682284945
2019-06-16 20:30:00+00:00,1.7558590639135723
2019-06-16 21:00:00+00:00,1.7572506874827096
2019-06-16 21:30:00+00:00,1.7504650539051059
2019-06-16 22:00:00+00:00,1.7517745307118822
2019-06-16 22:30:00+00:00,1.7511398056515466
2019-06-16 23:00:00+00:00,1.7432626673931313
2019-06-16 23:30:00+00:00,1.750331972683719
2019-06-17 00:00:00+00:00,1.7526338042148346
2019-06-17 00:30:00+00:00,1.7529391668906775
2019-06-17 01:00:00+00:00,1.6210862150891636
2019-06-17 01:30:00+00:00,1.285870630720505
2019-06-17 02:00:00+00:00,1.7113422965565914
2019-06-17 02:30:00+00:00,1.747403035312409
2019-06-17 03:00:00+00:00,1.7472604251190753
2019-06-17 03:30:00+00:00,1.7332771483665004
2019-06-17 04:00:00+00:00,1.6825327107413182
2019-06-17 04:30:00+00:00,1.6211326548202738
2019-06-17 05:00:00+00:00,1.604093774863999
2019-06-17 05:30:00+00:00,1.3463340644229782
2019-06-17 06:00:00+00:00,1.1053601131761703
2019-06-17 06:30:00+00:00,1.2805064032960556
2019-06-17 07:00:00+00:00,1.4081066053049232
2019-06-17 07:30:00+00:00,1.6779000542826914
2019-06-17 08:00:00+00:00,1.3905983963105732
2019-06-17 08:30:00+00:00,1.4192776500142383
2019-06-17 09:00:00+00:00,0.7930990828499512
2019-06-17 09:30:00+00:00,0.8608682138461108
2019-06-17 10:00:00+00:00,0.4062902079823375
2019-06-17 10:30:00+00:00,0.2515325933220098
2019-06-17 11:00:00+00:00,0.12054284129200486
2019-06-17 11:30:00+00:00,-0.11163900648545381
2019-06-17 12:00:00+00:00,-0.13021812261078444
2019-06-17 12:30:00+00:00,-0.3894789857509289
2019-06-17 13:00:00+00:00,-0.3605731761287962
2019-06-17 13:30:00+00:00,-0.3621843749032168
2019-06-17 14:00:00+00:00,-0.22914016522872915
2019-06-17 14:30:00+00:00,-0.2424454895794463
2019-06-17 15:00:00+00:00,-0.07442165920287308
2019-06-17 15:30:00+00:00,0.08175687615397699
2019-06-17 16:00:00+00:00,0.686322361516682
2019-06-17 16:30:00+00:00,1.6323134633383634
2019-06-17 17:00:00+00:00,1.7556544708534594
2019-06-17 17:30:00+00:00,1.3895262904596315
2019-06-17 18:00:00+00:00,1.644365364911707
2019-06-17 18:30:00+00:00,1.74632371168509
2019-06-17 19:00:00+00:00,1.7551318284065154
2019-06-17 19:30:00+00:00,1.7526090523875535
2019-06-17 20:00:00+00:00,1.719300844753881
2019-06-17 20:30:00+00:00,1.7410590677072846
2019-06-17 21:00:00+00:00,1.7556621417510638
2019-06-17 21:30:00+00:00,1.7494135882431172
2019-06-17 22:00:00+00:00,1.7494704375440235
2019-06-17 22:30:00+00:00,1.7526816448012847
2019-06-17 23:00:00+00:00,1.5755710590791001
2019-06-17 23:30:00+00:00,0.5058715230183739
2019-06-18 00:00:00+00:00,0.5166106920905966
2019-06-18 00:30:00+00:00,-0.089527831144323
2019-06-18 01:00:00+00:00,-0.17086192289326782
2019-06-18 01:30:00+00:00,0.554494571315484
2019-06-18 02:00:00+00:00,0.1400799623251175
2019-06-18 02:30:00+00:00,0.018479843994540144
2019-06-18 03:00:00+00:00,0.37883921107912844
2019-06-18 03:30:00+00:00,0.7528904147751923
2019-06-18 04:00:00+00:00,0.7086634704005967
2019-06-18 04:30:00+00:00,1.0233581230681843
2019-06-18 05:00:00+00:00,0.6254988300096836
2019-06-18 05:30:00+00:00,0.7636950356530848
2019-06-18 06:00:00+00:00,0.6920271486066578
2019-06-18 06:30:00+00:00,0.5019272781925134
2019-06-18 07:00:00+00:00,0.26061801029885023
2019-06-18 07:30:00+00:00,-0.017303633255807506
2019-06-18 08:00:00+00:00,0.2133643914436972
2019-06-18 08:30:00+00:00,0.39326813867023896
2019-06-18 09:00:00+00:00,0.3317614221425927
2019-06-18 09:30:00+00:00,0.70458333672984
2019-06-18 10:00:00+00:00,0.4644763094388107
2019-06-18 10:30:00+00:00,0.46764960278109974
2019-06-18 11:00:00+00:00,0.24179267201620133
2019-06-18 11:30:00+00:00,0.29906879462069896
2019-06-18 12:00:00+00:00,0.2175756279994672
2019-06-18 12:30:00+00:00,0.335278147827149
2019-06-18 13:00:00+00:00,-0.1190768274632686
2019-06-18 13:30:00+00:00,-0.6014493723840124
2019-06-18 14:00:00+00:00,-0.6483920269691354
2019-06-18 14:30:00+00:00,-0.610411971331882
2019-06-18 15:00:00+00:00,0.0014779999165443474
2019-06-18 15:30:00+00:00,0.615854854327343
2019-06-18 16:00:00+00:00,1.4392191284291154
2019-06-18 16:30:00+00:00,1.7584737297988722
2019-06-18 17:00:00+00:00,1.747487638877564
2019-06-18 17:30:00+00:00,1.748948122719087
2019-06-18 18:00:00+00:00,1.7535974892041455
2019-06-18 18:30:00+00:00,1.7425001169257415
2019-06-18 19:00:00+00:00,1.7536784497716595
2019-06-18 19:30:00+00:00,1.7473195614466661
2019-06-18 20:00:00+00:00,1.7516866187102598
2019-06-18 20:30:00+00:00,1.750680238853144
2019-06-18 21:00:00+00:00,1.744896553517338
2019-06-18 21:30:00+00:00,1.7526455242726566
2019-06-18 22:00:00+00:00,1.7453161024042183
2019-06-18 22:30:00+00:00,1.6087362346733738
2019-06-18 23:00:00+00:00,1.675924562255933
2019-06-18 23:30:00+00:00,1.7431128898384918
2019-06-19 00:00:00+00:00,1.5941421160134783
2019-06-19 00:30:00+00:00,0.7346246752016422
2019-06-19 01:00:00+00:00,0.5771118061379191
2019-06-19 01:30:00+00:00,1.0344420039274314
2019-06-19 02:00:00+00:00,1.4109366174714506
2019-06-19 02:30:00+00:00,1.360550057914886
2019-06-19 03:00:00+00:00,1.5125411790158962
2019-06-19 03:30:00+00:00,1.3995779925224148
2019-06-19 04:00:00+00:00,1.193918070164516
2019-06-19 04:30:00+00:00,1.4454780539079364
2019-06-19 05:00:00+00:00,1.0996323315036356
2019-06-19 05:30:00+00:00,1.4479995023270624
2019-06-19 06:00:00+00:00,0.9918684523499015
2019-06-19 06:30:00+00:00,0.611733053026946
2019-06-19 07:00:00+00:00,0.6793104550976615
2019-06-19 07:30:00+00:00,0.7104888063235125
2019-06-19 08:00:00+00:00,0.8792121311579002
2019-06-19 08:30:00+00:00,0.5016547790017495
2019-06-19 09:00:00+00:00,0.04874956770574687
2019-06-19 09:30:00+00:00,0.3382878492683448
2019-06-19 10:00:00+00:00,0.00686752453196406
2019-06-19 10:30:00+00:00,-0.199828479539293
2019-06-19 11:00:00+00:00,0.518244444036131
2019-06-19 11:30:00+00:00,0.14390373154089003
2019-06-19 12:00:00+00:00,-0.2595073072670311
2019-06-19 12:30:00+00:00,-0.4824973866826876
2019-06-19 13:00:00+00:00,0.12175659456069493
2019-06-19 13:30:00+00:00,0.9712037668596641
2019-06-19 14:00:00+00:00,1.4173800674888888
2019-06-19 14:30:00+00:00,1.1803949702352778
2019-06-19 15:00:00+00:00,1.2115535921923892
2019-06-19 15:30:00+00:00,1.208730392146959
2019-06-19 16:00:00+00:00,0.35278695832736806
2019-06-19 16:30:00+00:00,1.6962194311573748
2019-06-19 17:00:00+00:00,1.7513965017311304
2019-06-19 17:30:00+00:00,1.7542395099520545
2019-06-19 18:00:00+00:00,1.7556253882058677
2019-06-19 18:30:00+00:00,1.7277696944338794
2019-06-19 19:00:00+00:00,1.74639420180813
2019-06-19 19:30:00+00:00,1.7494858770752109
2019-06-19 20:00:00+00:00,1.75165358119702
2019-06-19 20:30:00+00:00,1.7445651927657988
2019-06-19 21:00:00+00:00,1.7474199642848185
2019-06-19 21:30:00+00:00,1.748514574185972
2019-06-19 22:00:00+00:00,1.5157560931912448
2019-06-19 22:30:00+00:00,1.4650545827173989
2019-06-19 23:00:00+00:00,1.7363813409643323
2019-06-19 23:30:00+00:00,1.7445858835227748
2019-06-20 00:00:00+00:00,0.9878306304019557
2019-06-20 00:30:00+00:00,1.3744803999820094
2019-06-20 01:00:00+00:00,1.2477923859528248
2019-06-20 01:30:00+00:00,1.7459366460153949
2019-06-20 02:00:00+00:00,1.010424950760539
2019-06-20 02:30:00+00:00,1.5928234930513034
2019-06-20 03:00:00+00:00,1.738545336625281
2019-06-20 03:30:00+00:00,1.6990715139348012
2019-06-20 04:00:00+00:00,1.6217937807692442
2019-06-20 04:30:00+00:00,1.5445160476036872
2019-06-20 05:00:00+00:00,1.4672383144381305
2019-06-20 05:30:00+00:00,1.2368951728249447
2019-06-20 06:00:00+00:00,0.9131418805333238
2019-06-20 06:30:00+00:00,0.8784241597618164
2019-06-20 07:00:00+00:00,1.015509013063596
2019-06-20 07:30:00+00:00,1.1525938663653754
2019-06-20 08:00:00+00:00,1.205544947607301
2019-06-20 08:30:00+00:00,1.1353135296884056
2019-06-20 09:00:00+00:00,1.0650821117695106
2019-06-20 09:30:00+00:00,0.9948506938506153
2019-06-20 10:00:00+00:00,1.3955347182143036
2019-06-20 10:30:00+00:00,1.45518179783247
2019-06-20 11:00:00+00:00,1.5148288774506364
2019-06-20 11:30:00+00:00,1.5148288774506364
2019-06-20 12:00:00+00:00,1.6341230366869688
2019-06-20 12:30:00+00:00,1.503880634992775
2019-06-20 13:00:00+00:00,1.7469228928731224
2019-06-20 13:30:00+00:00,1.7452319092383952
2019-06-20 14:00:00+00:00,1.7435409256036682
2019-06-20 14:30:00+00:00,1.7435409256036682
2019-06-20 15:00:00+00:00,1.7435409256036682
2019-06-20 15:30:00+00:00,1.7384679746994869
2019-06-20 16:00:00+00:00,1.7303238963931256
2019-06-20 16:30:00+00:00,1.7507952500843038
2019-06-20 17:00:00+00:00,1.7558874018405541
2019-06-20 17:30:00+00:00,1.7265029840963106
2019-06-20 18:00:00+00:00,1.6449328561093395
2019-06-20 18:30:00+00:00,1.5633627281223683
2019-06-20 19:00:00+00:00,1.5633627281223683
2019-06-20 19:30:00+00:00,1.5633627281223683
2019-06-20 20:00:00+00:00,1.5633627281223683
2019-06-20 20:30:00+00:00,1.5633627281223683
2019-06-20 21:00:00+00:00,1.5633627281223683
2019-06-20 21:30:00+00:00,1.5633627281223683
2019-06-20 22:00:00+00:00,0.9923718322135702
2019-06-20 22:30:00+00:00,1.0059740931447396
2019-06-20 23:00:00+00:00,1.0195763540759095
2019-06-20 23:30:00+00:00,1.0195763540759095
2019-06-21 00:00:00+00:00,1.0195763540759095
2019-06-21 00:30:00+00:00,1.0195763540759095
2019-06-21 01:00:00+00:00,1.0195763540759095
2019-06-21 01:30:00+00:00,1.0195763540759095
2019-06-21 02:00:00+00:00,1.0195763540759095
2019-06-21 02:30:00+00:00,1.1147921805940961
2019-06-21 03:00:00+00:00,0.6692585486853003
2019-06-21 03:30:00+00:00,1.0388878488690563
2019-06-21 04:00:00+00:00,1.0204190373287776
2019-06-21 04:30:00+00:00,1.001950225788499
2019-06-21 05:00:00+00:00,1.001950225788499
2019-06-21 05:30:00+00:00,1.001950225788499
2019-06-21 06:00:00+00:00,1.001950225788499
2019-06-21 06:30:00+00:00,1.001950225788499
2019-06-21 07:00:00+00:00,1.001950225788499
2019-06-21 07:30:00+00:00,1.001950225788499
2019-06-21 08:00:00+00:00,1.001950225788499
2019-06-21 08:30:00+00:00,1.001950225788499
2019-06-21 09:00:00+00:00,0.9774615330523012
2019-06-21 09:30:00+00:00,0.9529728403161035
2019-06-21 10:00:00+00:00,0.9284841475799058
2019-06-21 10:30:00+00:00,0.9039954548437081
2019-06-21 11:00:00+00:00,0.8795067621075104
2019-06-21 11:30:00+00:00,0.8550180693713127
2019-06-21 12:00:00+00:00,0.830529376635115
2019-06-21 12:30:00+00:00,0.8060406838989174
2019-06-21 13:00:00+00:00,0.7815519911627196
2019-06-21 13:30:00+00:00,0.757063298426522
2019-06-21 14:00:00+00:00,0.7325746056903242
2019-06-21 14:30:00+00:00,0.7080859129541266
2019-06-21 15:00:00+00:00,0.6835972202179288
2019-06-21 15:30:00+00:00,0.6591085274817311
2019-06-21 16:00:00+00:00,0.6346198347455334
2019-06-21 16:30:00+00:00,0.6101311420093357
2019-06-21 17:00:00+00:00,0.585642449273138
2019-06-21 17:30:00+00:00,0.5611537565369403
2019-06-21 18:00:00+00:00,0.5366650638007426
2019-06-21 18:30:00+00:00,0.5121763710645449
2019-06-21 19:00:00+00:00,0.48768767832834725
2019-06-21 19:30:00+00:00,0.46319898559214956
2019-06-21 20:00:00+00:00,0.43871029285595187
2019-06-21 20:30:00+00:00,0.4142216001197542
2019-06-21 21:00:00+00:00,0.3897329073835565
2019-06-21 21:30:00+00:00,0.3652442146473588
2019-06-21 22:00:00+00:00,0.3407555219111611
2019-06-21 22:30:00+00:00,0.3162668291749633
2019-06-21 23:00:00+00:00,0.2917781364387656
2019-06-21 23:30:00+00:00,0.2672894437025679
2019-06-22 00:00:00+00:00,0.24280075096637022
2019-06-22 00:30:00+00:00,0.21831205823017252
2019-06-22 01:00:00+00:00,0.19382336549397483
2019-06-22 01:30:00+00:00,0.16933467275777714
2019-06-22 02:00:00+00:00,0.14484598002157945
2019-06-22 02:30:00+00:00,0.12035728728538175
2019-06-22 03:00:00+00:00,0.09586859454918406
2019-06-22 03:30:00+00:00,0.07137990181298637
2019-06-22 04:00:00+00:00,0.046891209076788676
2019-06-22 04:30:00+00:00,0.022402516340590983
2019-06-22 05:00:00+00:00,-0.0020861763956068202
2019-06-22 05:30:00+00:00,-0.0265748691318044
2019-06-22 06:00:00+00:00,-0.051063561868002205
2019-06-22 06:30:00+00:00,-0.07555225460419979
2019-06-22 07:00:00+00:00,-0.10004094734039759
2019-06-22 07:30:00+00:00,-0.12452964007659517
2019-06-22 08:00:00+00:00,-0.14901833281279298
2019-06-22 08:30:00+00:00,-0.17350702554899056
2019-06-22 09:00:00+00:00,-0.19799571828518836
2019-06-22 09:30:00+00:00,-0.22248441102138594
2019-06-22 10:00:00+00:00,-0.24697310375758375
2019-06-22 10:30:00+00:00,-0.2714617964937813
2019-06-22 11:00:00+00:00,-0.29595048922997913
2019-06-22 11:30:00+00:00,-0.3204391819661767
2019-06-22 12:00:00+00:00,-0.3449278747023745
2019-06-22 12:30:00+00:00,-0.3694165674385723
2019-06-22 13:00:00+00:00,-0.3939052601747699
2019-06-22 13:30:00+00:00,-0.4183939529109677
2019-06-22 14:00:00+00:00,-0.4428826456471653
2019-06-22 14:30:00+00:00,-0.4673713383833631
2019-06-22 15:00:00+00:00,-0.49186003111956067
2019-06-22 15:30:00+00:00,-0.5163487238557585
2019-06-22 16:00:00+00:00,-0.540837416591956
2019-06-22 16:30:00+00:00,-0.5653261093281539
2019-06-22 17:00:00+00:00,-0.5898148020643514
2019-06-22 17:30:00+00:00,-0.6143034948005492
2019-06-22 18:00:00+00:00,-0.6387921875367468
2019-06-22 18:30:00+00:00,-0.6632808802729446
2019-06-22 19:00:00+00:00,-0.6877695730091422
2019-06-22 19:30:00+00:00,-0.71225826574534
2019-06-22 20:00:00+00:00,-0.7367469584815376
2019-06-22 20:30:00+00:00,-0.7612356512177354
2019-06-22 21:00:00+00:00,-0.785724343953933
2019-06-22 21:30:00+00:00,-0.8102130366901308
2019-06-22 22:00:00+00:00,-0.8347017294263286
2019-06-22 22:30:00+00:00,-0.8591904221625261
2019-06-22 23:00:00+00:00,-0.5847661470576792
2019-06-22 23:30:00+00:00,-0.5325869293592884
2019-06-23 00:00:00+00:00,-0.5222619262360284
2019-06-23 00:30:00+00:00,-0.5689083737548768
2019-06-23 01:00:00+00:00,-0.5038767970736961
2019-06-23 01:30:00+00:00,-0.24365617540680307
2019-06-23 02:00:00+00:00,-0.3082555279461809
2019-06-23 02:30:00+00:00,-0.2601091306607748
2019-06-23 03:00:00+00:00,-0.21196273337536872
2019-06-23 03:30:00+00:00,0.1369818355199822
2019-06-23 04:00:00+00:00,0.12325144294135852
2019-06-23 04:30:00+00:00,0.10952105036273484
2019-06-23 05:00:00+00:00,0.10952105036273484
2019-06-23 05:30:00+00:00,0.08206026520548748
2019-06-23 06:00:00+00:00,-0.14081211216532774
2019-06-23 06:30:00+00:00,-0.36694734652145833
2019-06-23 07:00:00+00:00,-0.43968110962416984
2019-06-23 07:30:00+00:00,-0.4806032455840404
2019-06-23 08:00:00+00:00,-0.7141689328122488
2019-06-23 08:30:00+00:00,-0.7193934844401199
2019-06-23 09:00:00+00:00,-0.8768657815318095
2019-06-23 09:30:00+00:00,-0.998013430596771
2019-06-23 10:00:00+00:00,-1.0984114417074924
2019-06-23 10:30:00+00:00,-1.1047603195023157
2019-06-23 11:00:00+00:00,-0.7526154182722569
2019-06-23 11:30:00+00:00,-0.8677064106053853
2019-06-23 12:00:00+00:00,-0.9827974029385139
2019-06-23 12:30:00+00:00,-1.0978883952716425
2019-06-23 13:00:00+00:00,-1.0467705470495772
2019-06-23 13:30:00+00:00,-0.9958364267395479
2019-06-23 14:00:00+00:00,-1.1011707763986076
2019-06-23 14:30:00+00:00,-0.3949790893110932
2019-06-23 15:00:00+00:00,-0.38411060688929033
2019-06-23 15:30:00+00:00,-0.4356854021100184
2019-06-23 16:00:00+00:00,0.2487075364896752
2019-06-23 16:30:00+00:00,1.660531309971366
2019-06-23 17:00:00+00:00,1.5971373960763051
2019-06-23 17:30:00+00:00,1.4057006104713015
2019-06-23 18:00:00+00:00,0.43371955221368097
2019-06-23 18:30:00+00:00,0.46331703658955786
2019-06-23 19:00:00+00:00,0.7560312146219597
2019-06-23 19:30:00+00:00,1.0118025985169792
2019-06-23 20:00:00+00:00,1.6403305637980068
2019-06-23 20:30:00+00:00,1.1652932817596875
2019-06-23 21:00:00+00:00,0.24518809075389295
2019-06-23 21:30:00+00:00,0.3537568244212745
2019-06-23 22:00:00+00:00,0.10468242836837038
2019-06-23 22:30:00+00:00,0.7177025035646372
2019-06-23 23:00:00+00:00,0.12364694975304387
2019-06-23 23:30:00+00:00,0.024208952031460385
2019-06-24 00:00:00+00:00,0.6569228485051807
2019-06-24 00:30:00+00:00,0.04274183908571371
2019-06-24 01:00:00+00:00,0.185143427996634
2019-06-24 01:30:00+00:00,-0.13787627484819714
2019-06-24 02:00:00+00:00,0.14031692134983326
2019-06-24 02:30:00+00:00,-0.03828705590912125
2019-06-24 03:00:00+00:00,-0.05848531857919324
2019-06-24 03:30:00+00:00,0.2605742688044621
2019-06-24 04:00:00+00:00,0.38841550174214134
2019-06-24 04:30:00+00:00,0.06355633580690134
2019-06-24 05:00:00+00:00,-0.47568274763679363
2019-06-24 05:30:00+00:00,-0.7460895973339278
2019-06-24 06:00:00+00:00,-0.7050339551036496
2019-06-24 06:30:00+00:00,-0.8732189651002357
2019-06-24 07:00:00+00:00,-0.9204045686956743
2019-06-24 07:30:00+00:00,-0.5655386659265333
2019-06-24 08:00:00+00:00,-0.7252231293006629
2019-06-24 08:30:00+00:00,-0.9127266752840871
2019-06-24 09:00:00+00:00,-0.764838277839431
2019-06-24 09:30:00+00:00,-0.7479909603369154
2019-06-24 10:00:00+00:00,-0.8576317241051349
2019-06-24 10:30:00+00:00,-0.6060507787148937
2019-06-24 11:00:00+00:00,-0.3982942653417181
2019-06-24 11:30:00+00:00,-0.7950642508991078
2019-06-24 12:00:00+00:00,-0.9075517858663679
2019-06-24 12:30:00+00:00,-0.8857379147076755
2019-06-24 13:00:00+00:00,-0.8313052602821311
2019-06-24 13:30:00+00:00,-0.2115014712389421
2019-06-24 14:00:00+00:00,-0.45531512964255855
2019-06-24 14:30:00+00:00,-0.8808513495734522
2019-06-24 15:00:00+00:00,-1.0092360342947038
2019-06-24 15:30:00+00:00,-1.0191528941910817
2019-06-24 16:00:00+00:00,0.25583257444905627
2019-06-24 16:30:00+00:00,1.7132799396723168
2019-06-24 17:00:00+00:00,1.627874891054653
2019-06-24 17:30:00+00:00,1.468422124407859
2019-06-24 18:00:00+00:00,0.9760110514991753
2019-06-24 18:30:00+00:00,0.5160223519081515
2019-06-24 19:00:00+00:00,0.5273772455453792
2019-06-24 19:30:00+00:00,0.6968979593943126
2019-06-24 20:00:00+00:00,0.253270489340218
2019-06-24 20:30:00+00:00,1.1141888161456635
2019-06-24 21:00:00+00:00,1.084230777488502
2019-06-24 21:30:00+00:00,0.5893207963657848
2019-06-24 22:00:00+00:00,0.5209342367447396
2019-06-24 22:30:00+00:00,0.15138142852187172
2019-06-24 23:00:00+00:00,0.0033982971142080577
2019-06-24 23:30:00+00:00,-0.4905520373963365
2019-06-25 00:00:00+00:00,0.006279576354425726
2019-06-25 00:30:00+00:00,0.18174826049699383
2019-06-25 01:00:00+00:00,0.1575629767595731
2019-06-25 01:30:00+00:00,-0.3061115795400372
2019-06-25 02:00:00+00:00,-0.20377969709221
2019-06-25 02:30:00+00:00,0.5585982415015482
2019-06-25 03:00:00+00:00,0.9019890115648671
2019-06-25 03:30:00+00:00,1.1501383291040017
2019-06-25 04:00:00+00:00,1.0094676587831708
2019-06-25 04:30:00+00:00,0.6383682565799521
2019-06-25 05:00:00+00:00,0.30693282429743757
2019-06-25 05:30:00+00:00,-0.11095818620668493
2019-06-25 06:00:00+00:00,0.021013418505186763
2019-06-25 06:30:00+00:00,-0.4370578990479844
2019-06-25 07:00:00+00:00,-0.408986565912259
2019-06-25 07:30:00+00:00,-0.385869415197182
2019-06-25 08:00:00+00:00,-0.3902963287902518
2019-06-25 08:30:00+00:00,-0.2534180513331808
2019-06-25 09:00:00+00:00,-0.2753124766107914
2019-06-25 09:30:00+00:00,-0.13738990976575996
2019-06-25 10:00:00+00:00,-0.2509068657976902
2019-06-25 10:30:00+00:00,-0.2150136585829252
2019-06-25 11:00:00+00:00,-0.5510668015473691
2019-06-25 11:30:00+00:00,-0.23992563557557892
2019-06-25 12:00:00+00:00,-0.41077804849677035
2019-06-25 12:30:00+00:00,-0.4677930690725194
2019-06-25 13:00:00+00:00,-0.7636342570179918
2019-06-25 13:30:00+00:00,-0.9581385322699052
2019-06-25 14:00:00+00:00,-0.7108488379345131
2019-06-25 14:30:00+00:00,0.035406178908838695
2019-06-25 15:00:00+00:00,0.25283466449005104
2019-06-25 15:30:00+00:00,0.006079043807551104
2019-06-25 16:00:00+00:00,0.12039717140151117
2019-06-25 16:30:00+00:00,-0.605801058504071
2019-06-25 17:00:00+00:00,-0.4382149058963115
2019-06-25 17:30:00+00:00,-0.16424875425427918
2019-06-25 18:00:00+00:00,0.5538963596866937
2019-06-25 18:30:00+00:00,1.4343458603846426
2019-06-25 19:00:00+00:00,1.6767388146726008
2019-06-25 19:30:00+00:00,1.7350797262645987
2019-06-25 20:00:00+00:00,1.7440584110783373
2019-06-25 20:30:00+00:00,1.5568300964329593
2019-06-25 21:00:00+00:00,1.612819265682522
2019-06-25 21:30:00+00:00,1.1516169904606215
2019-06-25 22:00:00+00:00,1.5695562699887582
2019-06-25 22:30:00+00:00,1.7299752255578642
2019-06-25 23:00:00+00:00,1.4525293538949215
2019-06-25 23:30:00+00:00,1.7244308592474793
2019-06-26 00:00:00+00:00,1.7490101589095715
2019-06-26 00:30:00+00:00,1.303453808204172
2019-06-26 01:00:00+00:00,1.1826090441587944
2019-06-26 01:30:00+00:00,1.600355756441028
2019-06-26 02:00:00+00:00,1.1898830463114245
2019-06-26 02:30:00+00:00,0.9004930655319455
2019-06-26 03:00:00+00:00,1.6521035183492259
2019-06-26 03:30:00+00:00,1.6367051454795332
2019-06-26 04:00:00+00:00,1.587554406965711
2019-06-26 04:30:00+00:00,1.3705734290026668
2019-06-26 05:00:00+00:00,0.7089991765124964
2019-06-26 05:30:00+00:00,0.7306883769120248
2019-06-26 06:00:00+00:00,1.0139208913363131
2019-06-26 06:30:00+00:00,1.1515738239211357
2019-06-26 07:00:00+00:00,0.4364369815592244
2019-06-26 07:30:00+00:00,0.7968529065569119
2019-06-26 08:00:00+00:00,1.1572688315545994
2019-06-26 08:30:00+00:00,0.9195385468570321
2019-06-26 09:00:00+00:00,0.8464479182689285
2019-06-26 09:30:00+00:00,1.2585024806625935
2019-06-26 10:00:00+00:00,1.224442985219876
2019-06-26 10:30:00+00:00,1.052567101981183
2019-06-26 11:00:00+00:00,1.0163864858573488
2019-06-26 11:30:00+00:00,1.2730366163828615
2019-06-26 12:00:00+00:00,1.6420070689260982
2019-06-26 12:30:00+00:00,1.729941233889779
2019-06-26 13:00:00+00:00,1.7473022571313983
2019-06-26 13:30:00+00:00,1.7463107288600956
2019-06-26 14:00:00+00:00,1.6323954676465737
2019-06-26 14:30:00+00:00,1.7428940259492212
2019-06-26 15:00:00+00:00,1.6890074080922328
2019-06-26 15:30:00+00:00,1.7490235666336944
2019-06-26 16:00:00+00:00,1.7478044227440945
2019-06-26 16:30:00+00:00,1.7527020707296916
2019-06-26 17:00:00+00:00,1.7026812264416615
2019-06-26 17:30:00+00:00,1.7193096419094893
2019-06-26 18:00:00+00:00,1.7244694976251627
2019-06-26 18:30:00+00:00,1.7116447314357746
2019-06-26 19:00:00+00:00,1.6497227993545531
2019-06-26 19:30:00+00:00,1.747653231153298
2019-06-26 20:00:00+00:00,1.7406666505722497
2019-06-26 20:30:00+00:00,1.7383169758275168
2019-06-26 21:00:00+00:00,1.722547683455017
2019-06-26 21:30:00+00:00,1.7480706881501846
2019-06-26 22:00:00+00:00,1.7407624960206916
2019-06-26 22:30:00+00:00,1.7527391002757806
2019-06-26 23:00:00+00:00,1.7474476767714695
2019-06-26 23:30:00+00:00,1.7471222852780264
2019-06-27 00:00:00+00:00,1.752666609596073
2019-06-27 00:30:00+00:00,1.7167701271897227
2019-06-27 01:00:00+00:00,1.6766483441957205
2019-06-27 01:30:00+00:00,1.241492535648696
2019-06-27 02:00:00+00:00,1.4125465982628838
2019-06-27 02:30:00+00:00,1.6945720155596906
2019-06-27 03:00:00+00:00,1.7337192332100213
2019-06-27 03:30:00+00:00,1.704197742823348
2019-06-27 04:00:00+00:00,1.697135638487036
2019-06-27 04:30:00+00:00,1.494677823413909
2019-06-27 05:00:00+00:00,1.6869732482064403
2019-06-27 05:30:00+00:00,1.6584408475555097
2019-06-27 06:00:00+00:00,1.6410652925634641
2019-06-27 06:30:00+00:00,1.6655255688227615
2019-06-27 07:00:00+00:00,1.5271121845397593
2019-06-27 07:30:00+00:00,1.6132208586809567
2019-06-27 08:00:00+00:00,1.6192764173607814
2019-06-27 08:30:00+00:00,1.5800578730959298
2019-06-27 09:00:00+00:00,1.7208311155241516
2019-06-27 09:30:00+00:00,1.4764317593313685
2019-06-27 10:00:00+00:00,1.7071916083911636
2019-06-27 10:30:00+00:00,1.7036258897768233
2019-06-27 11:00:00+00:00,1.4806537239126514
2019-06-27 11:30:00+00:00,1.5812440891384805
2019-06-27 12:00:00+00:00,1.7486759202511466
2019-06-27 12:30:00+00:00,1.7497937894517284
2019-06-27 13:00:00+00:00,1.7474662856315066
2019-06-27 13:30:00+00:00,1.751797889360753
2019-06-27 14:00:00+00:00,1.754685199771284
2019-06-27 14:30:00+00:00,1.7531558697289076
2019-06-27 15:00:00+00:00,1.7657333103643216
2019-06-27 15:30:00+00:00,1.7522056352901254
2019-06-27 16:00:00+00:00,1.7484378127475715
2019-06-27 16:30:00+00:00,1.7506406042379552
2019-06-27 17:00:00+00:00,1.7537755243862558
2019-06-27 17:30:00+00:00,1.737046671783163
2019-06-27 18:00:00+00:00,1.7477486765290466
2019-06-27 18:30:00+00:00,1.7489505922732014
2019-06-27 19:00:00+00:00,1.7513081409585889
2019-06-27 19:30:00+00:00,1.7513182373198042
2019-06-27 20:00:00+00:00,1.74662989142758
2019-06-27 20:30:00+00:00,1.7410386316708235
2019-06-27 21:00:00+00:00,1.748606576089247
2019-06-27 21:30:00+00:00,1.7438888680666438
2019-06-27 22:00:00+00:00,1.6395021178691402
2019-06-27 22:30:00+00:00,1.5653150645191567
2019-06-27 23:00:00+00:00,1.7499720158231504
2019-06-27 23:30:00+00:00,1.7466210125958972
2019-06-28 00:00:00+00:00,1.1690249513256192
2019-06-28 00:30:00+00:00,1.0478924480328655
2019-06-28 01:00:00+00:00,1.104854473406755
2019-06-28 01:30:00+00:00,1.3438016932657308
2019-06-28 02:00:00+00:00,1.6064990902872789
2019-06-28 02:30:00+00:00,1.7567544598887956
2019-06-28 03:00:00+00:00,1.747911616856062
2019-06-28 03:30:00+00:00,1.7521274147753907
2019-06-28 04:00:00+00:00,1.7455126343111007
2019-06-28 04:30:00+00:00,1.7518720848856248
2019-06-28 05:00:00+00:00,1.7565255747770638
2019-06-28 05:30:00+00:00,1.744449248989649
2019-06-28 06:00:00+00:00,1.7517884051472299
2019-06-28 06:30:00+00:00,1.7413934260569632
2019-06-28 07:00:00+00:00,1.750015597809366
2019-06-28 07:30:00+00:00,1.7528550689830178
2019-06-28 08:00:00+00:00,1.7468774470205353
2019-06-28 08:30:00+00:00,1.7491580403250837
2019-06-28 09:00:00+00:00,1.7364433453409165
2019-06-28 09:30:00+00:00,1.7435644314272551
2019-06-28 10:00:00+00:00,1.7470720324672635
2019-06-28 10:30:00+00:00,1.7505356550708977
2019-06-28 11:00:00+00:00,1.75449968312194
2019-06-28 11:30:00+00:00,1.7716459487618739
2019-06-28 12:00:00+00:00,1.7551912491272028
2019-06-28 12:30:00+00:00,1.7482780228380512
2019-06-28 13:00:00+00:00,1.7503318604173543
2019-06-28 13:30:00+00:00,1.7476841869973
2019-06-28 14:00:00+00:00,1.753549675969013
2019-06-28 14:30:00+00:00,1.746592669162664
2019-06-28 15:00:00+00:00,1.74724592664181
2019-06-28 15:30:00+00:00,1.752908538668682
2019-06-28 16:00:00+00:00,1.7529449625270277
2019-06-28 16:30:00+00:00,1.763416323179912
2019-06-28 17:00:00+00:00,1.759191100855101
2019-06-28 17:30:00+00:00,1.744880392667112
2019-06-28 18:00:00+00:00,1.7576488406030288
2019-06-28 18:30:00+00:00,1.7533049970869325
2019-06-28 19:00:00+00:00,1.754187142902392
2019-06-28 19:30:00+00:00,1.7499001467618134
2019-06-28 20:00:00+00:00,1.7509373309870124
2019-06-28 20:30:00+00:00,1.758462742072594
2019-06-28 21:00:00+00:00,1.7452664828124589
2019-06-28 21:30:00+00:00,1.660774066865523
2019-06-28 22:00:00+00:00,1.7004390814608552
2019-06-28 22:30:00+00:00,1.2910480488111336
2019-06-28 23:00:00+00:00,1.736031992663398
2019-06-28 23:30:00+00:00,1.7599516302059277
2019-06-29 00:00:00+00:00,1.7460900450015202
2019-06-29 00:30:00+00:00,1.7452881538479286
2019-06-29 01:00:00+00:00,1.7472537028545396
2019-06-29 01:30:00+00:00,1.7507367213764733
2019-06-29 02:00:00+00:00,1.7492514944529802
2019-06-29 02:30:00+00:00,1.7490052186421314
2019-06-29 03:00:00+00:00,1.7494118264839131
2019-06-29 03:30:00+00:00,1.7498184343256944
2019-06-29 04:00:00+00:00,1.7498184343256944
2019-06-29 04:30:00+00:00,1.7498184343256944
2019-06-29 05:00:00+00:00,1.7498184343256944
2019-06-29 05:30:00+00:00,1.7498184343256944
2019-06-29 06:00:00+00:00,1.7498184343256944
2019-06-29 06:30:00+00:00,1.7498184343256944
2019-06-29 07:00:00+00:00,1.7498184343256944
2019-06-29 07:30:00+00:00,1.753071297059947
2019-06-29 08:00:00+00:00,1.7443526156399856
2019-06-29 08:30:00+00:00,1.7473061720767173
2019-06-29 09:00:00+00:00,1.742607453053131
2019-06-29 09:30:00+00:00,1.748652533946813
2019-06-29 10:00:00+00:00,1.7504860767760302
2019-06-29 10:30:00+00:00,1.7531815894329643
2019-06-29 11:00:00+00:00,1.757261516445382
2019-06-29 11:30:00+00:00,1.7540729540821838
2019-06-29 12:00:00+00:00,1.7520845528041027
2019-06-29 12:30:00+00:00,1.7471300408342603
2019-06-29 13:00:00+00:00,1.7669686241964047
2019-06-29 13:30:00+00:00,1.760849536347169
2019-06-29 14:00:00+00:00,1.7521123030916121
2019-06-29 14:30:00+00:00,1.7438874694785835
2019-06-29 15:00:00+00:00,1.7597534626523361
2019-06-29 15:30:00+00:00,1.761604970241184
2019-06-29 16:00:00+00:00,1.7459627829710072
2019-06-29 16:30:00+00:00,1.7447277758747026
2019-06-29 17:00:00+00:00,1.75094444198784
2019-06-29 17:30:00+00:00,1.7184984268791952
2019-06-29 18:00:00+00:00,1.6961118051420023
2019-06-29 18:30:00+00:00,1.7104809079443852
2019-06-29 19:00:00+00:00,1.6823819961970967
2019-06-29 19:30:00+00:00,1.300152576265926
2019-06-29 20:00:00+00:00,1.4479243269511146
2019-06-29 20:30:00+00:00,1.6692469343104406
2019-06-29 21:00:00+00:00,1.7274710107654878
2019-06-29 21:30:00+00:00,1.6701593278359412
2019-06-29 22:00:00+00:00,1.7376278739106048
2019-06-29 22:30:00+00:00,1.5910797155228606
2019-06-29 23:00:00+00:00,1.7008142416955716
2019-06-29 23:30:00+00:00,1.4107576527116075
2019-06-30 00:00:00+00:00,1.5882444353500447
2019-06-30 00:30:00+00:00,1.7265165401833416
2019-06-30 01:00:00+00:00,1.748554334833155
2019-06-30 01:30:00+00:00,1.7309964851001587
2019-06-30 02:00:00+00:00,1.3311621886376284
2019-06-30 02:30:00+00:00,1.741039677134237
2019-06-30 03:00:00+00:00,1.7507330663586484
2019-06-30 03:30:00+00:00,1.741452158166803
2019-06-30 04:00:00+00:00,1.753475208166409
2019-06-30 04:30:00+00:00,1.7633994121913725
2019-06-30 05:00:00+00:00,1.7527550319282588
2019-06-30 05:30:00+00:00,1.7423204231381062
2019-06-30 06:00:00+00:00,1.7502505006465565
2019-06-30 06:30:00+00:00,1.7560205044751431
2019-06-30 07:00:00+00:00,1.746980037982134
2019-06-30 07:30:00+00:00,1.7457333885273434
2019-06-30 08:00:00+00:00,1.7546656640231588
2019-06-30 08:30:00+00:00,1.74233185962394
2019-06-30 09:00:00+00:00,1.7517267675482242
2019-06-30 09:30:00+00:00,1.3625840256324764
2019-06-30 10:00:00+00:00,1.735907761977676
2019-06-30 10:30:00+00:00,1.7689353095124194
2019-06-30 11:00:00+00:00,1.748341262144644
2019-06-30 11:30:00+00:00,1.745351544990461
2019-06-30 12:00:00+00:00,1.7452087488886645
2019-06-30 12:30:00+00:00,1.7450659527868677
2019-06-30 13:00:00+00:00,1.7450659527868677
2019-06-30 13:30:00+00:00,1.7447803605832748
2019-06-30 14:00:00+00:00,1.7533292080778844
2019-06-30 14:30:00+00:00,1.7063741633424006
2019-06-30 15:00:00+00:00,1.7163287047159521
2019-06-30 15:30:00+00:00,1.7312911409662697
2019-06-30 16:00:00+00:00,1.4772858189689364
2019-06-30 16:30:00+00:00,1.759832355483099
2019-06-30 17:00:00+00:00,1.7433221434822437
2019-06-30 17:30:00+00:00,1.438432302058178
2019-06-30 18:00:00+00:00,1.7497304758107302
2019-06-30 18:30:00+00:00,1.754314315141406
2019-06-30 19:00:00+00:00,1.7487558691701675
2019-06-30 19:30:00+00:00,1.665113330862249
2019-06-30 20:00:00+00:00,1.58147079255433
2019-06-30 20:30:00+00:00,1.6108926281164162
2019-06-30 21:00:00+00:00,1.6403144636785023
2019-06-30 21:30:00+00:00,1.4046817979861486
2019-06-30 22:00:00+00:00,1.3379917294680015
2019-06-30 22:30:00+00:00,1.658500681100211
2019-06-30 23:00:00+00:00,1.471060412353729
2019-06-30 23:30:00+00:00,1.283620143607247
2019-07-01 00:00:00+00:00,1.283620143607247
2019-07-01 00:30:00+00:00,1.283620143607247
2019-07-01 01:00:00+00:00,0.7212993373678008
2019-07-01 01:30:00+00:00,1.0107566007163828
2019-07-01 02:00:00+00:00,1.6106534777364803
2019-07-01 02:30:00+00:00,1.7526431916865646
2019-07-01 03:00:00+00:00,1.7461523114604136
2019-07-01 03:30:00+00:00,1.7538622243039859
2019-07-01 04:00:00+00:00,1.7542135562322778
2019-07-01 04:30:00+00:00,1.7596283260351755
2019-07-01 05:00:00+00:00,1.7620629186361416
2019-07-01 05:30:00+00:00,1.748640350140195
2019-07-01 06:00:00+00:00,1.7470201553120992
2019-07-01 06:30:00+00:00,1.7414228306117392
2019-07-01 07:00:00+00:00,1.7560268531839376
2019-07-01 07:30:00+00:00,1.7518838388986686
2019-07-01 08:00:00+00:00,1.7555744184351816
2019-07-01 08:30:00+00:00,1.739735766327333
2019-07-01 09:00:00+00:00,1.7420152170845475
2019-07-01 09:30:00+00:00,1.7402981125235206
2019-07-01 10:00:00+00:00,1.7064778680964594
2019-07-01 10:30:00+00:00,1.7253155094162769
2019-07-01 11:00:00+00:00,1.676416145540169
2019-07-01 11:30:00+00:00,1.7408198345086365
2019-07-01 12:00:00+00:00,1.7478551481748388
2019-07-01 12:30:00+00:00,1.7448378458563127
2019-07-01 13:00:00+00:00,1.7510890994926853
2019-07-01 13:30:00+00:00,1.7516990532852792
2019-07-01 14:00:00+00:00,1.7510613507346902
2019-07-01 14:30:00+00:00,1.7495238234122923
2019-07-01 15:00:00+00:00,1.7030799350816492
2019-07-01 15:30:00+00:00,1.2025161968340878
2019-07-01 16:00:00+00:00,1.5259120167553677
2019-07-01 16:30:00+00:00,1.6505626663976318
2019-07-01 17:00:00+00:00,1.6811556904740894
2019-07-01 17:30:00+00:00,1.6029712042141409
2019-07-01 18:00:00+00:00,1.6634442054886769
2019-07-01 18:30:00+00:00,1.7518962610036464
2019-07-01 19:00:00+00:00,1.7474843535287141
2019-07-01 19:30:00+00:00,1.7205004698971176
2019-07-01 20:00:00+00:00,1.7501222409355843
2019-07-01 20:30:00+00:00,1.74386116474328
2019-07-01 21:00:00+00:00,1.7366596732534276
2019-07-01 21:30:00+00:00,1.7251822351701598
2019-07-01 22:00:00+00:00,1.7237983983593517
2019-07-01 22:30:00+00:00,1.7530887996002933
2019-07-01 23:00:00+00:00,1.7453511597701583
2019-07-01 23:30:00+00:00,1.747800050880096
2019-07-02 00:00:00+00:00,1.7506611976212083
2019-07-02 00:30:00+00:00,1.749752636902648
2019-07-02 01:00:00+00:00,1.7501665269354736
2019-07-02 01:30:00+00:00,1.7538093863078106
2019-07-02 02:00:00+00:00,1.7547178766250047
2019-07-02 02:30:00+00:00,1.7459446976856343
2019-07-02 03:00:00+00:00,1.7485545337060293
2019-07-02 03:30:00+00:00,1.7487094884783176
2019-07-02 04:00:00+00:00,1.7532016392267633
2019-07-02 04:30:00+00:00,1.7489684820866207
2019-07-02 05:00:00+00:00,1.7453837081688097
2019-07-02 05:30:00+00:00,1.7520223177767322
2019-07-02 06:00:00+00:00,1.7521886237239326
2019-07-02 06:30:00+00:00,1.7462514384540437
2019-07-02 07:00:00+00:00,1.748639351367225
2019-07-02 07:30:00+00:00,1.711383069130569
2019-07-02 08:00:00+00:00,1.7073900586151354
2019-07-02 08:30:00+00:00,1.7117488500764573
2019-07-02 09:00:00+00:00,1.7534384212254701
2019-07-02 09:30:00+00:00,1.753327364063001
2019-07-02 10:00:00+00:00,1.6981618249451438
2019-07-02 10:30:00+00:00,1.7447625258323778
2019-07-02 11:00:00+00:00,1.6920979044095361
2019-07-02 11:30:00+00:00,1.6148440949486382
2019-07-02 12:00:00+00:00,1.7610967315382067
2019-07-02 12:30:00+00:00,1.7556754964775099
2019-07-02 13:00:00+00:00,1.7488890082072028
2019-07-02 13:30:00+00:00,1.750319575968682
2019-07-02 14:00:00+00:00,1.7486231375193204
2019-07-02 14:30:00+00:00,1.7518144724289586
2019-07-02 15:00:00+00:00,1.7447716992485545
2019-07-02 15:30:00+00:00,1.757621584960509
2019-07-02 16:00:00+00:00,1.759052761774663
2019-07-02 16:30:00+00:00,1.7472425432027816
2019-07-02 17:00:00+00:00,1.7567461587701076
2019-07-02 17:30:00+00:00,1.7504372308127054
2019-07-02 18:00:00+00:00,1.753605781619968
2019-07-02 18:30:00+00:00,1.7613899189727122
2019-07-02 19:00:00+00:00,1.761319619733083
2019-07-02 19:30:00+00:00,1.755927792953615
2019-07-02 20:00:00+00:00,1.7468816565503476
2019-07-02 20:30:00+00:00,1.7419679276091635
2019-07-02 21:00:00+00:00,1.7509107712555971
2019-07-02 21:30:00+00:00,1.748774165222639
2019-07-02 22:00:00+00:00,1.7402258490813673
2019-07-02 22:30:00+00:00,1.7377283105507901
2019-07-02 23:00:00+00:00,1.7440870519940905
2019-07-02 23:30:00+00:00,1.7214103422836142
2019-07-03 00:00:00+00:00,1.7523685350085305
2019-07-03 00:30:00+00:00,1.7478088020500167
2019-07-03 01:00:00+00:00,1.7498848959007383
2019-07-03 01:30:00+00:00,1.6818280652457436
2019-07-03 02:00:00+00:00,1.6327303306804193
2019-07-03 02:30:00+00:00,1.7548934930328801
2019-07-03 03:00:00+00:00,1.754439670479141
2019-07-03 03:30:00+00:00,1.753407274264133
2019-07-03 04:00:00+00:00,1.7475488628958487
2019-07-03 04:30:00+00:00,1.7532735673993374
2019-07-03 05:00:00+00:00,1.7523015176031809
2019-07-03 05:30:00+00:00,1.7620985369233502
2019-07-03 06:00:00+00:00,1.7492370412786178
2019-07-03 06:30:00+00:00,1.7497046177620874
2019-07-03 07:00:00+00:00,1.749821783237947
2019-07-03 07:30:00+00:00,1.7473590382159587
2019-07-03 08:00:00+00:00,1.7611953388653807
2019-07-03 08:30:00+00:00,1.7468115371816226
2019-07-03 09:00:00+00:00,1.7511524654430788
2019-07-03 09:30:00+00:00,1.7424743993630059
2019-07-03 10:00:00+00:00,1.7579193009815524
2019-07-03 10:30:00+00:00,1.7386791743445393
2019-07-03 11:00:00+00:00,1.7486218277195775
2019-07-03 11:30:00+00:00,1.755599188081306
2019-07-03 12:00:00+00:00,1.749636993413895
2019-07-03 12:30:00+00:00,1.7522224899281296
2019-07-03 13:00:00+00:00,1.7600647200770694
2019-07-03 13:30:00+00:00,1.7424362168688843
2019-07-03 14:00:00+00:00,1.6999461746112443
2019-07-03 14:30:00+00:00,1.7397676915776272
2019-07-03 15:00:00+00:00,1.3239123649522524
2019-07-03 15:30:00+00:00,0.9080570383268777
2019-07-03 16:00:00+00:00,1.1019553970092673
2019-07-03 16:30:00+00:00,1.1860714309453018
2019-07-03 17:00:00+00:00,1.6735378929145182
2019-07-03 17:30:00+00:00,1.750842202814577
2019-07-03 18:00:00+00:00,1.7537220504179514
2019-07-03 18:30:00+00:00,1.707040106812763
2019-07-03 19:00:00+00:00,1.7569119424150985
2019-07-03 19:30:00+00:00,1.7552465845326506
2019-07-03 20:00:00+00:00,1.7420770798280893
2019-07-03 20:30:00+00:00,1.7481677858334588
2019-07-03 21:00:00+00:00,1.7157122632626693
2019-07-03 21:30:00+00:00,1.3687813942588185
2019-07-03 22:00:00+00:00,0.9188612253885712
2019-07-03 22:30:00+00:00,0.41361863525809556
2019-07-03 23:00:00+00:00,0.10535643631190884
2019-07-03 23:30:00+00:00,-0.037891274423397917
2019-07-04 00:00:00+00:00,-0.4045952068779687
2019-07-04 00:30:00+00:00,-0.17746554785120974
2019-07-04 01:00:00+00:00,-0.27635706859790055
2019-07-04 01:30:00+00:00,-0.049632517275138434
2019-07-04 02:00:00+00:00,0.7173595774809626
2019-07-04 02:30:00+00:00,1.4664199956083233
2019-07-04 03:00:00+00:00,1.751681259291445
2019-07-04 03:30:00+00:00,1.639612170108382
2019-07-04 04:00:00+00:00,1.3705797645866842
2019-07-04 04:30:00+00:00,1.725401634542457
2019-07-04 05:00:00+00:00,1.680249645129529
2019-07-04 05:30:00+00:00,1.7501733803840538
2019-07-04 06:00:00+00:00,1.748206358965583
2019-07-04 06:30:00+00:00,1.7510597184368133
2019-07-04 07:00:00+00:00,1.736301461763572
2019-07-04 07:30:00+00:00,1.7553706263053366
2019-07-04 08:00:00+00:00,1.5191269071894318
2019-07-04 08:30:00+00:00,1.7536866684648833
2019-07-04 09:00:00+00:00,1.7507143105987901
2019-07-04 09:30:00+00:00,1.6880506948513985
2019-07-04 10:00:00+00:00,1.7345741406574777
2019-07-04 10:30:00+00:00,1.7345905563248203
2019-07-04 11:00:00+00:00,1.7506018539880517
2019-07-04 11:30:00+00:00,1.7538019501142073
2019-07-04 12:00:00+00:00,1.7421849463911074
2019-07-04 12:30:00+00:00,1.7466384151059964
2019-07-04 13:00:00+00:00,1.7491349801408431
2019-07-04 13:30:00+00:00,1.7515162491489304
2019-07-04 14:00:00+00:00,1.7526345826250145
2019-07-04 14:30:00+00:00,1.7585010611973455
2019-07-04 15:00:00+00:00,1.7565535427262529
2019-07-04 15:30:00+00:00,1.7473720296062336
2019-07-04 16:00:00+00:00,1.7460371323650379
2019-07-04 16:30:00+00:00,1.7475106439992831
2019-07-04 17:00:00+00:00,1.7442887293487592
2019-07-04 17:30:00+00:00,1.752927715886222
2019-07-04 18:00:00+00:00,1.755498155924411
2019-07-04 18:30:00+00:00,1.7510735253822163
2019-07-04 19:00:00+00:00,1.7503917436632268
2019-07-04 19:30:00+00:00,1.7505571982826558
2019-07-04 20:00:00+00:00,1.7224246266877754
2019-07-04 20:30:00+00:00,1.7482287088432893
2019-07-04 21:00:00+00:00,1.7507472493306928
2019-07-04 21:30:00+00:00,1.4969174948944548
2019-07-04 22:00:00+00:00,1.1351790573639204
2019-07-04 22:30:00+00:00,1.2562456847682755
2019-07-04 23:00:00+00:00,1.2032372065521852
2019-07-04 23:30:00+00:00,0.7254440196804047
2019-07-05 00:00:00+00:00,1.0210328861719948
2019-07-05 00:30:00+00:00,0.4547867735220826
2019-07-05 01:00:00+00:00,0.04720849637588728
2019-07-05 01:30:00+00:00,0.8205754958292681
2019-07-05 02:00:00+00:00,0.4488228626782205
2019-07-05 02:30:00+00:00,0.8583205747123938
2019-07-05 03:00:00+00:00,1.562690301942778
2019-07-05 03:30:00+00:00,1.5048546669029694
2019-07-05 04:00:00+00:00,1.3525971300715844
2019-07-05 04:30:00+00:00,1.309189197314755
2019-07-05 05:00:00+00:00,1.5803673809899987
2019-07-05 05:30:00+00:00,1.734707729371775
2019-07-05 06:00:00+00:00,1.7353103859226584
2019-07-05 06:30:00+00:00,1.7366984281335895
2019-07-05 07:00:00+00:00,1.7380864703445207
2019-07-05 07:30:00+00:00,1.7429691519502157
2019-07-05 08:00:00+00:00,1.7156757003714553
2019-07-05 08:30:00+00:00,1.7093173326690483
2019-07-05 09:00:00+00:00,1.7445417723567427
2019-07-05 09:30:00+00:00,1.7603493570908053
2019-07-05 10:00:00+00:00,1.7555264856845898
2019-07-05 10:30:00+00:00,1.7497581775723812
2019-07-05 11:00:00+00:00,1.278703775699172
2019-07-05 11:30:00+00:00,1.762666575666611
2019-07-05 12:00:00+00:00,1.7547601371106893
2019-07-05 12:30:00+00:00,1.7470640095518957
2019-07-05 13:00:00+00:00,1.7508413181433902
2019-07-05 13:30:00+00:00,1.7626304237559425
2019-07-05 14:00:00+00:00,1.7489334834298864
2019-07-05 14:30:00+00:00,1.7501929477689788
2019-07-05 15:00:00+00:00,1.7547438743947967
2019-07-05 15:30:00+00:00,1.7546391151934417
2019-07-05 16:00:00+00:00,1.7481491096516482
2019-07-05 16:30:00+00:00,1.7480259338952135
2019-07-05 17:00:00+00:00,1.7539670449378413
2019-07-05 17:30:00+00:00,1.7345374925723047
2019-07-05 18:00:00+00:00,1.7581235514304165
2019-07-05 18:30:00+00:00,1.7538455596316824
2019-07-05 19:00:00+00:00,1.7340360069817566
2019-07-05 19:30:00+00:00,1.7551548249629538
2019-07-05 20:00:00+00:00,1.7516640375699601
2019-07-05 20:30:00+00:00,1.6861713055213203
2019-07-05 21:00:00+00:00,1.6224219254742513
2019-07-05 21:30:00+00:00,1.2664169181510951
2019-07-05 22:00:00+00:00,1.0992386350214909
2019-07-05 22:30:00+00:00,1.3231766119613126
2019-07-05 23:00:00+00:00,0.7206819550795577
2019-07-05 23:30:00+00:00,1.3418569086154413
2019-07-06 00:00:00+00:00,1.509679566075112
2019-07-06 00:30:00+00:00,1.4072123655049333
2019-07-06 01:00:00+00:00,0.7227750775658549
2019-07-06 01:30:00+00:00,1.4923148301463405
2019-07-06 02:00:00+00:00,1.0627723821120907
2019-07-06 02:30:00+00:00,0.5618007656096132
2019-07-06 03:00:00+00:00,0.5535686688522502
2019-07-06 03:30:00+00:00,1.4003620550300575
2019-07-06 04:00:00+00:00,1.7342245841896182
2019-07-06 04:30:00+00:00,1.736421496881764
2019-07-06 05:00:00+00:00,1.7436626586195785
2019-07-06 05:30:00+00:00,1.7461193007944156
2019-07-06 06:00:00+00:00,1.7515027517952573
2019-07-06 06:30:00+00:00,1.7546734316867068
2019-07-06 07:00:00+00:00,1.7433916509807672
2019-07-06 07:30:00+00:00,1.7517754290521
2019-07-06 08:00:00+00:00,1.753356400704407
2019-07-06 08:30:00+00:00,1.7524553701353418
2019-07-06 09:00:00+00:00,1.7611687071257311
2019-07-06 09:30:00+00:00,1.7583462157043699
2019-07-06 10:00:00+00:00,1.733455380945952
2019-07-06 10:30:00+00:00,1.743411052018914
2019-07-06 11:00:00+00:00,1.7477539707905434
2019-07-06 11:30:00+00:00,1.7555731490146196
2019-07-06 12:00:00+00:00,1.7367506367345462
2019-07-06 12:30:00+00:00,1.7500030270355775
2019-07-06 13:00:00+00:00,1.751988309327687
2019-07-06 13:30:00+00:00,1.4666014822316773
2019-07-06 14:00:00+00:00,1.3448258548651417
2019-07-06 14:30:00+00:00,1.4497852890494132
2019-07-06 15:00:00+00:00,1.749539364809145
2019-07-06 15:30:00+00:00,1.7483238411724054
2019-07-06 16:00:00+00:00,1.734681164458005
2019-07-06 16:30:00+00:00,1.7482189682831357
2019-07-06 17:00:00+00:00,1.7321100282495243
2019-07-06 17:30:00+00:00,1.7462762701939583
2019-07-06 18:00:00+00:00,1.752360140727041
2019-07-06 18:30:00+00:00,1.688424428515989
2019-07-06 19:00:00+00:00,1.6802463803152727
2019-07-06 19:30:00+00:00,1.5087265033756432
2019-07-06 20:00:00+00:00,1.5848394006464503
2019-07-06 20:30:00+00:00,0.7944479092573535
2019-07-06 21:00:00+00:00,0.6732373513875759
2019-07-06 21:30:00+00:00,1.1838373855085393
2019-07-06 22:00:00+00:00,1.3414643512149298
2019-07-06 22:30:00+00:00,1.3651157802992384
2019-07-06 23:00:00+00:00,1.6259969094286577
2019-07-06 23:30:00+00:00,1.0001675103121355
2019-07-07 00:00:00+00:00,-0.6188890140537076
2019-07-07 00:30:00+00:00,-0.19635774784402457
2019-07-07 01:00:00+00:00,-0.21030927417644313
2019-07-07 01:30:00+00:00,-0.21590486085888444
2019-07-07 02:00:00+00:00,0.32018614374793897
2019-07-07 02:30:00+00:00,0.2888305760890919
2019-07-07 03:00:00+00:00,1.2470932917995452
2019-07-07 03:30:00+00:00,1.7303491453126196
2019-07-07 04:00:00+00:00,1.7503850177761568
2019-07-07 04:30:00+00:00,1.754593765394365
2019-07-07 05:00:00+00:00,1.7355049025412346
2019-07-07 05:30:00+00:00,1.6499130559693385
2019-07-07 06:00:00+00:00,1.7029657023733713
2019-07-07 06:30:00+00:00,1.7558293659422957
2019-07-07 07:00:00+00:00,1.7455114697387588
2019-07-07 07:30:00+00:00,1.7522328416983775
2019-07-07 08:00:00+00:00,1.7459724531734944
2019-07-07 08:30:00+00:00,1.7572820997338392
2019-07-07 09:00:00+00:00,1.758431631747627
2019-07-07 09:30:00+00:00,1.7517781008080315
2019-07-07 10:00:00+00:00,1.7516765973312438
2019-07-07 10:30:00+00:00,1.7467232490160336
2019-07-07 11:00:00+00:00,1.759252713064167
2019-07-07 11:30:00+00:00,1.7447895370168094
2019-07-07 12:00:00+00:00,1.7414802402091045
2019-07-07 12:30:00+00:00,1.7505525544472011
2019-07-07 13:00:00+00:00,1.7555419300176478
2019-07-07 13:30:00+00:00,1.7579845708715964
2019-07-07 14:00:00+00:00,1.7365073780630316
2019-07-07 14:30:00+00:00,1.7472182002584278
2019-07-07 15:00:00+00:00,1.561688667464354
2019-07-07 15:30:00+00:00,1.4579614809342887
2019-07-07 16:00:00+00:00,1.4670730661088207
2019-07-07 16:30:00+00:00,1.741952807386622
2019-07-07 17:00:00+00:00,1.6796016526008186
2019-07-07 17:30:00+00:00,1.0812163736917273
2019-07-07 18:00:00+00:00,1.6647627629264505
2019-07-07 18:30:00+00:00,1.7212339577535551
2019-07-07 19:00:00+00:00,1.7413424631899492
2019-07-07 19:30:00+00:00,1.580084144801771
2019-07-07 20:00:00+00:00,1.4845484560839666
2019-07-07 20:30:00+00:00,1.749906781188415
2019-07-07 21:00:00+00:00,1.6951232320906542
2019-07-07 21:30:00+00:00,1.6201241709630094
2019-07-07 22:00:00+00:00,1.746893087529928
2019-07-07 22:30:00+00:00,1.6723711976066997
2019-07-07 23:00:00+00:00,1.7375026809668226
2019-07-07 23:30:00+00:00,1.681967123503901
2019-07-08 00:00:00+00:00,0.7512044747811146
2019-07-08 00:30:00+00:00,0.03411532067279071
2019-07-08 01:00:00+00:00,0.040451549917971175
2019-07-08 01:30:00+00:00,-0.2257959140432436
2019-07-08 02:00:00+00:00,-0.4598202176203662
2019-07-08 02:30:00+00:00,-0.33792698016340067
2019-07-08 03:00:00+00:00,0.3457368333933557
2019-07-08 03:30:00+00:00,1.5328406761517452
2019-07-08 04:00:00+00:00,1.7136429173240266
2019-07-08 04:30:00+00:00,1.712156471503349
2019-07-08 05:00:00+00:00,1.7444178987804564
2019-07-08 05:30:00+00:00,1.7467097678752144
2019-07-08 06:00:00+00:00,1.7525958083214823
2019-07-08 06:30:00+00:00,1.7460967981139486
2019-07-08 07:00:00+00:00,1.746155764568829
2019-07-08 07:30:00+00:00,1.7562599621525377
2019-07-08 08:00:00+00:00,1.7554123190117075
2019-07-08 08:30:00+00:00,1.7532138445230598
2019-07-08 09:00:00+00:00,1.7444161412716934
2019-07-08 09:30:00+00:00,1.7564108289284368
2019-07-08 10:00:00+00:00,1.753249905339375
2019-07-08 10:30:00+00:00,1.7363030837481503
2019-07-08 11:00:00+00:00,1.7322987853282923
2019-07-08 11:30:00+00:00,1.7537134092728213
2019-07-08 12:00:00+00:00,1.7608475034505569
2019-07-08 12:30:00+00:00,1.7474165806928368
2019-07-08 13:00:00+00:00,1.7504957922521458
2019-07-08 13:30:00+00:00,1.749474255824026
2019-07-08 14:00:00+00:00,1.740262119988263
2019-07-08 14:30:00+00:00,1.7516816606360506
2019-07-08 15:00:00+00:00,1.753949239607606
2019-07-08 15:30:00+00:00,1.747045825459886
2019-07-08 16:00:00+00:00,1.742227672155104
2019-07-08 16:30:00+00:00,1.75211407059857
2019-07-08 17:00:00+00:00,1.749375509755983
2019-07-08 17:30:00+00:00,1.3581489616573599
2019-07-08 18:00:00+00:00,1.477605509218924
2019-07-08 18:30:00+00:00,1.5099012943119487
2019-07-08 19:00:00+00:00,1.7516007266820888
2019-07-08 19:30:00+00:00,1.7355386944110263
2019-07-08 20:00:00+00:00,1.7381532314790045
2019-07-08 20:30:00+00:00,1.3905962276705852
2019-07-08 21:00:00+00:00,0.698495960508132
2019-07-08 21:30:00+00:00,0.5163558969899412
2019-07-08 22:00:00+00:00,0.8317760534964441
2019-07-08 22:30:00+00:00,1.0459919771003534
2019-07-08 23:00:00+00:00,0.3025046191165532
2019-07-08 23:30:00+00:00,0.6053363137453958
2019-07-09 00:00:00+00:00,0.6399760147775119
2019-07-09 00:30:00+00:00,0.8492364344317087
2019-07-09 01:00:00+00:00,1.1597242731448412
2019-07-09 01:30:00+00:00,1.7208433359626427
2019-07-09 02:00:00+00:00,1.744827634511595
2019-07-09 02:30:00+00:00,1.7455306012120513
2019-07-09 03:00:00+00:00,1.7252618583301942
2019-07-09 03:30:00+00:00,1.7472730657353266
2019-07-09 04:00:00+00:00,1.7577348396207388
2019-07-09 04:30:00+00:00,1.755002607679732
2019-07-09 05:00:00+00:00,1.7527843258782791
2019-07-09 05:30:00+00:00,1.7431043620303863
2019-07-09 06:00:00+00:00,1.6521684371774545
2019-07-09 06:30:00+00:00,0.8905092886916541
2019-07-09 07:00:00+00:00,0.12885014020585442
2019-07-09 07:30:00+00:00,1.7408558627639397
2019-07-09 08:00:00+00:00,1.7368444219752548
2019-07-09 08:30:00+00:00,1.7462374357487795
2019-07-09 09:00:00+00:00,1.116340838337298
2019-07-09 09:30:00+00:00,1.3410897727157585
2019-07-09 10:00:00+00:00,0.8033729948355491
2019-07-09 10:30:00+00:00,0.8128058328534711
2019-07-09 11:00:00+00:00,1.4301437680025315
2019-07-09 11:30:00+00:00,1.7478444495268017
2019-07-09 12:00:00+00:00,1.7644644881496045
2019-07-09 12:30:00+00:00,1.758612870039006
2019-07-09 13:00:00+00:00,1.7383750640351712
2019-07-09 13:30:00+00:00,1.750470678541734
2019-07-09 14:00:00+00:00,1.7466281340154173
2019-07-09 14:30:00+00:00,1.747642160833236
2019-07-09 15:00:00+00:00,1.7529321852687823
2019-07-09 15:30:00+00:00,1.7547837011170073
2019-07-09 16:00:00+00:00,1.7548395592925177
2019-07-09 16:30:00+00:00,1.7481294953073134
2019-07-09 17:00:00+00:00,1.7453710135043476
2019-07-09 17:30:00+00:00,1.7485830459616747
2019-07-09 18:00:00+00:00,1.7224252477265396
2019-07-09 18:30:00+00:00,1.744628523843262
2019-07-09 19:00:00+00:00,1.7552529962394474
2019-07-09 19:30:00+00:00,1.736700150699812
2019-07-09 20:00:00+00:00,1.6357090176522209
2019-07-09 20:30:00+00:00,1.7488503865804712
2019-07-09 21:00:00+00:00,1.3258144307194324
2019-07-09 21:30:00+00:00,0.7153284834763984
2019-07-09 22:00:00+00:00,0.9721972258713115
2019-07-09 22:30:00+00:00,1.1621334448718539
2019-07-09 23:00:00+00:00,0.4567541657110641
2019-07-09 23:30:00+00:00,0.6291835423905526
2019-07-10 00:00:00+00:00,0.6998919987246349
2019-07-10 00:30:00+00:00,0.1669993320976364
2019-07-10 01:00:00+00:00,-0.19291303242084493
2019-07-10 01:30:00+00:00,-0.5946556936444939
2019-07-10 02:00:00+00:00,-0.779663549220662
2019-07-10 02:30:00+00:00,-0.033427539871215856
2019-07-10 03:00:00+00:00,1.712724652394858
2019-07-10 03:30:00+00:00,1.6110629677148884
2019-07-10 04:00:00+00:00,1.7135354427675251
2019-07-10 04:30:00+00:00,1.7531107254965805
2019-07-10 05:00:00+00:00,1.7381050016363215
2019-07-10 05:30:00+00:00,1.7010844402212113
2019-07-10 06:00:00+00:00,1.7435638284926371
2019-07-10 06:30:00+00:00,1.7539607641934742
2019-07-10 07:00:00+00:00,1.7010968243942295
2019-07-10 07:30:00+00:00,1.6461514570212927
2019-07-10 08:00:00+00:00,1.727520398482848
2019-07-10 08:30:00+00:00,1.7520529964727063
2019-07-10 09:00:00+00:00,1.7480218802447787
2019-07-10 09:30:00+00:00,1.7428639893434346
2019-07-10 10:00:00+00:00,1.7343073969991942
2019-07-10 10:30:00+00:00,1.7455547188865188
2019-07-10 11:00:00+00:00,1.7567044525804776
2019-07-10 11:30:00+00:00,1.7581936873178985
2019-07-10 12:00:00+00:00,1.7514596950443222
2019-07-10 12:30:00+00:00,1.736624732454057
2019-07-10 13:00:00+00:00,1.7557557253252858
2019-07-10 13:30:00+00:00,1.6551705164293338
2019-07-10 14:00:00+00:00,1.741211217997771
2019-07-10 14:30:00+00:00,1.7352534286380281
2019-07-10 15:00:00+00:00,1.7313047416174387
2019-07-10 15:30:00+00:00,1.746721245657939
2019-07-10 16:00:00+00:00,1.7485937706114592
2019-07-10 16:30:00+00:00,1.749689772294333
2019-07-10 17:00:00+00:00,1.747569541191306
2019-07-10 17:30:00+00:00,1.7496054756262636
2019-07-10 18:00:00+00:00,1.7494331602165853
2019-07-10 18:30:00+00:00,1.7507210450764419
2019-07-10 19:00:00+00:00,1.7518225956085014
2019-07-10 19:30:00+00:00,1.7524601636337906
2019-07-10 20:00:00+00:00,1.7333935830538258
2019-07-10 20:30:00+00:00,1.744538487442597
2019-07-10 21:00:00+00:00,1.7285663529981845
2019-07-10 21:30:00+00:00,1.6321557147188983
2019-07-10 22:00:00+00:00,1.1876420171941422
2019-07-10 22:30:00+00:00,1.57079105849329
2019-07-10 23:00:00+00:00,1.4352217685250637
2019-07-10 23:30:00+00:00,1.3479914901118613
2019-07-11 00:00:00+00:00,1.3878136802445664
2019-07-11 00:30:00+00:00,1.0925614898463214
2019-07-11 01:00:00+00:00,1.5395846052131883
2019-07-11 01:30:00+00:00,0.542212124532382
2019-07-11 02:00:00+00:00,1.301040160001182
2019-07-11 02:30:00+00:00,1.7573697197108926
2019-07-11 03:00:00+00:00,1.7428527759160164
2019-07-11 03:30:00+00:00,1.7111442406414583
2019-07-11 04:00:00+00:00,1.7176996926872365
2019-07-11 04:30:00+00:00,1.7214534547088771
2019-07-11 05:00:00+00:00,1.7407038508121568
2019-07-11 05:30:00+00:00,1.726226242613535
2019-07-11 06:00:00+00:00,1.7500463034247966
2019-07-11 06:30:00+00:00,1.613213364059897
2019-07-11 07:00:00+00:00,1.6246454455029875
2019-07-11 07:30:00+00:00,1.7416158253633853
2019-07-11 08:00:00+00:00,1.7221238947539381
2019-07-11 08:30:00+00:00,1.7467517640607941
2019-07-11 09:00:00+00:00,1.7504324711199775
2019-07-11 09:30:00+00:00,1.7497698289952517
2019-07-11 10:00:00+00:00,1.7527242444073272
2019-07-11 10:30:00+00:00,1.755526568874078
2019-07-11 11:00:00+00:00,1.7421213335770729
2019-07-11 11:30:00+00:00,1.7466304695840618
2019-07-11 12:00:00+00:00,1.75071868136473
2019-07-11 12:30:00+00:00,1.7530381062893536
2019-07-11 13:00:00+00:00,1.7496969595594527
2019-07-11 13:30:00+00:00,1.753817620602083
2019-07-11 14:00:00+00:00,1.7443011539170614
2019-07-11 14:30:00+00:00,1.7546790878313345
2019-07-11 15:00:00+00:00,1.7560412283889624
2019-07-11 15:30:00+00:00,1.7475952998738329
2019-07-11 16:00:00+00:00,1.7544012891481349
2019-07-11 16:30:00+00:00,1.7458573174398548
2019-07-11 17:00:00+00:00,1.7312716875854433
2019-07-11 17:30:00+00:00,1.7481443172688451
2019-07-11 18:00:00+00:00,1.746617714512774
2019-07-11 18:30:00+00:00,1.492667418188417
2019-07-11 19:00:00+00:00,1.572764688465655
2019-07-11 19:30:00+00:00,1.7516535630587782
2019-07-11 20:00:00+00:00,1.7502209782635452
2019-07-11 20:30:00+00:00,1.1482712432264113
2019-07-11 21:00:00+00:00,1.1692026325157845
2019-07-11 21:30:00+00:00,0.32372150501730174
2019-07-11 22:00:00+00:00,-0.30158252457392065
2019-07-11 22:30:00+00:00,0.2938929957353023
2019-07-11 23:00:00+00:00,0.9430952108842291
2019-07-11 23:30:00+00:00,1.0699125894982644
2019-07-12 00:00:00+00:00,1.3891959608697386
2019-07-12 00:30:00+00:00,0.5756560939227876
2019-07-12 01:00:00+00:00,0.24762841630526503
2019-07-12 01:30:00+00:00,0.3169374775216955
2019-07-12 02:00:00+00:00,-0.0630714787339926
2019-07-12 02:30:00+00:00,-0.15689605574110937
2019-07-12 03:00:00+00:00,-0.28846993284665434
2019-07-12 03:30:00+00:00,0.35578132543918334
2019-07-12 04:00:00+00:00,1.2918603297600835
2019-07-12 04:30:00+00:00,1.4640989745741362
2019-07-12 05:00:00+00:00,0.5657065956032705
2019-07-12 05:30:00+00:00,0.3087355222030439
2019-07-12 06:00:00+00:00,0.21043409019512868
2019-07-12 06:30:00+00:00,0.5268411312264745
2019-07-12 07:00:00+00:00,0.39911888500345677
2019-07-12 07:30:00+00:00,0.3571015359370923
2019-07-12 08:00:00+00:00,0.5087258409091524
2019-07-12 08:30:00+00:00,0.6256484926977846
2019-07-12 09:00:00+00:00,0.7597279436174121
2019-07-12 09:30:00+00:00,1.2341964522101807
2019-07-12 10:00:00+00:00,0.009027257115607434
2019-07-12 10:30:00+00:00,0.05479592736532334
2019-07-12 11:00:00+00:00,0.12345363063905662
2019-07-12 11:30:00+00:00,0.20419739032668138
2019-07-12 12:00:00+00:00,0.4147274118503179
2019-07-12 12:30:00+00:00,1.686488337223184
2019-07-12 13:00:00+00:00,0.5528170819448102
2019-07-12 13:30:00+00:00,-0.25188470934367546
2019-07-12 14:00:00+00:00,-0.4401087294868221
2019-07-12 14:30:00+00:00,1.4103387714578077
2019-07-12 15:00:00+00:00,1.6892379755205684
2019-07-12 15:30:00+00:00,1.0257629975979838
2019-07-12 16:00:00+00:00,0.2179062458766092
2019-07-12 16:30:00+00:00,0.2700895289892494
2019-07-12 17:00:00+00:00,0.5474267963653356
2019-07-12 17:30:00+00:00,0.24856689367197485
2019-07-12 18:00:00+00:00,0.9598867679878879
2019-07-12 18:30:00+00:00,1.5975127517829741
2019-07-12 19:00:00+00:00,1.7431733443580308
2019-07-12 19:30:00+00:00,1.6070606041216746
2019-07-12 20:00:00+00:00,1.6191933307681101
2019-07-12 20:30:00+00:00,0.9347845770539038
2019-07-12 21:00:00+00:00,1.090555147684332
2019-07-12 21:30:00+00:00,-0.09852070471507889
2019-07-12 22:00:00+00:00,-0.11793749055075413
2019-07-12 22:30:00+00:00,0.09665643957875905
2019-07-12 23:00:00+00:00,-0.3404753263916718
2019-07-12 23:30:00+00:00,-0.5868155845908445
2019-07-13 00:00:00+00:00,-0.7522418448939691
2019-07-13 00:30:00+00:00,-0.9443403035923588
2019-07-13 01:00:00+00:00,-0.8577930715413216
2019-07-13 01:30:00+00:00,-0.7712458394902842
2019-07-13 02:00:00+00:00,-0.786245433560242
2019-07-13 02:30:00+00:00,-0.3702638636781734
2019-07-13 03:00:00+00:00,-0.12492982495122565
2019-07-13 03:30:00+00:00,-0.0023711473403353563
2019-07-13 04:00:00+00:00,0.14009251801789202
2019-07-13 04:30:00+00:00,0.09674513332570853
2019-07-13 05:00:00+00:00,0.33581058773540523
2019-07-13 05:30:00+00:00,0.08489263816913857
2019-07-13 06:00:00+00:00,0.0633027905127959
2019-07-13 06:30:00+00:00,-0.394719211254632
2019-07-13 07:00:00+00:00,-0.4392135076232459
2019-07-13 07:30:00+00:00,-0.24713951486789204
2019-07-13 08:00:00+00:00,-0.16073569662743614
2019-07-13 08:30:00+00:00,-0.40339174461755073
2019-07-13 09:00:00+00:00,-0.07321236271886888
2019-07-13 09:30:00+00:00,0.47272198881142513
2019-07-13 10:00:00+00:00,0.32309971625895967
2019-07-13 10:30:00+00:00,0.2496119506070203
2019-07-13 11:00:00+00:00,0.3280979160484242
2019-07-13 11:30:00+00:00,0.21613642096354416
2019-07-13 12:00:00+00:00,0.3918162282010577
2019-07-13 12:30:00+00:00,0.16719220857756126
2019-07-13 13:00:00+00:00,0.1556815119550846
2019-07-13 13:30:00+00:00,0.5062009021872755
2019-07-13 14:00:00+00:00,0.5649516542869859
2019-07-13 14:30:00+00:00,1.2222522124231843
2019-07-13 15:00:00+00:00,1.6369455071539811
2019-07-13 15:30:00+00:00,1.5437990054671378
2019-07-13 16:00:00+00:00,1.746663797705057
2019-07-13 16:30:00+00:00,1.7533665429150689
2019-07-13 17:00:00+00:00,1.7497049996053826
2019-07-13 17:30:00+00:00,1.7492050522717195
2019-07-13 18:00:00+00:00,1.7507632257214703
2019-07-13 18:30:00+00:00,1.4040951013072853
2019-07-13 19:00:00+00:00,1.4578455688190881
2019-07-13 19:30:00+00:00,1.1198267289682002
2019-07-13 20:00:00+00:00,-0.1950975373802274
2019-07-13 20:30:00+00:00,-0.011972840504631817
2019-07-13 21:00:00+00:00,0.4163815828241117
2019-07-13 21:30:00+00:00,0.10758853578799313
2019-07-13 22:00:00+00:00,-0.4344183966614819
2019-07-13 22:30:00+00:00,-0.046366300971237104
2019-07-13 23:00:00+00:00,0.2906961962023444
2019-07-13 23:30:00+00:00,1.1201296043701
2019-07-14 00:00:00+00:00,1.5442519019561962
2019-07-14 00:30:00+00:00,0.5926315922314801
2019-07-14 01:00:00+00:00,0.6879851716246964
2019-07-14 01:30:00+00:00,1.1492390182598622
2019-07-14 02:00:00+00:00,1.3408295629292943
2019-07-14 02:30:00+00:00,1.676411486628579
2019-07-14 03:00:00+00:00,1.4829908682933688
2019-07-14 03:30:00+00:00,1.0549250856604955
2019-07-14 04:00:00+00:00,0.2841286317782751
2019-07-14 04:30:00+00:00,-0.0065365847364651074
2019-07-14 05:00:00+00:00,0.021669136991521416
2019-07-14 05:30:00+00:00,0.24842112326178797
2019-07-14 06:00:00+00:00,0.18667752145772118
2019-07-14 06:30:00+00:00,0.5238133637250041
2019-07-14 07:00:00+00:00,0.45812634742163116
2019-07-14 07:30:00+00:00,0.7682770487740347
2019-07-14 08:00:00+00:00,0.80007133331786
2019-07-14 08:30:00+00:00,0.5063980399042626
2019-07-14 09:00:00+00:00,0.163228212340421
2019-07-14 09:30:00+00:00,0.5755378994354569
2019-07-14 10:00:00+00:00,0.43171467460771257
2019-07-14 10:30:00+00:00,-0.17597220799223648
2019-07-14 11:00:00+00:00,0.1566340033118168
2019-07-14 11:30:00+00:00,0.34661751207984776
2019-07-14 12:00:00+00:00,-0.11454641171869022
2019-07-14 12:30:00+00:00,0.09318141289970364
2019-07-14 13:00:00+00:00,-0.10298281350282644
2019-07-14 13:30:00+00:00,-0.49821617089601705
2019-07-14 14:00:00+00:00,-0.8957715261430845
2019-07-14 14:30:00+00:00,0.2667082438414871
2019-07-14 15:00:00+00:00,1.7167678833919482
2019-07-14 15:30:00+00:00,1.7307505235672176
2019-07-14 16:00:00+00:00,1.5875227831827254
2019-07-14 16:30:00+00:00,1.688911718302421
2019-07-14 17:00:00+00:00,1.7403606653840045
2019-07-14 17:30:00+00:00,1.6765493555466768
2019-07-14 18:00:00+00:00,1.727965117310655
2019-07-14 18:30:00+00:00,1.7491381627546179
2019-07-14 19:00:00+00:00,1.743314320933275
2019-07-14 19:30:00+00:00,1.3306586864128003
2019-07-14 20:00:00+00:00,1.2039614485852297
2019-07-14 20:30:00+00:00,0.8947818114260336
2019-07-14 21:00:00+00:00,1.2363302949151735
2019-07-14 21:30:00+00:00,0.9873990482964049
2019-07-14 22:00:00+00:00,0.7317752760411297
2019-07-14 22:30:00+00:00,0.3801968183375153
2019-07-14 23:00:00+00:00,-0.34137077901938023
2019-07-14 23:30:00+00:00,-0.5340510378748685
2019-07-15 00:00:00+00:00,0.017284042117522772
2019-07-15 00:30:00+00:00,0.2106818430434511
2019-07-15 01:00:00+00:00,1.000383214430296
2019-07-15 01:30:00+00:00,0.616541759836032
2019-07-15 02:00:00+00:00,1.5686050460828938
2019-07-15 02:30:00+00:00,1.7327282225264262
2019-07-15 03:00:00+00:00,1.635482682543464
2019-07-15 03:30:00+00:00,1.5440309524869629
2019-07-15 04:00:00+00:00,1.4464601152373915
2019-07-15 04:30:00+00:00,1.3450473091095814
2019-07-15 05:00:00+00:00,0.9371225818332187
2019-07-15 05:30:00+00:00,0.40470953794223985
2019-07-15 06:00:00+00:00,1.0608117841940634
2019-07-15 06:30:00+00:00,1.2029712901084757
2019-07-15 07:00:00+00:00,0.9674285408587147
2019-07-15 07:30:00+00:00,1.1268979329369102
2019-07-15 08:00:00+00:00,0.7593935684375124
2019-07-15 08:30:00+00:00,1.2615032340696721
2019-07-15 09:00:00+00:00,1.4349576666748176
2019-07-15 09:30:00+00:00,1.437010837446979
2019-07-15 10:00:00+00:00,1.5065970097992507
2019-07-15 10:30:00+00:00,1.3183365901170385
2019-07-15 11:00:00+00:00,1.6516141517138814
2019-07-15 11:30:00+00:00,1.4169650848397943
2019-07-15 12:00:00+00:00,1.1155980715373608
2019-07-15 12:30:00+00:00,0.7021111513913948
2019-07-15 13:00:00+00:00,0.2688794690133425
2019-07-15 13:30:00+00:00,0.10984350414717148
2019-07-15 14:00:00+00:00,-0.3128512142537907
2019-07-15 14:30:00+00:00,-0.4993477967112475
2019-07-15 15:00:00+00:00,-0.39897275733233184
2019-07-15 15:30:00+00:00,-0.4858786137283032
2019-07-15 16:00:00+00:00,-0.12359174118069718
2019-07-15 16:30:00+00:00,-0.41493970879950326
2019-07-15 17:00:00+00:00,-0.4323519131480483
2019-07-15 17:30:00+00:00,-0.4515160853185111
2019-07-15 18:00:00+00:00,-0.47068025748897396
2019-07-15 18:30:00+00:00,-0.4898444296594368
2019-07-15 19:00:00+00:00,-0.34858958714931315
2019-07-15 19:30:00+00:00,0.40644321951841395
2019-07-15 20:00:00+00:00,0.9097924369520067
2019-07-15 20:30:00+00:00,1.6467768871253994
2019-07-15 21:00:00+00:00,1.6740234954146727
2019-07-15 21:30:00+00:00,1.68432059909217
2019-07-15 22:00:00+00:00,1.374344866142733
2019-07-15 22:30:00+00:00,1.5908852614395785
2019-07-15 23:00:00+00:00,1.3259875772975973
2019-07-15 23:30:00+00:00,0.9569546596577033
2019-07-16 00:00:00+00:00,0.786446034961625
2019-07-16 00:30:00+00:00,0.6322368658301579
2019-07-16 01:00:00+00:00,0.38459896621225437
2019-07-16 01:30:00+00:00,0.0005111469050259834
2019-07-16 02:00:00+00:00,0.5151148284888457
2019-07-16 02:30:00+00:00,0.6021428003437541
2019-07-16 03:00:00+00:00,0.5477775933612263
2019-07-16 03:30:00+00:00,0.48503597515600366
2019-07-16 04:00:00+00:00,0.5794995207036593
2019-07-16 04:30:00+00:00,1.0657657713585003
2019-07-16 05:00:00+00:00,0.8071209999481473
2019-07-16 05:30:00+00:00,0.7951796736568499
2019-07-16 06:00:00+00:00,0.8092994466553104
2019-07-16 06:30:00+00:00,0.4458264360751287
2019-07-16 07:00:00+00:00,0.14954329754682327
2019-07-16 07:30:00+00:00,0.04790604684056439
2019-07-16 08:00:00+00:00,0.13946700754085747
2019-07-16 08:30:00+00:00,-0.16076831801624264
2019-07-16 09:00:00+00:00,-0.3341403677279109
2019-07-16 09:30:00+00:00,-0.4293393802983796
2019-07-16 10:00:00+00:00,-0.557789865094159
2019-07-16 10:30:00+00:00,-0.703568432643301
2019-07-16 11:00:00+00:00,0.3469149752428701
2019-07-16 11:30:00+00:00,0.7320639588871802
2019-07-16 12:00:00+00:00,-0.8491444386269141
2019-07-16 12:30:00+00:00,0.5376480825644326
2019-07-16 13:00:00+00:00,0.06605154312231554
2019-07-16 13:30:00+00:00,-0.18892721258617773
2019-07-16 14:00:00+00:00,-0.4287028732829217
2019-07-16 14:30:00+00:00,-0.45329731908825893
2019-07-16 15:00:00+00:00,0.04993375304248388
2019-07-16 15:30:00+00:00,1.61908977345925
2019-07-16 16:00:00+00:00,1.6909608309031723
2019-07-16 16:30:00+00:00,1.665150677235193
2019-07-16 17:00:00+00:00,0.6710598444901957
2019-07-16 17:30:00+00:00,0.4858025817560105
2019-07-16 18:00:00+00:00,1.1903817851295753
2019-07-16 18:30:00+00:00,1.0495945960527957
2019-07-16 19:00:00+00:00,1.0848739217871726
2019-07-16 19:30:00+00:00,1.3117236128778953
2019-07-16 20:00:00+00:00,1.6290212696378024
2019-07-16 20:30:00+00:00,1.0245123824748033
2019-07-16 21:00:00+00:00,0.05469367378403441
2019-07-16 21:30:00+00:00,-0.04431574016262169
2019-07-16 22:00:00+00:00,-0.45902700867718355
2019-07-16 22:30:00+00:00,0.569226927649006
2019-07-16 23:00:00+00:00,0.34497968985150146
2019-07-16 23:30:00+00:00,-0.07767996632610495
2019-07-17 00:00:00+00:00,0.013759700755423357
2019-07-17 00:30:00+00:00,0.412473467735789
2019-07-17 01:00:00+00:00,0.6828810185715483
2019-07-17 01:30:00+00:00,0.8683486448612567
2019-07-17 02:00:00+00:00,1.3134829513110569
2019-07-17 02:30:00+00:00,1.5770709997036598
2019-07-17 03:00:00+00:00,0.8801491632953544
2019-07-17 03:30:00+00:00,0.671745040375876
2019-07-17 04:00:00+00:00,0.2300168293574986
2019-07-17 04:30:00+00:00,0.3413427952407177
2019-07-17 05:00:00+00:00,0.452668761123937
2019-07-17 05:30:00+00:00,0.8069437862682766
2019-07-17 06:00:00+00:00,0.6563420579700918
2019-07-17 06:30:00+00:00,0.5897493007516645
2019-07-17 07:00:00+00:00,0.26229271747995625
2019-07-17 07:30:00+00:00,0.887353292527155
2019-07-17 08:00:00+00:00,0.9398800300836646
2019-07-17 08:30:00+00:00,0.8515306667229731
2019-07-17 09:00:00+00:00,0.5835522636242457
2019-07-17 09:30:00+00:00,0.7363910555807497
2019-07-17 10:00:00+00:00,0.3401770309568866
2019-07-17 10:30:00+00:00,0.06392229536949352
2019-07-17 11:00:00+00:00,-0.25410201889394013
2019-07-17 11:30:00+00:00,-0.4654937205644239
2019-07-17 12:00:00+00:00,-0.5012650058650174
2019-07-17 12:30:00+00:00,-0.5377841461616739
2019-07-17 13:00:00+00:00,-0.12380581533412409
2019-07-17 13:30:00+00:00,-0.3951977096385843
2019-07-17 14:00:00+00:00,-0.3006833549651506
2019-07-17 14:30:00+00:00,-0.6843325327312854
2019-07-17 15:00:00+00:00,-0.81852469540943
2019-07-17 15:30:00+00:00,-0.959838210240158
2019-07-17 16:00:00+00:00,-0.8802955494992359
2019-07-17 16:30:00+00:00,-0.9373729030414878
2019-07-17 17:00:00+00:00,-0.8399799900322215
2019-07-17 17:30:00+00:00,-0.3431443340306233
2019-07-17 18:00:00+00:00,0.6882116414305506
2019-07-17 18:30:00+00:00,1.734651587624277
2019-07-17 19:00:00+00:00,1.6481764133900638
2019-07-17 19:30:00+00:00,0.7113519041681738
2019-07-17 20:00:00+00:00,0.33781981573625114
2019-07-17 20:30:00+00:00,0.1505135550740812
2019-07-17 21:00:00+00:00,1.3810892698323187
2019-07-17 21:30:00+00:00,0.9206712820484635
2019-07-17 22:00:00+00:00,0.19673331746553366
2019-07-17 22:30:00+00:00,0.4667457186656226
2019-07-17 23:00:00+00:00,0.8184027956518747
2019-07-17 23:30:00+00:00,0.5800885789223222
2019-07-18 00:00:00+00:00,0.8035815157806739
2019-07-18 00:30:00+00:00,0.6437057154558999
2019-07-18 01:00:00+00:00,0.8208671542363631
2019-07-18 01:30:00+00:00,1.0789895390231603
2019-07-18 02:00:00+00:00,0.9732761828740046
2019-07-18 02:30:00+00:00,1.161867012194458
2019-07-18 03:00:00+00:00,0.5096876009126923
2019-07-18 03:30:00+00:00,0.7387137740395411
2019-07-18 04:00:00+00:00,1.053771353677167
2019-07-18 04:30:00+00:00,1.0960298889707936
2019-07-18 05:00:00+00:00,1.0108509621863853
2019-07-18 05:30:00+00:00,0.6829297742323359
2019-07-18 06:00:00+00:00,0.30982056835592003
2019-07-18 06:30:00+00:00,0.5646608461958297
2019-07-18 07:00:00+00:00,0.642164649815834
2019-07-18 07:30:00+00:00,0.6897643513256989
2019-07-18 08:00:00+00:00,-0.025824339506764885
2019-07-18 08:30:00+00:00,0.13883956736102865
2019-07-18 09:00:00+00:00,-0.19000032568104275
2019-07-18 09:30:00+00:00,0.29741373304120067
2019-07-18 10:00:00+00:00,0.259789109125684
2019-07-18 10:30:00+00:00,0.19153713773821976
2019-07-18 11:00:00+00:00,-0.21995587172665887
2019-07-18 11:30:00+00:00,0.15361729053961626
2019-07-18 12:00:00+00:00,-0.023518932859392515
2019-07-18 12:30:00+00:00,0.13331631354234477
2019-07-18 13:00:00+00:00,0.42457224310643177
2019-07-18 13:30:00+00:00,-0.42417736223249647
2019-07-18 14:00:00+00:00,-0.48923233759477236
2019-07-18 14:30:00+00:00,-0.8201961634552511
2019-07-18 15:00:00+00:00,-0.8068338122820562
2019-07-18 15:30:00+00:00,-1.0573349720334717
2019-07-18 16:00:00+00:00,-1.0122328070364286
2019-07-18 16:30:00+00:00,-1.0928326708213405
2019-07-18 17:00:00+00:00,-1.1005328696669194
2019-07-18 17:30:00+00:00,-0.9493056364913938
2019-07-18 18:00:00+00:00,1.0332177516663288
2019-07-18 18:30:00+00:00,1.60124320107982
2019-07-18 19:00:00+00:00,0.5833705677021276
2019-07-18 19:30:00+00:00,1.56211356965199
2019-07-18 20:00:00+00:00,0.9476681967282314
2019-07-18 20:30:00+00:00,1.3958503469914827
2019-07-18 21:00:00+00:00,1.6803617496713286
2019-07-18 21:30:00+00:00,1.6842758029773437
2019-07-18 22:00:00+00:00,1.7094459968296551
2019-07-18 22:30:00+00:00,1.6782086233522364
2019-07-18 23:00:00+00:00,0.38032514732675415
2019-07-18 23:30:00+00:00,-0.2588284414324828
2019-07-19 00:00:00+00:00,-0.3122667407242567
2019-07-19 00:30:00+00:00,-0.01529961133978657
2019-07-19 01:00:00+00:00,-0.06876811640165098
2019-07-19 01:30:00+00:00,-0.3751005569929894
2019-07-19 02:00:00+00:00,-0.513515361063123
2019-07-19 02:30:00+00:00,-0.6990476530454216
2019-07-19 03:00:00+00:00,-0.6130518500026286
2019-07-19 03:30:00+00:00,-0.5806331544267391
2019-07-19 04:00:00+00:00,-0.7273809449093219
2019-07-19 04:30:00+00:00,-0.6627516605144876
2019-07-19 05:00:00+00:00,-0.347831037448301
2019-07-19 05:30:00+00:00,-0.3396255953485225
2019-07-19 06:00:00+00:00,-0.4929677717307209
2019-07-19 06:30:00+00:00,-0.5715601119973763
2019-07-19 07:00:00+00:00,-0.6711933368000802
2019-07-19 07:30:00+00:00,-0.3041875764602737
2019-07-19 08:00:00+00:00,-0.37593791936124077
2019-07-19 08:30:00+00:00,-0.19627695818446161
2019-07-19 09:00:00+00:00,-0.4196606162986335
2019-07-19 09:30:00+00:00,-0.349272535883638
2019-07-19 10:00:00+00:00,-0.40374154396587236
2019-07-19 10:30:00+00:00,-0.5681191118564516
2019-07-19 11:00:00+00:00,-0.6391263048895274
2019-07-19 11:30:00+00:00,-0.6813737536418675
2019-07-19 12:00:00+00:00,-0.7051823100752055
2019-07-19 12:30:00+00:00,-0.9157859261260742
2019-07-19 13:00:00+00:00,-0.9253275797619397
2019-07-19 13:30:00+00:00,-0.5683607511700235
2019-07-19 14:00:00+00:00,-0.4021768512729009
2019-07-19 14:30:00+00:00,-0.740706270473398
2019-07-19 15:00:00+00:00,-0.923210103497428
2019-07-19 15:30:00+00:00,-0.9277054756817859
2019-07-19 16:00:00+00:00,-1.080072717600647
2019-07-19 16:30:00+00:00,-1.1008414217529356
2019-07-19 17:00:00+00:00,-0.9319329851095143
2019-07-19 17:30:00+00:00,1.176186406311762
2019-07-19 18:00:00+00:00,0.35333996307491666
2019-07-19 18:30:00+00:00,0.9089827822100464
2019-07-19 19:00:00+00:00,1.7093108238442358
2019-07-19 19:30:00+00:00,1.7501006859247135
2019-07-19 20:00:00+00:00,1.7533790782041196
2019-07-19 20:30:00+00:00,1.7487967096905788
2019-07-19 21:00:00+00:00,1.463088989253666
2019-07-19 21:30:00+00:00,1.2410849693913921
2019-07-19 22:00:00+00:00,0.44325908130154557
2019-07-19 22:30:00+00:00,0.23269105434038742
2019-07-19 23:00:00+00:00,-0.20846109230274862
2019-07-19 23:30:00+00:00,-0.22361782271673863
2019-07-20 00:00:00+00:00,-0.22338028930742806
2019-07-20 00:30:00+00:00,0.34887807388520065
2019-07-20 01:00:00+00:00,0.43323587255797646
2019-07-20 01:30:00+00:00,0.36690568160271814
2019-07-20 02:00:00+00:00,0.1383947371027279
2019-07-20 02:30:00+00:00,0.8882358719815682
2019-07-20 03:00:00+00:00,0.7312559184407114
2019-07-20 03:30:00+00:00,0.5327292120144974
2019-07-20 04:00:00+00:00,0.10637422701053442
2019-07-20 04:30:00+00:00,0.39081319055508057
2019-07-20 05:00:00+00:00,-0.051241022941604965
2019-07-20 05:30:00+00:00,-0.09172815100045306
2019-07-20 06:00:00+00:00,-0.25736998261134947
2019-07-20 06:30:00+00:00,-0.19471049881046962
2019-07-20 07:00:00+00:00,-0.18442919978515632
2019-07-20 07:30:00+00:00,-0.2594370647868791
2019-07-20 08:00:00+00:00,-0.33940855806898984
2019-07-20 08:30:00+00:00,-0.40208431347363
2019-07-20 09:00:00+00:00,-0.7814058011685056
2019-07-20 09:30:00+00:00,-0.8909828319627713
2019-07-20 10:00:00+00:00,-0.7811277944417527
2019-07-20 10:30:00+00:00,-0.700567310900002
2019-07-20 11:00:00+00:00,-0.7169234096845479
2019-07-20 11:30:00+00:00,-0.9971818361956465
2019-07-20 12:00:00+00:00,-1.0667159291985846
2019-07-20 12:30:00+00:00,-1.012216413719117
2019-07-20 13:00:00+00:00,-0.9128157074584509
2019-07-20 13:30:00+00:00,-1.0059213905813524
2019-07-20 14:00:00+00:00,-1.0129941910333489
2019-07-20 14:30:00+00:00,0.24338042936693766
2019-07-20 15:00:00+00:00,1.7471461108313253
2019-07-20 15:30:00+00:00,0.0012875793714545772
2019-07-20 16:00:00+00:00,0.08167553583860289
2019-07-20 16:30:00+00:00,0.04844116004184343
2019-07-20 17:00:00+00:00,-0.6468050898624592
2019-07-20 17:30:00+00:00,-1.0854361659005034
2019-07-20 18:00:00+00:00,-1.0504617308928696
2019-07-20 18:30:00+00:00,-1.1007290602412283
2019-07-20 19:00:00+00:00,-1.1008652788329687
2019-07-20 19:30:00+00:00,-1.101001497424709
2019-07-20 20:00:00+00:00,-1.101001497424709
2019-07-20 20:30:00+00:00,-1.1012739346081901
2019-07-20 21:00:00+00:00,-1.1011460004131048
2019-07-20 21:30:00+00:00,-1.1010672156584342
2019-07-20 22:00:00+00:00,-1.1009723708588852
2019-07-20 22:30:00+00:00,-1.1007820637689272
2019-07-20 23:00:00+00:00,-1.1005917566789694
2019-07-20 23:30:00+00:00,-1.1008090344915262
2019-07-21 00:00:00+00:00,-1.1005601142567303
2019-07-21 00:30:00+00:00,-1.1009513184734365
2019-07-21 01:00:00+00:00,-1.1013437952670313
2019-07-21 01:30:00+00:00,-1.1005955059329
2019-07-21 02:00:00+00:00,-1.100709326992386
2019-07-21 02:30:00+00:00,-1.1021116900815524
2019-07-21 03:00:00+00:00,-1.0744751637167635
2019-07-21 03:30:00+00:00,-0.9823204697247091
2019-07-21 04:00:00+00:00,-1.095997720522188
2019-07-21 04:30:00+00:00,-0.9363570057277696
2019-07-21 05:00:00+00:00,-0.5612119972256889
2019-07-21 05:30:00+00:00,-0.39829363536528506
2019-07-21 06:00:00+00:00,-0.5490756399795511
2019-07-21 06:30:00+00:00,-0.45956104957093435
2019-07-21 07:00:00+00:00,-0.5456144541519234
2019-07-21 07:30:00+00:00,-0.4926304721609538
2019-07-21 08:00:00+00:00,-0.5106554999224704
2019-07-21 08:30:00+00:00,-0.6441243533088795
2019-07-21 09:00:00+00:00,-1.0608474010791094
2019-07-21 09:30:00+00:00,-0.9762590544176128
2019-07-21 10:00:00+00:00,-1.0915105290984826
2019-07-21 10:30:00+00:00,-0.8913124255152436
2019-07-21 11:00:00+00:00,-1.0453795008270443
2019-07-21 11:30:00+00:00,-0.8123462817264738
2019-07-21 12:00:00+00:00,-0.5793130626259033
2019-07-21 12:30:00+00:00,-0.34627984352533286
2019-07-21 13:00:00+00:00,1.523317558815666
2019-07-21 13:30:00+00:00,0.5356858464462123
2019-07-21 14:00:00+00:00,-0.8464253692606697
2019-07-21 14:30:00+00:00,-1.094322375010811
2019-07-21 15:00:00+00:00,-1.1055258453174948
2019-07-21 15:30:00+00:00,0.08822299339809826
2019-07-21 16:00:00+00:00,0.42177719873103525
2019-07-21 16:30:00+00:00,0.40359250527884116
2019-07-21 17:00:00+00:00,-0.11958589197406765
2019-07-21 17:30:00+00:00,-0.5389892841921514
2019-07-21 18:00:00+00:00,-0.8496601905345981
2019-07-21 18:30:00+00:00,-0.8757080906976429
2019-07-21 19:00:00+00:00,-1.081614875550377
2019-07-21 19:30:00+00:00,-1.095790305884997
2019-07-21 20:00:00+00:00,-1.0193556655741867
2019-07-21 20:30:00+00:00,-1.000213522766619
2019-07-21 21:00:00+00:00,-0.4414467385864526
2019-07-21 21:30:00+00:00,-0.7401920158243316
2019-07-21 22:00:00+00:00,-0.9064057445480492
2019-07-21 22:30:00+00:00,-0.7975378415233575
2019-07-21 23:00:00+00:00,-0.6995973846747623
2019-07-21 23:30:00+00:00,-0.6332769430280778
2019-07-22 00:00:00+00:00,-0.8060165122682983
2019-07-22 00:30:00+00:00,-0.8154016205865684
2019-07-22 01:00:00+00:00,-0.27444754374028285
2019-07-22 01:30:00+00:00,-0.4091710398426226
2019-07-22 02:00:00+00:00,-0.6364400700320161
2019-07-22 02:30:00+00:00,-0.7621429742445539
2019-07-22 03:00:00+00:00,-0.7191928288183653
2019-07-22 03:30:00+00:00,-0.47665965052218323
2019-07-22 04:00:00+00:00,-0.16669308994435383
2019-07-22 04:30:00+00:00,-0.0964947628173232
2019-07-22 05:00:00+00:00,0.19982926035338697
2019-07-22 05:30:00+00:00,0.835974619201136
2019-07-22 06:00:00+00:00,0.17955982561093956
2019-07-22 06:30:00+00:00,-0.025882560965721377
2019-07-22 07:00:00+00:00,-0.35257629378602307
2019-07-22 07:30:00+00:00,-0.36787266126874396
2019-07-22 08:00:00+00:00,-0.2806693723625379
2019-07-22 08:30:00+00:00,-0.3436390451873111
2019-07-22 09:00:00+00:00,0.2675733362195417
2019-07-22 09:30:00+00:00,0.6865959807371049
2019-07-22 10:00:00+00:00,0.3240330687261569
2019-07-22 10:30:00+00:00,0.22378864090860365
2019-07-22 11:00:00+00:00,-0.19601386758802378
2019-07-22 11:30:00+00:00,-0.6637458501471417
2019-07-22 12:00:00+00:00,-0.8131542427116062
2019-07-22 12:30:00+00:00,-0.9951033938209859
2019-07-22 13:00:00+00:00,-1.0905161767768392
2019-07-22 13:30:00+00:00,-0.008987102181070458
2019-07-22 14:00:00+00:00,1.1870085903293657
2019-07-22 14:30:00+00:00,-0.33881384878944615
2019-07-22 15:00:00+00:00,-0.8460592288865211
2019-07-22 15:30:00+00:00,-0.7188253982604964
2019-07-22 16:00:00+00:00,-0.7703689101389162
2019-07-22 16:30:00+00:00,-0.47895529750729554
2019-07-22 17:00:00+00:00,-0.7458763978272507
2019-07-22 17:30:00+00:00,-0.3240269729879821
2019-07-22 18:00:00+00:00,0.9192592782798052
2019-07-22 18:30:00+00:00,0.16110434526666464
2019-07-22 19:00:00+00:00,-0.007975588963443109
2019-07-22 19:30:00+00:00,0.3923499357226325
2019-07-22 20:00:00+00:00,-0.3549895967721921
2019-07-22 20:30:00+00:00,-0.04936354480832284
2019-07-22 21:00:00+00:00,0.5682018311816501
2019-07-22 21:30:00+00:00,-0.10766762492636056
2019-07-22 22:00:00+00:00,-0.23784987690986256
2019-07-22 22:30:00+00:00,-0.6997961460325735
2019-07-22 23:00:00+00:00,-0.8642585528856594
2019-07-22 23:30:00+00:00,-0.9988746437695584
2019-07-23 00:00:00+00:00,-0.685482228308295
2019-07-23 00:30:00+00:00,-0.4815841787811685
2019-07-23 01:00:00+00:00,-0.5894083913826108
2019-07-23 01:30:00+00:00,-0.7894417838594248
2019-07-23 02:00:00+00:00,-0.9541039789842884
2019-07-23 02:30:00+00:00,-0.8467610018012147
2019-07-23 03:00:00+00:00,-0.05054637247151229
2019-07-23 03:30:00+00:00,0.6070548025146947
2019-07-23 04:00:00+00:00,0.45924331298205645
2019-07-23 04:30:00+00:00,0.277752172360095
2019-07-23 05:00:00+00:00,-0.00994657974735904
2019-07-23 05:30:00+00:00,0.7163611621729422
2019-07-23 06:00:00+00:00,0.8809449296619104
2019-07-23 06:30:00+00:00,1.6496484288210218
2019-07-23 07:00:00+00:00,1.4142015522096405
2019-07-23 07:30:00+00:00,0.8460795927341637
2019-07-23 08:00:00+00:00,0.40551213741146663
2019-07-23 08:30:00+00:00,0.8339381878365763
2019-07-23 09:00:00+00:00,0.7979126003492294
2019-07-23 09:30:00+00:00,1.2132492833056692
2019-07-23 10:00:00+00:00,1.119249536355959
2019-07-23 10:30:00+00:00,0.848525546528599
2019-07-23 11:00:00+00:00,0.7973812541694227
2019-07-23 11:30:00+00:00,1.185551607852441
2019-07-23 12:00:00+00:00,1.568101473370111
2019-07-23 12:30:00+00:00,1.5448056324937964
2019-07-23 13:00:00+00:00,1.4325315489060146
2019-07-23 13:30:00+00:00,1.1092160468888952
2019-07-23 14:00:00+00:00,1.4920135789584295
2019-07-23 14:30:00+00:00,1.7387189772063234
2019-07-23 15:00:00+00:00,1.5211024688050754
2019-07-23 15:30:00+00:00,1.5622598805620118
2019-07-23 16:00:00+00:00,1.5572169161567226
2019-07-23 16:30:00+00:00,0.8915517191038652
2019-07-23 17:00:00+00:00,1.2413222932053163
2019-07-23 17:30:00+00:00,1.7047161087477447
2019-07-23 18:00:00+00:00,1.7506114596450262
2019-07-23 18:30:00+00:00,1.7487287260999158
2019-07-23 19:00:00+00:00,1.7527399976329423
2019-07-23 19:30:00+00:00,1.7472610263148762
2019-07-23 20:00:00+00:00,1.750115057242973
2019-07-23 20:30:00+00:00,1.3580638756833319
2019-07-23 21:00:00+00:00,0.8132867208698966
2019-07-23 21:30:00+00:00,0.596159257385913
2019-07-23 22:00:00+00:00,1.027121360562575
2019-07-23 22:30:00+00:00,1.7019883949161014
2019-07-23 23:00:00+00:00,1.7152947650614327
2019-07-23 23:30:00+00:00,1.7521148564631215
2019-07-24 00:00:00+00:00,1.4899782313740355
2019-07-24 00:30:00+00:00,1.1525515170913727
2019-07-24 01:00:00+00:00,0.998782698335782
2019-07-24 01:30:00+00:00,-0.5281304358765212
2019-07-24 02:00:00+00:00,-0.37377149854384534
2019-07-24 02:30:00+00:00,0.4549185331817592
2019-07-24 03:00:00+00:00,0.8434136977151837
2019-07-24 03:30:00+00:00,1.2995285235202179
2019-07-24 04:00:00+00:00,1.2493891951203628
2019-07-24 04:30:00+00:00,1.5852766194637458
2019-07-24 05:00:00+00:00,1.3856442016535522
2019-07-24 05:30:00+00:00,1.1412325489966673
2019-07-24 06:00:00+00:00,0.9405997168374454
2019-07-24 06:30:00+00:00,0.7563845733575292
2019-07-24 07:00:00+00:00,0.6018633517120808
2019-07-24 07:30:00+00:00,0.9268537813160342
2019-07-24 08:00:00+00:00,1.1771658319324856
2019-07-24 08:30:00+00:00,1.1281381513119944
2019-07-24 09:00:00+00:00,0.5032592231385974
2019-07-24 09:30:00+00:00,-0.12161970503479957
2019-07-24 10:00:00+00:00,0.6153184157007726
2019-07-24 10:30:00+00:00,0.20090725669861229
2019-07-24 11:00:00+00:00,0.31928717150771985
2019-07-24 11:30:00+00:00,0.5822251270172709
2019-07-24 12:00:00+00:00,1.1709322960877344
2019-07-24 12:30:00+00:00,0.5029762367202155
2019-07-24 13:00:00+00:00,0.6000105412344804
2019-07-24 13:30:00+00:00,-0.01955093031516792
2019-07-24 14:00:00+00:00,-0.9599597027189667
2019-07-24 14:30:00+00:00,-0.37231588936400783
2019-07-24 15:00:00+00:00,1.1443560070244712
2019-07-24 15:30:00+00:00,1.7454936533420362
2019-07-24 16:00:00+00:00,1.7489295563249279
2019-07-24 16:30:00+00:00,1.7544783629133958
2019-07-24 17:00:00+00:00,1.7382560876906161
2019-07-24 17:30:00+00:00,1.7463950057209527
2019-07-24 18:00:00+00:00,1.7383265814844915
2019-07-24 18:30:00+00:00,1.7500332600850106
2019-07-24 19:00:00+00:00,1.749684325157862
2019-07-24 19:30:00+00:00,1.747779029744335
2019-07-24 20:00:00+00:00,1.3081112616606656
2019-07-24 20:30:00+00:00,1.4194160102019768
2019-07-24 21:00:00+00:00,1.6237385547520604
2019-07-24 21:30:00+00:00,1.4755753742199524
2019-07-24 22:00:00+00:00,0.6871222129127234
2019-07-24 22:30:00+00:00,0.5993823812741998
2019-07-24 23:00:00+00:00,0.8632499039375908
2019-07-24 23:30:00+00:00,1.1140586362985734
2019-07-25 00:00:00+00:00,0.892167244653274
2019-07-25 00:30:00+00:00,0.7679015532085588
2019-07-25 01:00:00+00:00,0.8292306550130434
2019-07-25 01:30:00+00:00,0.4354651064786099
2019-07-25 02:00:00+00:00,0.94245267185882
2019-07-25 02:30:00+00:00,1.7011804955673435
2019-07-25 03:00:00+00:00,1.7482594227180974
2019-07-25 03:30:00+00:00,1.7455987465893599
2019-07-25 04:00:00+00:00,1.6389229014339008
2019-07-25 04:30:00+00:00,1.4104696146018045
2019-07-25 05:00:00+00:00,1.37486892377491
2019-07-25 05:30:00+00:00,0.9174155819258889
2019-07-25 06:00:00+00:00,1.633214146514435
2019-07-25 06:30:00+00:00,1.7518630662885168
2019-07-25 07:00:00+00:00,1.7007548866495381
2019-07-25 07:30:00+00:00,1.4787292756432198
2019-07-25 08:00:00+00:00,1.7274970162150536
2019-07-25 08:30:00+00:00,1.357667108826335
2019-07-25 09:00:00+00:00,1.6579485066497959
2019-07-25 09:30:00+00:00,1.6120756011127957
2019-07-25 10:00:00+00:00,1.5370198389223746
2019-07-25 10:30:00+00:00,1.731257599150891
2019-07-25 11:00:00+00:00,1.663776502303092
2019-07-25 11:30:00+00:00,1.1528205189860472
2019-07-25 12:00:00+00:00,1.3399378439221559
2019-07-25 12:30:00+00:00,1.527055168858265
2019-07-25 13:00:00+00:00,1.3260293911347425
2019-07-25 13:30:00+00:00,1.258999363638103
2019-07-25 14:00:00+00:00,1.7342193137885484
2019-07-25 14:30:00+00:00,1.691815271848705
2019-07-25 15:00:00+00:00,1.595927457722685
2019-07-25 15:30:00+00:00,1.762118634743904
2019-07-25 16:00:00+00:00,1.74643291045524
2019-07-25 16:30:00+00:00,1.7510131655216297
2019-07-25 17:00:00+00:00,1.2369618722604236
2019-07-25 17:30:00+00:00,1.626671885194923
2019-07-25 18:00:00+00:00,1.5308958632838416
2019-07-25 18:30:00+00:00,1.313398809659282
2019-07-25 19:00:00+00:00,1.7250902504739234
2019-07-25 19:30:00+00:00,1.7588784757384996
2019-07-25 20:00:00+00:00,1.7364261398322853
2019-07-25 20:30:00+00:00,1.6844540470911333
2019-07-25 21:00:00+00:00,1.6693738939961869
2019-07-25 21:30:00+00:00,1.6649755768211085
2019-07-25 22:00:00+00:00,1.2665124281947169
2019-07-25 22:30:00+00:00,1.6902900537531154
2019-07-25 23:00:00+00:00,1.721109981731998
2019-07-25 23:30:00+00:00,1.7308397744092332
2019-07-26 00:00:00+00:00,1.5553126742727847
2019-07-26 00:30:00+00:00,1.4257898286074673
2019-07-26 01:00:00+00:00,0.7042900432387985
2019-07-26 01:30:00+00:00,1.379937472463085
2019-07-26 02:00:00+00:00,1.1726723326722848
2019-07-26 02:30:00+00:00,1.4712209836307053
2019-07-26 03:00:00+00:00,1.1531637443651197
2019-07-26 03:30:00+00:00,1.5321816300720148
2019-07-26 04:00:00+00:00,1.6576677835113376
2019-07-26 04:30:00+00:00,1.717238758808772
2019-07-26 05:00:00+00:00,1.7364944464641228
2019-07-26 05:30:00+00:00,1.746141429041209
2019-07-26 06:00:00+00:00,1.7410483357158308
2019-07-26 06:30:00+00:00,1.7459451637068537
2019-07-26 07:00:00+00:00,1.754490116332628
2019-07-26 07:30:00+00:00,1.743706571351229
2019-07-26 08:00:00+00:00,1.7316415618180414
2019-07-26 08:30:00+00:00,1.7375688872256454
2019-07-26 09:00:00+00:00,1.7434962126332494
2019-07-26 09:30:00+00:00,1.7434962126332494
2019-07-26 10:00:00+00:00,1.7553508634484574
2019-07-26 10:30:00+00:00,1.7513972568974259
2019-07-26 11:00:00+00:00,1.738431874792312
2019-07-26 11:30:00+00:00,1.7148000182654684
2019-07-26 12:00:00+00:00,1.2187650268710117
2019-07-26 12:30:00+00:00,1.6385273173802626
2019-07-26 13:00:00+00:00,1.7520004716491253
2019-07-26 13:30:00+00:00,1.732143754961998
2019-07-26 14:00:00+00:00,1.7388258163944506
2019-07-26 14:30:00+00:00,1.7455078778269033
2019-07-26 15:00:00+00:00,1.7236834997004606
2019-07-26 15:30:00+00:00,1.1846118200588855
2019-07-26 16:00:00+00:00,0.5043081784652448
2019-07-26 16:30:00+00:00,1.087065540802947
2019-07-26 17:00:00+00:00,1.743389921631171
2019-07-26 17:30:00+00:00,1.7214473167671815
2019-07-26 18:00:00+00:00,1.452843287358227
2019-07-26 18:30:00+00:00,1.5852650960322574
2019-07-26 19:00:00+00:00,1.751904691220676
2019-07-26 19:30:00+00:00,1.7492858376856717
2019-07-26 20:00:00+00:00,1.725329965775542
2019-07-26 20:30:00+00:00,1.718659476496859
2019-07-26 21:00:00+00:00,1.7493284374176743
2019-07-26 21:30:00+00:00,1.7523670758516952
2019-07-26 22:00:00+00:00,1.745474676961515
2019-07-26 22:30:00+00:00,1.747283199992511
2019-07-26 23:00:00+00:00,1.7521529817533994
2019-07-26 23:30:00+00:00,1.746753501895171
2019-07-27 00:00:00+00:00,1.7504045356048121
2019-07-27 00:30:00+00:00,1.7460818361776902
2019-07-27 01:00:00+00:00,1.7379911791438327
2019-07-27 01:30:00+00:00,1.602366848984452
2019-07-27 02:00:00+00:00,1.5405773925268458
2019-07-27 02:30:00+00:00,1.7465397661730482
2019-07-27 03:00:00+00:00,1.7473034321366392
2019-07-27 03:30:00+00:00,1.7518312005041372
2019-07-27 04:00:00+00:00,1.7451207610070225
2019-07-27 04:30:00+00:00,1.7531834306924214
2019-07-27 05:00:00+00:00,1.7464005147262844
2019-07-27 05:30:00+00:00,1.7468538956286868
2019-07-27 06:00:00+00:00,1.749635963744732
2019-07-27 06:30:00+00:00,1.7473541783365807
2019-07-27 07:00:00+00:00,1.7585617967966647
2019-07-27 07:30:00+00:00,1.743376923961835
2019-07-27 08:00:00+00:00,1.7455571722438799
2019-07-27 08:30:00+00:00,1.7479941525940845
2019-07-27 09:00:00+00:00,1.7530318897306127
2019-07-27 09:30:00+00:00,1.7492958021667486
2019-07-27 10:00:00+00:00,1.7595396824104164
2019-07-27 10:30:00+00:00,1.7545501775959946
2019-07-27 11:00:00+00:00,1.7486131718911087
2019-07-27 11:30:00+00:00,1.7475685697724954
2019-07-27 12:00:00+00:00,1.7458139212172008
2019-07-27 12:30:00+00:00,1.7493018884108542
2019-07-27 13:00:00+00:00,1.7416654016940345
2019-07-27 13:30:00+00:00,1.75386350726075
2019-07-27 14:00:00+00:00,1.7499868356111619
2019-07-27 14:30:00+00:00,1.7461639580814143
2019-07-27 15:00:00+00:00,1.7511115978459988
2019-07-27 15:30:00+00:00,1.7528907140125798
2019-07-27 16:00:00+00:00,1.7453005323577624
2019-07-27 16:30:00+00:00,1.7000111396690494
2019-07-27 17:00:00+00:00,1.7525670847274202
2019-07-27 17:30:00+00:00,1.7450355395824106
2019-07-27 18:00:00+00:00,1.7460707507878857
2019-07-27 18:30:00+00:00,1.747082047651746
2019-07-27 19:00:00+00:00,1.752001141342551
2019-07-27 19:30:00+00:00,1.7558434913146237
2019-07-27 20:00:00+00:00,1.7483919530083603
2019-07-27 20:30:00+00:00,1.749518511660348
2019-07-27 21:00:00+00:00,1.7468311036488382
2019-07-27 21:30:00+00:00,1.7498895652026096
2019-07-27 22:00:00+00:00,1.6817776934387523
2019-07-27 22:30:00+00:00,1.7138421223045772
2019-07-27 23:00:00+00:00,1.755229476138246
2019-07-27 23:30:00+00:00,1.7505966934084227
2019-07-28 00:00:00+00:00,1.7516931589625697
2019-07-28 00:30:00+00:00,1.7479618988931014
2019-07-28 01:00:00+00:00,1.724645347167038
2019-07-28 01:30:00+00:00,1.4958149677808814
2019-07-28 02:00:00+00:00,1.2882674189780756
2019-07-28 02:30:00+00:00,0.9228732642745241
2019-07-28 03:00:00+00:00,0.7520888399052285
2019-07-28 03:30:00+00:00,1.702806088052116
2019-07-28 04:00:00+00:00,1.7515195336283715
2019-07-28 04:30:00+00:00,1.751392664683086
2019-07-28 05:00:00+00:00,1.7511185276576031
2019-07-28 05:30:00+00:00,1.7501177498003029
2019-07-28 06:00:00+00:00,1.7549331710862812
2019-07-28 06:30:00+00:00,1.7548691376557592
2019-07-28 07:00:00+00:00,1.7457323371390752
2019-07-28 07:30:00+00:00,1.742677489828072
2019-07-28 08:00:00+00:00,1.7630309546595062
2019-07-28 08:30:00+00:00,1.758642097387667
2019-07-28 09:00:00+00:00,1.7509476013529948
2019-07-28 09:30:00+00:00,1.7477344869171096
2019-07-28 10:00:00+00:00,1.7448614481004923
2019-07-28 10:30:00+00:00,1.743545696404122
2019-07-28 11:00:00+00:00,1.7558187110544738
2019-07-28 11:30:00+00:00,1.7500150519451902
2019-07-28 12:00:00+00:00,1.7329993182652739
2019-07-28 12:30:00+00:00,1.7476533263655754
2019-07-28 13:00:00+00:00,1.7478530434099324
2019-07-28 13:30:00+00:00,1.7544773993192606
2019-07-28 14:00:00+00:00,1.750838226382776
2019-07-28 14:30:00+00:00,1.7527155610475964
2019-07-28 15:00:00+00:00,1.7447558632672078
2019-07-28 15:30:00+00:00,1.755350583547304
2019-07-28 16:00:00+00:00,1.7568654540184352
2019-07-28 16:30:00+00:00,1.7530399407407473
2019-07-28 17:00:00+00:00,1.7541288425420793
2019-07-28 17:30:00+00:00,1.7504898292869087
2019-07-28 18:00:00+00:00,1.7598295725587376
2019-07-28 18:30:00+00:00,1.7370526962708712
2019-07-28 19:00:00+00:00,1.7503864714267394
2019-07-28 19:30:00+00:00,1.751975999794976
2019-07-28 20:00:00+00:00,1.7163848987728463
2019-07-28 20:30:00+00:00,1.6718559996127396
2019-07-28 21:00:00+00:00,1.7567617341221833
2019-07-28 21:30:00+00:00,1.7441549466920232
2019-07-28 22:00:00+00:00,1.328434460061464
2019-07-28 22:30:00+00:00,0.7266172847424528
2019-07-28 23:00:00+00:00,1.5222120373580568
2019-07-28 23:30:00+00:00,1.6958116757450132
2019-07-29 00:00:00+00:00,1.7484927792161267
2019-07-29 00:30:00+00:00,1.664644227082073
2019-07-29 01:00:00+00:00,0.793263701620295
2019-07-29 01:30:00+00:00,0.17546758578500274
2019-07-29 02:00:00+00:00,0.8384573846502447
2019-07-29 02:30:00+00:00,1.7326979567993666
2019-07-29 03:00:00+00:00,1.6908592928593569
2019-07-29 03:30:00+00:00,1.7592201515358397
2019-07-29 04:00:00+00:00,1.7498470407227211
2019-07-29 04:30:00+00:00,1.751404538915969
2019-07-29 05:00:00+00:00,1.7464207829347542
2019-07-29 05:30:00+00:00,1.7627476056740825
2019-07-29 06:00:00+00:00,1.7512308083994734
2019-07-29 06:30:00+00:00,1.744206276586898
2019-07-29 07:00:00+00:00,1.7539135961880588
2019-07-29 07:30:00+00:00,1.7549641832164173
2019-07-29 08:00:00+00:00,1.7562548508749578
2019-07-29 08:30:00+00:00,1.7304215415166313
2019-07-29 09:00:00+00:00,1.746164565827135
2019-07-29 09:30:00+00:00,1.7474699572874186
2019-07-29 10:00:00+00:00,1.7584411837910932
2019-07-29 10:30:00+00:00,1.7501110294194844
2019-07-29 11:00:00+00:00,1.7474262469185857
2019-07-29 11:30:00+00:00,1.7499229688816205
2019-07-29 12:00:00+00:00,1.7526596450564402
2019-07-29 12:30:00+00:00,1.7512013114064033
2019-07-29 13:00:00+00:00,1.7417491522248003
2019-07-29 13:30:00+00:00,1.7527921062126475
2019-07-29 14:00:00+00:00,1.5135922223483407
2019-07-29 14:30:00+00:00,1.093287753224551
2019-07-29 15:00:00+00:00,1.6761016141102945
2019-07-29 15:30:00+00:00,1.7508890243125073
2019-07-29 16:00:00+00:00,1.7332056347823268
2019-07-29 16:30:00+00:00,1.7519769496234825
2019-07-29 17:00:00+00:00,1.704305654142314
2019-07-29 17:30:00+00:00,1.6729769596838269
2019-07-29 18:00:00+00:00,1.7441634183113262
2019-07-29 18:30:00+00:00,1.7371469376611046
2019-07-29 19:00:00+00:00,1.7476529365688047
2019-07-29 19:30:00+00:00,1.3214778758905619
2019-07-29 20:00:00+00:00,0.9491020430652256
2019-07-29 20:30:00+00:00,1.0444539036549054
2019-07-29 21:00:00+00:00,1.0423512321954422
2019-07-29 21:30:00+00:00,1.5083589299305298
2019-07-29 22:00:00+00:00,1.387543791724525
2019-07-29 22:30:00+00:00,1.5646449081990368
2019-07-29 23:00:00+00:00,1.6682541363529257
2019-07-29 23:30:00+00:00,1.7438805714486816
2019-07-30 00:00:00+00:00,0.8732283943799815
2019-07-30 00:30:00+00:00,0.09066193549289717
2019-07-30 01:00:00+00:00,0.06777862085206214
2019-07-30 01:30:00+00:00,0.41814148792307565
2019-07-30 02:00:00+00:00,1.0591016627554646
2019-07-30 02:30:00+00:00,1.5812013245248155
2019-07-30 03:00:00+00:00,1.7225690972698484
2019-07-30 03:30:00+00:00,1.7481162987044923
2019-07-30 04:00:00+00:00,1.7544203875839135
2019-07-30 04:30:00+00:00,1.7546662678271845
2019-07-30 05:00:00+00:00,1.7340140825486894
2019-07-30 05:30:00+00:00,1.7386913607271832
2019-07-30 06:00:00+00:00,1.7517706606376886
2019-07-30 06:30:00+00:00,1.7549599672626446
2019-07-30 07:00:00+00:00,1.7532763755879628
2019-07-30 07:30:00+00:00,1.752403950788019
2019-07-30 08:00:00+00:00,1.7515315259880753
2019-07-30 08:30:00+00:00,1.7506591011881312
2019-07-30 09:00:00+00:00,1.7525360047543177
2019-07-30 09:30:00+00:00,1.7470876151610086
2019-07-30 10:00:00+00:00,1.7334747886495638
2019-07-30 10:30:00+00:00,1.7306122240819437
2019-07-30 11:00:00+00:00,1.7277496595143231
2019-07-30 11:30:00+00:00,1.7277496595143231
2019-07-30 12:00:00+00:00,1.7277496595143231
2019-07-30 12:30:00+00:00,1.7277496595143231
2019-07-30 13:00:00+00:00,1.7277496595143231
2019-07-30 13:30:00+00:00,1.7277496595143231
2019-07-30 14:00:00+00:00,1.7277496595143231
2019-07-30 14:30:00+00:00,1.7277496595143231
2019-07-30 15:00:00+00:00,1.7277496595143231
2019-07-30 15:30:00+00:00,1.7134368366762218
2019-07-30 16:00:00+00:00,1.6991240138381205
2019-07-30 16:30:00+00:00,1.7564505014755858
2019-07-30 17:00:00+00:00,1.6853534634749938
2019-07-30 17:30:00+00:00,1.7672634653091657
2019-07-30 18:00:00+00:00,1.7434521910105847
2019-07-30 18:30:00+00:00,1.713155582146143
2019-07-30 19:00:00+00:00,1.7532452018984777
2019-07-30 19:30:00+00:00,1.7472169648983145
2019-07-30 20:00:00+00:00,1.7493002417355412
2019-07-30 20:30:00+00:00,1.2713444085198975
2019-07-30 21:00:00+00:00,0.5303632584843112
2019-07-30 21:30:00+00:00,0.6725141200617781
2019-07-30 22:00:00+00:00,0.8947634371493606
2019-07-30 22:30:00+00:00,0.7728192534625482
2019-07-30 23:00:00+00:00,0.4804614312967617
2019-07-30 23:30:00+00:00,0.5414901539104834
2019-07-31 00:00:00+00:00,0.3060364135882855
2019-07-31 00:30:00+00:00,0.5859878145513778
2019-07-31 01:00:00+00:00,0.4066474148788726
2019-07-31 01:30:00+00:00,0.13224110392971578
2019-07-31 02:00:00+00:00,0.7246291188566537
2019-07-31 02:30:00+00:00,1.658582691365477
2019-07-31 03:00:00+00:00,1.7475236623090133
2019-07-31 03:30:00+00:00,1.7551494016104334
2019-07-31 04:00:00+00:00,1.7493960590892172
2019-07-31 04:30:00+00:00,1.7488028264889852
2019-07-31 05:00:00+00:00,1.7416762797299725
2019-07-31 05:30:00+00:00,1.6946103739479792
2019-07-31 06:00:00+00:00,1.7208826120596314
2019-07-31 06:30:00+00:00,1.7560932426785973
2019-07-31 07:00:00+00:00,1.7459722088335519
2019-07-31 07:30:00+00:00,1.7097198057472858
2019-07-31 08:00:00+00:00,1.7485998605263984
2019-07-31 08:30:00+00:00,1.7442853319911484
2019-07-31 09:00:00+00:00,1.7312952626042661
2019-07-31 09:30:00+00:00,1.7230198499260343
2019-07-31 10:00:00+00:00,1.747064660891147
2019-07-31 10:30:00+00:00,1.7407107229028203
2019-07-31 11:00:00+00:00,1.7522216853270258
2019-07-31 11:30:00+00:00,1.7410095744534226
2019-07-31 12:00:00+00:00,1.754773142878402
2019-07-31 12:30:00+00:00,1.7444920697364956
2019-07-31 13:00:00+00:00,1.7490592798073685
2019-07-31 13:30:00+00:00,1.7095605060097538
2019-07-31 14:00:00+00:00,1.7615457171713853
2019-07-31 14:30:00+00:00,1.7532300465615016
2019-07-31 15:00:00+00:00,1.3414260237872349
2019-07-31 15:30:00+00:00,1.0885990969348325
2019-07-31 16:00:00+00:00,0.868953115993506
2019-07-31 16:30:00+00:00,1.7081855585293928
2019-07-31 17:00:00+00:00,1.7151875437994333
2019-07-31 17:30:00+00:00,1.6950162427444535
2019-07-31 18:00:00+00:00,1.343723416885237
2019-07-31 18:30:00+00:00,1.2291546566977085
2019-07-31 19:00:00+00:00,1.7068616379683064
2019-07-31 19:30:00+00:00,1.7479502876656814
2019-07-31 20:00:00+00:00,1.75187553852937
2019-07-31 20:30:00+00:00,1.7402219417836213
2019-07-31 21:00:00+00:00,1.6820286439420964
2019-07-31 21:30:00+00:00,1.671766654858532
2019-07-31 22:00:00+00:00,1.6503829812678532
2019-07-31 22:30:00+00:00,1.577661150026268
2019-07-31 23:00:00+00:00,1.7400350372528182
2019-07-31 23:30:00+00:00,1.7547350396131316
2019-08-01 00:00:00+00:00,1.754910576180351
2019-08-01 00:30:00+00:00,1.7547859228897729
2019-08-01 01:00:00+00:00,1.2747231951381843
2019-08-01 01:30:00+00:00,1.2698647901202926
2019-08-01 02:00:00+00:00,1.2620868038936601
2019-08-01 02:30:00+00:00,1.7376984836011915
2019-08-01 03:00:00+00:00,1.7568341147251467
2019-08-01 03:30:00+00:00,1.7596161697598176
2019-08-01 04:00:00+00:00,1.7529872626901193
2019-08-01 04:30:00+00:00,1.746854227802774
2019-08-01 05:00:00+00:00,1.745090474084113
2019-08-01 05:30:00+00:00,1.751158538839262
2019-08-01 06:00:00+00:00,1.7468427493722554
2019-08-01 06:30:00+00:00,1.7392786978379176
2019-08-01 07:00:00+00:00,1.7194855409716465
2019-08-01 07:30:00+00:00,1.704565153008084
2019-08-01 08:00:00+00:00,1.7515293528055706
2019-08-01 08:30:00+00:00,1.7357277708524221
2019-08-01 09:00:00+00:00,1.6865853677337794
2019-08-01 09:30:00+00:00,1.744574562395155
2019-08-01 10:00:00+00:00,1.744444652645619
2019-08-01 10:30:00+00:00,1.7528133198963884
2019-08-01 11:00:00+00:00,1.0349274759222118
2019-08-01 11:30:00+00:00,1.4169912963194446
2019-08-01 12:00:00+00:00,1.7403901169504943
2019-08-01 12:30:00+00:00,1.745530689812655
2019-08-01 13:00:00+00:00,1.7373569167052842
2019-08-01 13:30:00+00:00,1.694413273061701
2019-08-01 14:00:00+00:00,0.983111703852985
2019-08-01 14:30:00+00:00,1.7496730279222492
2019-08-01 15:00:00+00:00,1.7491050715554193
2019-08-01 15:30:00+00:00,1.5441359452113732
2019-08-01 16:00:00+00:00,0.7876884082126508
2019-08-01 16:30:00+00:00,1.6625939685667037
2019-08-01 17:00:00+00:00,1.7599511894159485
2019-08-01 17:30:00+00:00,1.749596263666322
2019-08-01 18:00:00+00:00,1.751046716951743
2019-08-01 18:30:00+00:00,1.7546362695946902
2019-08-01 19:00:00+00:00,1.7451330938527545
2019-08-01 19:30:00+00:00,1.7433588389823653
2019-08-01 20:00:00+00:00,1.7545958809108582
2019-08-01 20:30:00+00:00,1.7422197853665264
2019-08-01 21:00:00+00:00,1.7578293465628643
2019-08-01 21:30:00+00:00,1.7507880066095258
2019-08-01 22:00:00+00:00,1.7440796817306112
2019-08-01 22:30:00+00:00,1.750110098556959
2019-08-01 23:00:00+00:00,1.750999264987935
2019-08-01 23:30:00+00:00,1.7513858231647188
2019-08-02 00:00:00+00:00,1.7463610394865074
2019-08-02 00:30:00+00:00,1.7482469544217811
2019-08-02 01:00:00+00:00,1.756209783271308
2019-08-02 01:30:00+00:00,1.7485012765868926
2019-08-02 02:00:00+00:00,1.7458845623757722
2019-08-02 02:30:00+00:00,1.6960599976247337
2019-08-02 03:00:00+00:00,1.731679784691345
2019-08-02 03:30:00+00:00,1.7403373106152709
2019-08-02 04:00:00+00:00,1.7497452184951117
2019-08-02 04:30:00+00:00,1.593925959823731
2019-08-02 05:00:00+00:00,1.6395277164356494
2019-08-02 05:30:00+00:00,1.7395619388396173
2019-08-02 06:00:00+00:00,0.7014657808054757
2019-08-02 06:30:00+00:00,1.0474504617188694
2019-08-02 07:00:00+00:00,1.6729351887039623
2019-08-02 07:30:00+00:00,1.74934774412255
2019-08-02 08:00:00+00:00,1.7217360646328939
2019-08-02 08:30:00+00:00,1.6514467784714608
2019-08-02 09:00:00+00:00,1.7164072816880662
2019-08-02 09:30:00+00:00,0.9155263232930001
2019-08-02 10:00:00+00:00,1.1771819857055577
2019-08-02 10:30:00+00:00,1.2498917883197629
2019-08-02 11:00:00+00:00,0.7678703534069935
2019-08-02 11:30:00+00:00,0.5789456465800678
2019-08-02 12:00:00+00:00,0.4897129841283899
2019-08-02 12:30:00+00:00,1.683559794718536
2019-08-02 13:00:00+00:00,1.7457052017163954
2019-08-02 13:30:00+00:00,1.7497766071917182
2019-08-02 14:00:00+00:00,1.7388182567690258
2019-08-02 14:30:00+00:00,1.749136287569839
2019-08-02 15:00:00+00:00,1.6650882347412543
2019-08-02 15:30:00+00:00,1.740050677150405
2019-08-02 16:00:00+00:00,1.2465463753150618
2019-08-02 16:30:00+00:00,0.5020736554780655
2019-08-02 17:00:00+00:00,0.8593321799110826
2019-08-02 17:30:00+00:00,1.1465486553864845
2019-08-02 18:00:00+00:00,1.4123608641165775
2019-08-02 18:30:00+00:00,1.7421172002170842
2019-08-02 19:00:00+00:00,1.6820596759559197
2019-08-02 19:30:00+00:00,1.7421632223907348
2019-08-02 20:00:00+00:00,1.059372653783748
2019-08-02 20:30:00+00:00,0.3110314138340009
2019-08-02 21:00:00+00:00,0.5467467739425111
2019-08-02 21:30:00+00:00,0.5978274775010314
2019-08-02 22:00:00+00:00,1.0878601058776407
2019-08-02 22:30:00+00:00,1.2938153893044897
2019-08-02 23:00:00+00:00,1.429027229430372
2019-08-02 23:30:00+00:00,1.6716908616028123
2019-08-03 00:00:00+00:00,1.7507587463852994
2019-08-03 00:30:00+00:00,1.747473099618612
2019-08-03 01:00:00+00:00,1.7498879215863261
2019-08-03 01:30:00+00:00,1.7514101683705694
2019-08-03 02:00:00+00:00,1.7410004285685077
2019-08-03 02:30:00+00:00,1.3432817852891843
2019-08-03 03:00:00+00:00,1.70163539153436
2019-08-03 03:30:00+00:00,1.7549549373012536
2019-08-03 04:00:00+00:00,1.7465028475541347
2019-08-03 04:30:00+00:00,1.7470457645852089
2019-08-03 05:00:00+00:00,1.7428261779095318
2019-08-03 05:30:00+00:00,1.7399975418166114
2019-08-03 06:00:00+00:00,1.7490213916640738
2019-08-03 06:30:00+00:00,1.7417332813705244
2019-08-03 07:00:00+00:00,1.7507090799903966
2019-08-03 07:30:00+00:00,1.751956678355983
2019-08-03 08:00:00+00:00,1.7555001777131556
2019-08-03 08:30:00+00:00,1.7524264855598788
2019-08-03 09:00:00+00:00,1.7479724753968566
2019-08-03 09:30:00+00:00,1.7495074933172612
2019-08-03 10:00:00+00:00,1.755406177422708
2019-08-03 10:30:00+00:00,1.7497499823209788
2019-08-03 11:00:00+00:00,1.7521839868477693
2019-08-03 11:30:00+00:00,1.7457501602656613
2019-08-03 12:00:00+00:00,1.7496722719717823
2019-08-03 12:30:00+00:00,1.749831837654476
2019-08-03 13:00:00+00:00,1.742937401450979
2019-08-03 13:30:00+00:00,1.749225946180421
2019-08-03 14:00:00+00:00,1.7480333005177588
2019-08-03 14:30:00+00:00,1.7479067224861309
2019-08-03 15:00:00+00:00,1.7478985016515869
2019-08-03 15:30:00+00:00,1.7501973426759485
2019-08-03 16:00:00+00:00,1.7488924300550401
2019-08-03 16:30:00+00:00,1.7249975719899082
2019-08-03 17:00:00+00:00,1.6296944144763077
2019-08-03 17:30:00+00:00,1.7498343898023738
2019-08-03 18:00:00+00:00,1.7506424167666228
2019-08-03 18:30:00+00:00,1.7494550901366717
2019-08-03 19:00:00+00:00,1.7285573488992638
2019-08-03 19:30:00+00:00,1.3486679279644984
2019-08-03 20:00:00+00:00,0.8458816259712113
2019-08-03 20:30:00+00:00,0.8379498275691072
2019-08-03 21:00:00+00:00,0.2522634933185709
2019-08-03 21:30:00+00:00,0.6604438260213319
2019-08-03 22:00:00+00:00,1.3742114410361026
2019-08-03 22:30:00+00:00,1.5252320510469404
2019-08-03 23:00:00+00:00,1.7225600697693555
2019-08-03 23:30:00+00:00,1.5828993621580643
2019-08-04 00:00:00+00:00,1.4411183207126963
2019-08-04 00:30:00+00:00,1.7478003637185096
2019-08-04 01:00:00+00:00,1.7481113814822247
2019-08-04 01:30:00+00:00,1.7373254347082936
2019-08-04 02:00:00+00:00,1.749310338310785
2019-08-04 02:30:00+00:00,1.7500056838022682
2019-08-04 03:00:00+00:00,1.7501281608996129
2019-08-04 03:30:00+00:00,1.745048559115753
2019-08-04 04:00:00+00:00,1.7518567674096943
2019-08-04 04:30:00+00:00,1.7497198814575887
2019-08-04 05:00:00+00:00,1.7533051833817992
2019-08-04 05:30:00+00:00,1.7398017725256596
2019-08-04 06:00:00+00:00,1.7598412145701408
2019-08-04 06:30:00+00:00,1.7534442832427501
2019-08-04 07:00:00+00:00,1.7462470004147659
2019-08-04 07:30:00+00:00,1.762664406203241
2019-08-04 08:00:00+00:00,1.7540777472747282
2019-08-04 08:30:00+00:00,1.7515413503173227
2019-08-04 09:00:00+00:00,1.756481285096255
2019-08-04 09:30:00+00:00,1.751174283967447
2019-08-04 10:00:00+00:00,1.738418877283979
2019-08-04 10:30:00+00:00,1.7448360866087314
2019-08-04 11:00:00+00:00,1.7504696901694634
2019-08-04 11:30:00+00:00,1.7609568568252092
2019-08-04 12:00:00+00:00,1.749289780162252
2019-08-04 12:30:00+00:00,1.7555307811570173
2019-08-04 13:00:00+00:00,1.7584366121527477
2019-08-04 13:30:00+00:00,1.7573611832811564
2019-08-04 14:00:00+00:00,1.6773333371124113
2019-08-04 14:30:00+00:00,1.755451191034497
2019-08-04 15:00:00+00:00,1.742521134290414
2019-08-04 15:30:00+00:00,1.7491877850995032
2019-08-04 16:00:00+00:00,1.7432400750873769
2019-08-04 16:30:00+00:00,1.7570418150020213
2019-08-04 17:00:00+00:00,1.7505852306126404
2019-08-04 17:30:00+00:00,1.7516796587183006
2019-08-04 18:00:00+00:00,1.763282575931435
2019-08-04 18:30:00+00:00,1.750069352596533
2019-08-04 19:00:00+00:00,1.71917007290619
2019-08-04 19:30:00+00:00,1.727861954173049
2019-08-04 20:00:00+00:00,1.7047478229250366
2019-08-04 20:30:00+00:00,1.5688123757503543
2019-08-04 21:00:00+00:00,0.9708624070330292
2019-08-04 21:30:00+00:00,1.167002615438747
2019-08-04 22:00:00+00:00,1.6321336994989644
2019-08-04 22:30:00+00:00,1.7499256947823658
2019-08-04 23:00:00+00:00,1.7262018636818903
2019-08-04 23:30:00+00:00,1.6443536353914594
2019-08-05 00:00:00+00:00,1.714539650263243
2019-08-05 00:30:00+00:00,1.7121866732967017
2019-08-05 01:00:00+00:00,1.7165021232114892
2019-08-05 01:30:00+00:00,1.720817573126277
2019-08-05 02:00:00+00:00,1.7251330230410644
2019-08-05 02:30:00+00:00,1.7488197352718038
2019-08-05 03:00:00+00:00,1.755797399395111
2019-08-05 03:30:00+00:00,1.7431788726352464
2019-08-05 04:00:00+00:00,1.7611125048094582
2019-08-05 04:30:00+00:00,1.751451978031855
2019-08-05 05:00:00+00:00,1.76559107377503
2019-08-05 05:30:00+00:00,1.7503026745275332
2019-08-05 06:00:00+00:00,1.7503929605449653
2019-08-05 06:30:00+00:00,1.7365829009488882
2019-08-05 07:00:00+00:00,1.7366535336433426
2019-08-05 07:30:00+00:00,1.7367241663377968
2019-08-05 08:00:00+00:00,1.7367241663377968
2019-08-05 08:30:00+00:00,1.7367241663377968
2019-08-05 09:00:00+00:00,1.7367241663377968
2019-08-05 09:30:00+00:00,1.7367241663377968
2019-08-05 10:00:00+00:00,1.7367241663377968
2019-08-05 10:30:00+00:00,1.7367241663377968
2019-08-05 11:00:00+00:00,1.7367241663377968
2019-08-05 11:30:00+00:00,1.7367241663377968
2019-08-05 12:00:00+00:00,1.7369521209997427
2019-08-05 12:30:00+00:00,1.7371800756616886
2019-08-05 13:00:00+00:00,1.7374080303236346
2019-08-05 13:30:00+00:00,1.7376359849855803
2019-08-05 14:00:00+00:00,1.7378639396475262
2019-08-05 14:30:00+00:00,1.738091894309472
2019-08-05 15:00:00+00:00,1.738319848971418
2019-08-05 15:30:00+00:00,1.738547803633364
2019-08-05 16:00:00+00:00,1.7387757582953098
2019-08-05 16:30:00+00:00,1.7390037129572555
2019-08-05 17:00:00+00:00,1.7392316676192014
2019-08-05 17:30:00+00:00,1.7394596222811474
2019-08-05 18:00:00+00:00,1.7396875769430933
2019-08-05 18:30:00+00:00,1.7399155316050392
2019-08-05 19:00:00+00:00,1.7401434862669851
2019-08-05 19:30:00+00:00,1.7403714409289308
2019-08-05 20:00:00+00:00,1.7405993955908767
2019-08-05 20:30:00+00:00,1.7408273502528226
2019-08-05 21:00:00+00:00,1.7410553049147686
2019-08-05 21:30:00+00:00,1.7412832595767145
2019-08-05 22:00:00+00:00,1.7415112142386604
2019-08-05 22:30:00+00:00,1.741739168900606
2019-08-05 23:00:00+00:00,1.741967123562552
2019-08-05 23:30:00+00:00,1.742195078224498
2019-08-06 00:00:00+00:00,1.7424230328864438
2019-08-06 00:30:00+00:00,1.7426509875483898
2019-08-06 01:00:00+00:00,1.7428789422103357
2019-08-06 01:30:00+00:00,1.7431068968722814
2019-08-06 02:00:00+00:00,1.7433348515342273
2019-08-06 02:30:00+00:00,1.7435628061961732
2019-08-06 03:00:00+00:00,1.7437907608581191
2019-08-06 03:30:00+00:00,1.744018715520065
2019-08-06 04:00:00+00:00,1.744246670182011
2019-08-06 04:30:00+00:00,1.7444746248439567
2019-08-06 05:00:00+00:00,1.7447025795059026
2019-08-06 05:30:00+00:00,1.7449305341678485
2019-08-06 06:00:00+00:00,1.7451584888297944
2019-08-06 06:30:00+00:00,1.7453864434917403
2019-08-06 07:00:00+00:00,1.7456143981536862
2019-08-06 07:30:00+00:00,1.745842352815632
2019-08-06 08:00:00+00:00,1.7460703074775779
2019-08-06 08:30:00+00:00,1.7462982621395238
2019-08-06 09:00:00+00:00,1.7465262168014697
2019-08-06 09:30:00+00:00,1.7467541714634156
2019-08-06 10:00:00+00:00,1.7469821261253615
2019-08-06 10:30:00+00:00,1.7472100807873074
2019-08-06 11:00:00+00:00,1.7474380354492531
2019-08-06 11:30:00+00:00,1.747665990111199
2019-08-06 12:00:00+00:00,1.747893944773145
2019-08-06 12:30:00+00:00,1.7481218994350909
2019-08-06 13:00:00+00:00,1.7483498540970368
2019-08-06 13:30:00+00:00,1.7485778087589827
2019-08-06 14:00:00+00:00,1.7488057634209284
2019-08-06 14:30:00+00:00,1.7490337180828743
2019-08-06 15:00:00+00:00,1.7492616727448203
2019-08-06 15:30:00+00:00,1.7494896274067662
2019-08-06 16:00:00+00:00,1.749717582068712
2019-08-06 16:30:00+00:00,1.749945536730658
2019-08-06 17:00:00+00:00,1.7501734913926037
2019-08-06 17:30:00+00:00,1.7504014460545496
2019-08-06 18:00:00+00:00,1.7506294007164955
2019-08-06 18:30:00+00:00,1.7508573553784414
2019-08-06 19:00:00+00:00,1.7510853100403874
2019-08-06 19:30:00+00:00,1.7513132647023333
2019-08-06 20:00:00+00:00,1.751541219364279
2019-08-06 20:30:00+00:00,1.751769174026225
2019-08-06 21:00:00+00:00,1.7519971286881708
2019-08-06 21:30:00+00:00,1.7522250833501167
2019-08-06 22:00:00+00:00,1.7524530380120626
2019-08-06 22:30:00+00:00,1.7526809926740086
2019-08-06 23:00:00+00:00,1.7529089473359543
2019-08-06 23:30:00+00:00,1.7531369019979002
2019-08-07 00:00:00+00:00,1.753364856659846
2019-08-07 00:30:00+00:00,1.753592811321792
2019-08-07 01:00:00+00:00,1.753820765983738
2019-08-07 01:30:00+00:00,1.7540487206456838
2019-08-07 02:00:00+00:00,1.7542766753076295
2019-08-07 02:30:00+00:00,1.7545046299695755
2019-08-07 03:00:00+00:00,1.7547325846315214
2019-08-07 03:30:00+00:00,1.7549605392934673
2019-08-07 04:00:00+00:00,1.7551884939554132
2019-08-07 04:30:00+00:00,1.7554164486173591
2019-08-07 05:00:00+00:00,1.7556444032793048
2019-08-07 05:30:00+00:00,1.7558723579412507
2019-08-07 06:00:00+00:00,1.7561003126031967
2019-08-07 06:30:00+00:00,1.7563282672651426
2019-08-07 07:00:00+00:00,1.7322048101218823
2019-08-07 07:30:00+00:00,1.6872873047650736
2019-08-07 08:00:00+00:00,1.6916897072733863
2019-08-07 08:30:00+00:00,1.7555719596641441
2019-08-07 09:00:00+00:00,1.7443010528417657
2019-08-07 09:30:00+00:00,1.7581251891168905
2019-08-07 10:00:00+00:00,1.7544201999366342
2019-08-07 10:30:00+00:00,1.749760490391509
2019-08-07 11:00:00+00:00,1.7572544032852404
2019-08-07 11:30:00+00:00,1.7463105700964914
2019-08-07 12:00:00+00:00,1.7414652608735344
2019-08-07 12:30:00+00:00,1.7460138675800572
2019-08-07 13:00:00+00:00,1.7541100084064072
2019-08-07 13:30:00+00:00,1.746608867027141
2019-08-07 14:00:00+00:00,1.754775022345821
2019-08-07 14:30:00+00:00,1.7511259941355948
2019-08-07 15:00:00+00:00,1.7537193239054005
2019-08-07 15:30:00+00:00,1.7493133511238363
2019-08-07 16:00:00+00:00,1.7489317899514296
2019-08-07 16:30:00+00:00,1.753039199280417
2019-08-07 17:00:00+00:00,1.74963665447348
2019-08-07 17:30:00+00:00,1.756699400594079
2019-08-07 18:00:00+00:00,1.7384789174580393
2019-08-07 18:30:00+00:00,1.7559483808306156
2019-08-07 19:00:00+00:00,1.754224877392718
2019-08-07 19:30:00+00:00,1.7525156076167738
2019-08-07 20:00:00+00:00,1.7511660603797763
2019-08-07 20:30:00+00:00,1.7544333135109678
2019-08-07 21:00:00+00:00,1.7476692279495976
2019-08-07 21:30:00+00:00,1.7471092354602975
2019-08-07 22:00:00+00:00,1.741042292604034
2019-08-07 22:30:00+00:00,1.7416927434240703
2019-08-07 23:00:00+00:00,1.7468886158053416
2019-08-07 23:30:00+00:00,1.750053095386892
2019-08-08 00:00:00+00:00,1.749076575323688
2019-08-08 00:30:00+00:00,1.7514725380536973
2019-08-08 01:00:00+00:00,1.7463865343519323
2019-08-08 01:30:00+00:00,1.7517366154802954
2019-08-08 02:00:00+00:00,1.743970173386726
2019-08-08 02:30:00+00:00,1.7513060416999353
2019-08-08 03:00:00+00:00,1.7567668329117265
2019-08-08 03:30:00+00:00,1.756800401778303
2019-08-08 04:00:00+00:00,1.7411932492614033
2019-08-08 04:30:00+00:00,1.7507138731829426
2019-08-08 05:00:00+00:00,1.7466992064901785
2019-08-08 05:30:00+00:00,1.758869091861129
2019-08-08 06:00:00+00:00,1.7517857587812389
2019-08-08 06:30:00+00:00,1.7595738927553752
2019-08-08 07:00:00+00:00,1.7519908109251296
2019-08-08 07:30:00+00:00,1.7444077290948845
2019-08-08 08:00:00+00:00,1.742548131789124
2019-08-08 08:30:00+00:00,1.750710104153307
2019-08-08 09:00:00+00:00,1.7397409440398242
2019-08-08 09:30:00+00:00,1.761438480446339
2019-08-08 10:00:00+00:00,1.7659963688103646
2019-08-08 10:30:00+00:00,1.7428213960353947
2019-08-08 11:00:00+00:00,1.7592510143853601
2019-08-08 11:30:00+00:00,1.7485610937577396
2019-08-08 12:00:00+00:00,1.740801581588475
2019-08-08 12:30:00+00:00,1.7507855110536648
2019-08-08 13:00:00+00:00,1.7535411559614322
2019-08-08 13:30:00+00:00,1.7515543970760237
2019-08-08 14:00:00+00:00,1.749337153203111
2019-08-08 14:30:00+00:00,1.760130216947067
2019-08-08 15:00:00+00:00,1.7018318246346067
2019-08-08 15:30:00+00:00,0.5619522280162479
2019-08-08 16:00:00+00:00,-0.16659362527980687
2019-08-08 16:30:00+00:00,0.7831086826818902
2019-08-08 17:00:00+00:00,1.6831547902909565
2019-08-08 17:30:00+00:00,1.6460424965495035
2019-08-08 18:00:00+00:00,1.7179995879605405
2019-08-08 18:30:00+00:00,1.5602332961780048
2019-08-08 19:00:00+00:00,1.74945810873943
2019-08-08 19:30:00+00:00,1.1083345644634628
2019-08-08 20:00:00+00:00,0.2943830387595587
2019-08-08 20:30:00+00:00,1.6044838790672047
2019-08-08 21:00:00+00:00,1.6681999004569719
2019-08-08 21:30:00+00:00,1.2116663794497766
2019-08-08 22:00:00+00:00,0.8542268314731198
2019-08-08 22:30:00+00:00,-0.07780231455780473
2019-08-08 23:00:00+00:00,0.026779738960009715
2019-08-08 23:30:00+00:00,0.5595141701423961
2019-08-09 00:00:00+00:00,-0.01400056509257564
2019-08-09 00:30:00+00:00,-0.2900892054080957
2019-08-09 01:00:00+00:00,-0.6368460645632766
2019-08-09 01:30:00+00:00,-0.20795556165027768
2019-08-09 02:00:00+00:00,-0.12144622808121817
2019-08-09 02:30:00+00:00,0.7199505152736286
2019-08-09 03:00:00+00:00,1.6595594579864201
2019-08-09 03:30:00+00:00,1.66916900417806
2019-08-09 04:00:00+00:00,1.7411873677146383
2019-08-09 04:30:00+00:00,1.7526508846091784
2019-08-09 05:00:00+00:00,1.742803382025397
2019-08-09 05:30:00+00:00,1.7331310152116355
2019-08-09 06:00:00+00:00,1.7549638959735945
2019-08-09 06:30:00+00:00,1.7586570044087402
2019-08-09 07:00:00+00:00,1.7501906534972262
2019-08-09 07:30:00+00:00,1.6617843118057847
2019-08-09 08:00:00+00:00,1.6869646766236301
2019-08-09 08:30:00+00:00,1.7485953426464635
2019-08-09 09:00:00+00:00,1.7515255718457217
2019-08-09 09:30:00+00:00,1.7554663635124519
2019-08-09 10:00:00+00:00,1.755006247924247
2019-08-09 10:30:00+00:00,1.7540884899727842
2019-08-09 11:00:00+00:00,1.7520964926261666
2019-08-09 11:30:00+00:00,1.7501049973201912
2019-08-09 12:00:00+00:00,1.7515726998583583
2019-08-09 12:30:00+00:00,1.7655389128546755
2019-08-09 13:00:00+00:00,1.7483930346810161
2019-08-09 13:30:00+00:00,1.7663833647341993
2019-08-09 14:00:00+00:00,1.74374583276488
2019-08-09 14:30:00+00:00,1.7456108236841665
2019-08-09 15:00:00+00:00,1.7567529020936434
2019-08-09 15:30:00+00:00,1.7478266787860857
2019-08-09 16:00:00+00:00,1.7545359968552423
2019-08-09 16:30:00+00:00,1.6780889614792822
2019-08-09 17:00:00+00:00,0.9397448646846374
2019-08-09 17:30:00+00:00,0.12782694444110088
2019-08-09 18:00:00+00:00,0.6670365972420648
2019-08-09 18:30:00+00:00,0.7213739854148331
2019-08-09 19:00:00+00:00,0.8864623590786642
2019-08-09 19:30:00+00:00,1.6723700247749795
2019-08-09 20:00:00+00:00,1.7513015857653367
2019-08-09 20:30:00+00:00,1.7498803128634854
2019-08-09 21:00:00+00:00,1.752523860877026
2019-08-09 21:30:00+00:00,1.752748537992062
2019-08-09 22:00:00+00:00,1.7474677041392435
2019-08-09 22:30:00+00:00,1.6864984530722125
2019-08-09 23:00:00+00:00,1.2144836941513353
2019-08-09 23:30:00+00:00,0.7424689352304579
2019-08-10 00:00:00+00:00,1.3916667825236442
2019-08-10 00:30:00+00:00,1.543946906154532
2019-08-10 01:00:00+00:00,1.751852257789138
2019-08-10 01:30:00+00:00,1.6411499263541147
2019-08-10 02:00:00+00:00,1.078357099129063
2019-08-10 02:30:00+00:00,1.0851061690596913
2019-08-10 03:00:00+00:00,1.5167154553233806
2019-08-10 03:30:00+00:00,1.689863210465986
2019-08-10 04:00:00+00:00,1.7507119987899118
2019-08-10 04:30:00+00:00,1.758303485255228
2019-08-10 05:00:00+00:00,1.747519839440467
2019-08-10 05:30:00+00:00,1.752350704540274
2019-08-10 06:00:00+00:00,1.7292915732169336
2019-08-10 06:30:00+00:00,1.7338524239446458
2019-08-10 07:00:00+00:00,1.747392609835662
2019-08-10 07:30:00+00:00,1.7612450292875657
2019-08-10 08:00:00+00:00,1.7613591959208161
2019-08-10 08:30:00+00:00,1.7527967344108286
2019-08-10 09:00:00+00:00,1.748561630617329
2019-08-10 09:30:00+00:00,1.7494665914268568
2019-08-10 10:00:00+00:00,1.7530893860161532
2019-08-10 10:30:00+00:00,1.7562365147492063
2019-08-10 11:00:00+00:00,1.7535763502430703
2019-08-10 11:30:00+00:00,1.7503054221473853
2019-08-10 12:00:00+00:00,1.7548540545014504
2019-08-10 12:30:00+00:00,1.7540939826213087
2019-08-10 13:00:00+00:00,1.7436215340157628
2019-08-10 13:30:00+00:00,1.75315337141992
2019-08-10 14:00:00+00:00,1.754261232117008
2019-08-10 14:30:00+00:00,1.744182282481102
2019-08-10 15:00:00+00:00,1.734628896358934
2019-08-10 15:30:00+00:00,1.7331041435416557
2019-08-10 16:00:00+00:00,1.7383213175073833
2019-08-10 16:30:00+00:00,1.7223623736140279
2019-08-10 17:00:00+00:00,1.7403584578627156
2019-08-10 17:30:00+00:00,1.754804253203368
2019-08-10 18:00:00+00:00,1.753565316172503
2019-08-10 18:30:00+00:00,1.7343907234197393
2019-08-10 19:00:00+00:00,1.7475228675766397
2019-08-10 19:30:00+00:00,1.7461629459016168
2019-08-10 20:00:00+00:00,1.6945916129230996
2019-08-10 20:30:00+00:00,1.7002606486049743
2019-08-10 21:00:00+00:00,1.745437936493667
2019-08-10 21:30:00+00:00,1.7419638189733258
2019-08-10 22:00:00+00:00,1.7442465129130917
2019-08-10 22:30:00+00:00,1.7492524835629302
2019-08-10 23:00:00+00:00,1.744157431282441
2019-08-10 23:30:00+00:00,1.744720619547751
2019-08-11 00:00:00+00:00,1.7476842729560147
2019-08-11 00:30:00+00:00,1.7522027274093546
2019-08-11 01:00:00+00:00,1.7485458882422706
2019-08-11 01:30:00+00:00,1.750074151295331
2019-08-11 02:00:00+00:00,1.7218522933575964
2019-08-11 02:30:00+00:00,1.7445294324108436
2019-08-11 03:00:00+00:00,1.7475218134318828
2019-08-11 03:30:00+00:00,1.752295658231062
2019-08-11 04:00:00+00:00,1.7460330467259
2019-08-11 04:30:00+00:00,1.7558789304715343
2019-08-11 05:00:00+00:00,1.7480097322288002
2019-08-11 05:30:00+00:00,1.7498605224753467
2019-08-11 06:00:00+00:00,1.7464436672248278
2019-08-11 06:30:00+00:00,1.7494373972776582
2019-08-11 07:00:00+00:00,1.7425792940793463
2019-08-11 07:30:00+00:00,1.7500216023773962
2019-08-11 08:00:00+00:00,1.7466787792674017
2019-08-11 08:30:00+00:00,1.757362394656641
2019-08-11 09:00:00+00:00,1.7604426829941588
2019-08-11 09:30:00+00:00,1.5850288363708027
2019-08-11 10:00:00+00:00,1.7496174659492978
2019-08-11 10:30:00+00:00,1.754413211407774
2019-08-11 11:00:00+00:00,1.7513774866988776
2019-08-11 11:30:00+00:00,1.7514171950366662
2019-08-11 12:00:00+00:00,1.7467809389381108
2019-08-11 12:30:00+00:00,1.7484084026309237
2019-08-11 13:00:00+00:00,1.7491409626838648
2019-08-11 13:30:00+00:00,1.748650421039491
2019-08-11 14:00:00+00:00,1.7020843661389353
2019-08-11 14:30:00+00:00,1.743042865452618
2019-08-11 15:00:00+00:00,1.5244694034553803
2019-08-11 15:30:00+00:00,1.7243070769506994
2019-08-11 16:00:00+00:00,1.7259553827798064
2019-08-11 16:30:00+00:00,1.6046849299471764
2019-08-11 17:00:00+00:00,1.7511026668981222
2019-08-11 17:30:00+00:00,1.7459186433238045
2019-08-11 18:00:00+00:00,1.7508936165268472
2019-08-11 18:30:00+00:00,1.7505817506612456
2019-08-11 19:00:00+00:00,1.740328789689981
2019-08-11 19:30:00+00:00,1.747316389351245
2019-08-11 20:00:00+00:00,1.748319145889352
2019-08-11 20:30:00+00:00,1.6552895320059346
2019-08-11 21:00:00+00:00,1.7504381670873606
2019-08-11 21:30:00+00:00,1.7550278345742156
2019-08-11 22:00:00+00:00,1.7503438144908947
2019-08-11 22:30:00+00:00,1.7526810395993884
2019-08-11 23:00:00+00:00,1.75147770599529
2019-08-11 23:30:00+00:00,1.751213313200796
2019-08-12 00:00:00+00:00,1.747124751354508
2019-08-12 00:30:00+00:00,1.7567528154953138
2019-08-12 01:00:00+00:00,0.9546961852435814
2019-08-12 01:30:00+00:00,0.7706997322933369
2019-08-12 02:00:00+00:00,1.2926278311129644
2019-08-12 02:30:00+00:00,1.6357028038466057
2019-08-12 03:00:00+00:00,1.7475557567236106
2019-08-12 03:30:00+00:00,1.7519842316420247
2019-08-12 04:00:00+00:00,1.7493146271253348
2019-08-12 04:30:00+00:00,1.7515040289516315
2019-08-12 05:00:00+00:00,1.74194744613239
2019-08-12 05:30:00+00:00,1.7189078898579058
2019-08-12 06:00:00+00:00,1.7372123370124772
2019-08-12 06:30:00+00:00,1.7507411324640967
2019-08-12 07:00:00+00:00,1.7475738542450991
2019-08-12 07:30:00+00:00,1.7553231220398446
2019-08-12 08:00:00+00:00,1.7251454148616547
2019-08-12 08:30:00+00:00,1.6273274345903699
2019-08-12 09:00:00+00:00,1.407468249854977
2019-08-12 09:30:00+00:00,1.6506677642334986
2019-08-12 10:00:00+00:00,1.744379794500878
2019-08-12 10:30:00+00:00,1.7437763918528206
2019-08-12 11:00:00+00:00,1.5999849984549512
2019-08-12 11:30:00+00:00,1.5130146971439766
2019-08-12 12:00:00+00:00,1.4123778342329265
2019-08-12 12:30:00+00:00,1.1205816482594766
2019-08-12 13:00:00+00:00,1.4668630699577556
2019-08-12 13:30:00+00:00,1.3637865049415452
2019-08-12 14:00:00+00:00,1.3610914450209037
2019-08-12 14:30:00+00:00,1.4620871009688368
2019-08-12 15:00:00+00:00,1.4186685210474284
2019-08-12 15:30:00+00:00,1.454430118274689
2019-08-12 16:00:00+00:00,1.7495619184181836
2019-08-12 16:30:00+00:00,1.7540144281274794
2019-08-12 17:00:00+00:00,1.7438177707263478
2019-08-12 17:30:00+00:00,1.7438373901147646
2019-08-12 18:00:00+00:00,1.7436088742242317
2019-08-12 18:30:00+00:00,1.750804030592354
2019-08-12 19:00:00+00:00,1.6272188392748728
2019-08-12 19:30:00+00:00,1.4803711124897099
2019-08-12 20:00:00+00:00,1.5772359930934918
2019-08-12 20:30:00+00:00,1.7038496623369839
2019-08-12 21:00:00+00:00,1.2720688803988163
2019-08-12 21:30:00+00:00,1.5600593784489338
2019-08-12 22:00:00+00:00,1.748712991984236
2019-08-12 22:30:00+00:00,1.7423748496880422
2019-08-12 23:00:00+00:00,1.7037776240393658
2019-08-12 23:30:00+00:00,1.696418786985033
2019-08-13 00:00:00+00:00,1.7466654005806352
2019-08-13 00:30:00+00:00,1.7504739431374872
2019-08-13 01:00:00+00:00,1.7474423692250467
2019-08-13 01:30:00+00:00,1.7615777721084085
2019-08-13 02:00:00+00:00,1.7569657187414278
2019-08-13 02:30:00+00:00,1.7503287273598496
2019-08-13 03:00:00+00:00,1.7251048200172618
2019-08-13 03:30:00+00:00,1.7457570045371549
2019-08-13 04:00:00+00:00,1.6804080889133355
2019-08-13 04:30:00+00:00,1.699919850137153
2019-08-13 05:00:00+00:00,1.742811002678451
2019-08-13 05:30:00+00:00,1.3077514465145823
2019-08-13 06:00:00+00:00,1.2810473809204512
2019-08-13 06:30:00+00:00,1.3302058057035
2019-08-13 07:00:00+00:00,1.2895019532096774
2019-08-13 07:30:00+00:00,0.8872175231228503
2019-08-13 08:00:00+00:00,1.0666930096079288
2019-08-13 08:30:00+00:00,1.1194114547072695
2019-08-13 09:00:00+00:00,1.2136602927488633
2019-08-13 09:30:00+00:00,1.478490996892211
2019-08-13 10:00:00+00:00,1.3272471025728314
2019-08-13 10:30:00+00:00,1.0373525669657182
2019-08-13 11:00:00+00:00,1.1994238226787004
2019-08-13 11:30:00+00:00,0.33140115187379704
2019-08-13 12:00:00+00:00,-0.0065155615902278315
2019-08-13 12:30:00+00:00,0.4404812929087583
2019-08-13 13:00:00+00:00,1.4375554442422034
2019-08-13 13:30:00+00:00,1.7476917226093471
2019-08-13 14:00:00+00:00,1.705926158144117
2019-08-13 14:30:00+00:00,1.754836387691246
2019-08-13 15:00:00+00:00,1.7446933012296373
2019-08-13 15:30:00+00:00,1.7505219775404173
2019-08-13 16:00:00+00:00,1.53903427556491
2019-08-13 16:30:00+00:00,1.7393121315115128
2019-08-13 17:00:00+00:00,1.7023636529914445
2019-08-13 17:30:00+00:00,1.577601781614976
2019-08-13 18:00:00+00:00,1.3839508280824955
2019-08-13 18:30:00+00:00,1.7476920309594712
2019-08-13 19:00:00+00:00,1.7058094806598596
2019-08-13 19:30:00+00:00,1.7503822453781706
2019-08-13 20:00:00+00:00,1.751408197820561
2019-08-13 20:30:00+00:00,1.7447967609554722
2019-08-13 21:00:00+00:00,1.7539238034755378
2019-08-13 21:30:00+00:00,1.7360263831689615
2019-08-13 22:00:00+00:00,1.3570378341008373
2019-08-13 22:30:00+00:00,1.0565687267060968
2019-08-13 23:00:00+00:00,0.7619521627800289
2019-08-13 23:30:00+00:00,1.2549130306325482
2019-08-14 00:00:00+00:00,0.7639639033223969
2019-08-14 00:30:00+00:00,1.30538112064246
2019-08-14 01:00:00+00:00,0.9392261708001317
2019-08-14 01:30:00+00:00,0.3929198774411453
2019-08-14 02:00:00+00:00,0.6170893229074763
2019-08-14 02:30:00+00:00,1.5368379904150848
2019-08-14 03:00:00+00:00,1.5002487850384514
2019-08-14 03:30:00+00:00,1.0400872454218522
2019-08-14 04:00:00+00:00,0.7720525610048676
2019-08-14 04:30:00+00:00,0.9910977727270671
2019-08-14 05:00:00+00:00,0.6994258450929608
2019-08-14 05:30:00+00:00,0.7477843308242959
2019-08-14 06:00:00+00:00,0.789415523011504
2019-08-14 06:30:00+00:00,0.6780786957418597
2019-08-14 07:00:00+00:00,0.5503018592890047
2019-08-14 07:30:00+00:00,0.6488528173673408
2019-08-14 08:00:00+00:00,0.7474037754456769
2019-08-14 08:30:00+00:00,0.7474037754456769
2019-08-14 09:00:00+00:00,0.9445056916023492
2019-08-14 09:30:00+00:00,0.29431750823323377
2019-08-14 10:00:00+00:00,0.4908383015821728
2019-08-14 10:30:00+00:00,1.1605709119004213
2019-08-14 11:00:00+00:00,0.9974293974464044
2019-08-14 11:30:00+00:00,1.149479393768768
2019-08-14 12:00:00+00:00,1.4178933567613434
2019-08-14 12:30:00+00:00,1.6728359468832392
2019-08-14 13:00:00+00:00,1.6861744445197826
2019-08-14 13:30:00+00:00,1.5921060811618681
2019-08-14 14:00:00+00:00,1.4560527218707726
2019-08-14 14:30:00+00:00,0.5345879234331065
2019-08-14 15:00:00+00:00,0.9810567876423442
2019-08-14 15:30:00+00:00,1.3577587982619426
2019-08-14 16:00:00+00:00,1.657496417930165
2019-08-14 16:30:00+00:00,1.599111258095434
2019-08-14 17:00:00+00:00,1.7497275905345755
2019-08-14 17:30:00+00:00,1.744172838034956
2019-08-14 18:00:00+00:00,1.751606376402756
2019-08-14 18:30:00+00:00,1.7531197640095773
2019-08-14 19:00:00+00:00,1.7501408011133595
2019-08-14 19:30:00+00:00,1.7360700477489595
2019-08-14 20:00:00+00:00,1.3398136291127953
2019-08-14 20:30:00+00:00,1.745058211575871
2019-08-14 21:00:00+00:00,1.739075770419097
2019-08-14 21:30:00+00:00,1.7526370529036357
2019-08-14 22:00:00+00:00,1.7513385409770215
2019-08-14 22:30:00+00:00,1.7466153943832288
2019-08-14 23:00:00+00:00,1.7486569860576247
2019-08-14 23:30:00+00:00,1.727101577033066
2019-08-15 00:00:00+00:00,1.7463543298559914
2019-08-15 00:30:00+00:00,1.6031651234043525
2019-08-15 01:00:00+00:00,1.656087928478393
2019-08-15 01:30:00+00:00,1.7009435615348958
2019-08-15 02:00:00+00:00,1.7491921543106297
2019-08-15 02:30:00+00:00,1.7519601115042345
2019-08-15 03:00:00+00:00,1.5749734562474669
2019-08-15 03:30:00+00:00,1.0935755151958055
2019-08-15 04:00:00+00:00,0.6322091440222086
2019-08-15 04:30:00+00:00,1.1643552424920522
2019-08-15 05:00:00+00:00,1.122242628588132
2019-08-15 05:30:00+00:00,1.300645068280613
2019-08-15 06:00:00+00:00,1.3097994594315614
2019-08-15 06:30:00+00:00,1.3118558471153317
2019-08-15 07:00:00+00:00,1.4176543148175595
2019-08-15 07:30:00+00:00,1.323631993335052
2019-08-15 08:00:00+00:00,1.5280993823272424
2019-08-15 08:30:00+00:00,1.4101890879377195
2019-08-15 09:00:00+00:00,1.3123751285919278
2019-08-15 09:30:00+00:00,1.3208938375169008
2019-08-15 10:00:00+00:00,1.1124028214637731
2019-08-15 10:30:00+00:00,1.6702470565051257
2019-08-15 11:00:00+00:00,1.5133463736935704
2019-08-15 11:30:00+00:00,1.309381798124646
2019-08-15 12:00:00+00:00,1.3021188324988817
2019-08-15 12:30:00+00:00,1.0929492869298518
2019-08-15 13:00:00+00:00,1.2155537566754122
2019-08-15 13:30:00+00:00,1.756558817715867
2019-08-15 14:00:00+00:00,1.4802548840709107
2019-08-15 14:30:00+00:00,1.6264538431137943
2019-08-15 15:00:00+00:00,1.7514750272035913
2019-08-15 15:30:00+00:00,1.7529782285497333
2019-08-15 16:00:00+00:00,1.3714077144022259
2019-08-15 16:30:00+00:00,-0.15479844373207602
2019-08-15 17:00:00+00:00,-0.08515448812675269
2019-08-15 17:30:00+00:00,0.8017166226810849
2019-08-15 18:00:00+00:00,1.1124789833486843
2019-08-15 18:30:00+00:00,0.75952120802778
2019-08-15 19:00:00+00:00,0.6114497811290523
2019-08-15 19:30:00+00:00,1.604674524952428
2019-08-15 20:00:00+00:00,1.733777764670978
2019-08-15 20:30:00+00:00,1.464652209734047
2019-08-15 21:00:00+00:00,1.5707914052422782
2019-08-15 21:30:00+00:00,1.3514304529649883
2019-08-15 22:00:00+00:00,1.2382773618504497
2019-08-15 22:30:00+00:00,1.1702506760471687
2019-08-15 23:00:00+00:00,1.334755083462776
2019-08-15 23:30:00+00:00,1.0700727706138942
2019-08-16 00:00:00+00:00,0.6895963776876566
2019-08-16 00:30:00+00:00,0.9289847981053287
2019-08-16 01:00:00+00:00,1.3423211240582726
2019-08-16 01:30:00+00:00,0.6199355258721246
2019-08-16 02:00:00+00:00,0.12982995655941132
2019-08-16 02:30:00+00:00,0.5271195014586534
2019-08-16 03:00:00+00:00,0.725396227653083
2019-08-16 03:30:00+00:00,0.5981604593093204
2019-08-16 04:00:00+00:00,0.5292583625236702
2019-08-16 04:30:00+00:00,0.8200202636803412
2019-08-16 05:00:00+00:00,0.5445758880328646
2019-08-16 05:30:00+00:00,0.8313273154040389
2019-08-16 06:00:00+00:00,0.9185118576295126
2019-08-16 06:30:00+00:00,0.8927993125750059
2019-08-16 07:00:00+00:00,1.1842850082976069
2019-08-16 07:30:00+00:00,-0.7580492712009208
2019-08-16 08:00:00+00:00,-0.6961835122711894
2019-08-16 08:30:00+00:00,0.1823405402402813
2019-08-16 09:00:00+00:00,0.5881271320770548
2019-08-16 09:30:00+00:00,0.9317207224931799
2019-08-16 10:00:00+00:00,0.25489191567041
2019-08-16 10:30:00+00:00,0.26111922867281406
2019-08-16 11:00:00+00:00,-0.5243648195157797
2019-08-16 11:30:00+00:00,-0.06918432068356864
2019-08-16 12:00:00+00:00,0.3605412921723351
2019-08-16 12:30:00+00:00,-0.42629131459557773
2019-08-16 13:00:00+00:00,-0.737155590948053
2019-08-16 13:30:00+00:00,-0.6905743052918141
2019-08-16 14:00:00+00:00,-0.764092535245507
2019-08-16 14:30:00+00:00,-0.5911519578051624
2019-08-16 15:00:00+00:00,-0.022152778519488305
2019-08-16 15:30:00+00:00,1.715161008493844
2019-08-16 16:00:00+00:00,1.7497665692939457
2019-08-16 16:30:00+00:00,1.7514354400033523
2019-08-16 17:00:00+00:00,1.6898298549593207
2019-08-16 17:30:00+00:00,1.745932956826416
2019-08-16 18:00:00+00:00,1.6559007748688523
2019-08-16 18:30:00+00:00,0.7907614689838571
2019-08-16 19:00:00+00:00,-0.9381437250850655
2019-08-16 19:30:00+00:00,-0.5999357413886075
2019-08-16 20:00:00+00:00,-0.2282566842172878
2019-08-16 20:30:00+00:00,0.23720453251668508
2019-08-16 21:00:00+00:00,1.1706743177837537
2019-08-16 21:30:00+00:00,0.6323000470151993
2019-08-16 22:00:00+00:00,1.6483452772973173
2019-08-16 22:30:00+00:00,1.3475755670920597
2019-08-16 23:00:00+00:00,1.333677048684876
2019-08-16 23:30:00+00:00,0.5383096028785923
2019-08-17 00:00:00+00:00,0.48763625595741356
2019-08-17 00:30:00+00:00,0.3448161117628238
2019-08-17 01:00:00+00:00,0.5197280210994089
2019-08-17 01:30:00+00:00,0.06945623576528584
2019-08-17 02:00:00+00:00,0.09451901355238329
2019-08-17 02:30:00+00:00,0.3575711305308247
2019-08-17 03:00:00+00:00,0.6761314741639268
2019-08-17 03:30:00+00:00,0.5670803923862558
2019-08-17 04:00:00+00:00,1.1877011182768895
2019-08-17 04:30:00+00:00,1.4024083108864756
2019-08-17 05:00:00+00:00,1.24855712663024
2019-08-17 05:30:00+00:00,0.8434947282732811
2019-08-17 06:00:00+00:00,0.81253176132341
2019-08-17 06:30:00+00:00,0.44966836178251274
2019-08-17 07:00:00+00:00,-0.17767677446826083
2019-08-17 07:30:00+00:00,-0.1164817222636206
2019-08-17 08:00:00+00:00,0.10378587643189885
2019-08-17 08:30:00+00:00,-0.17031623886097977
2019-08-17 09:00:00+00:00,-0.7218516687312942
2019-08-17 09:30:00+00:00,-0.6767155132669868
2019-08-17 10:00:00+00:00,-0.5317710015905213
2019-08-17 10:30:00+00:00,-0.7144097139520715
2019-08-17 11:00:00+00:00,-0.24441408021861563
2019-08-17 11:30:00+00:00,-0.6636203554908253
2019-08-17 12:00:00+00:00,-1.1059597109712216
2019-08-17 12:30:00+00:00,-0.5499261856150606
2019-08-17 13:00:00+00:00,0.20662155365126408
2019-08-17 13:30:00+00:00,0.6257838292188945
2019-08-17 14:00:00+00:00,-0.6698319104219874
2019-08-17 14:30:00+00:00,-1.1041624685408462
2019-08-17 15:00:00+00:00,-0.7960638656432242
2019-08-17 15:30:00+00:00,-0.7193058504264701
2019-08-17 16:00:00+00:00,-0.3430867124292599
2019-08-17 16:30:00+00:00,0.024237334555769853
2019-08-17 17:00:00+00:00,0.5943410317879038
2019-08-17 17:30:00+00:00,0.3941271202089981
2019-08-17 18:00:00+00:00,1.0662072350985716
2019-08-17 18:30:00+00:00,1.3915464217008022
2019-08-17 19:00:00+00:00,0.5169128004393642
2019-08-17 19:30:00+00:00,0.8353936847234367
2019-08-17 20:00:00+00:00,0.8297095643271482
2019-08-17 20:30:00+00:00,0.4803197360638334
2019-08-17 21:00:00+00:00,0.2256390656929544
2019-08-17 21:30:00+00:00,0.08535361697576921
2019-08-17 22:00:00+00:00,1.0666325137914978
2019-08-17 22:30:00+00:00,0.8338938388873898
2019-08-17 23:00:00+00:00,-0.6391082124735583
2019-08-17 23:30:00+00:00,-0.25336660218930457
2019-08-18 00:00:00+00:00,-0.0551526364954563
2019-08-18 00:30:00+00:00,-0.1982391737042931
2019-08-18 01:00:00+00:00,-0.002142866658541716
2019-08-18 01:30:00+00:00,-0.11136075381175921
2019-08-18 02:00:00+00:00,-0.34361408452012077
2019-08-18 02:30:00+00:00,-0.23977323407763082
2019-08-18 03:00:00+00:00,-0.03189731336106916
2019-08-18 03:30:00+00:00,0.04392267964954774
2019-08-18 04:00:00+00:00,0.26630408029569247
2019-08-18 04:30:00+00:00,-0.02626619312008314
2019-08-18 05:00:00+00:00,-0.043818605429024965
2019-08-18 05:30:00+00:00,-0.3313548129101607
2019-08-18 06:00:00+00:00,-0.4948610207685323
2019-08-18 06:30:00+00:00,-0.21284633249592028
2019-08-18 07:00:00+00:00,-0.3263562087080649
2019-08-18 07:30:00+00:00,-0.6525223032282059
2019-08-18 08:00:00+00:00,-0.6931921075744348
2019-08-18 08:30:00+00:00,-0.8216800598811568
2019-08-18 09:00:00+00:00,-0.8912386647531865
2019-08-18 09:30:00+00:00,-1.0906741163271683
2019-08-18 10:00:00+00:00,-1.0046158371972276
2019-08-18 10:30:00+00:00,-0.914128494549478
2019-08-18 11:00:00+00:00,-0.9751499011910604
2019-08-18 11:30:00+00:00,-1.0270206158172666
2019-08-18 12:00:00+00:00,-0.9118486896041187
2019-08-18 12:30:00+00:00,-0.9389005322423252
2019-08-18 13:00:00+00:00,-0.8812140918879425
2019-08-18 13:30:00+00:00,-0.6190795919093645
2019-08-18 14:00:00+00:00,-0.6388900741982041
2019-08-18 14:30:00+00:00,-0.5756903980606347
2019-08-18 15:00:00+00:00,-0.41037493233131955
2019-08-18 15:30:00+00:00,-0.2683540525807771
2019-08-18 16:00:00+00:00,-0.49663431899642824
2019-08-18 16:30:00+00:00,-0.5638926035227186
2019-08-18 17:00:00+00:00,-0.5090996994689061
2019-08-18 17:30:00+00:00,-0.6893976154488446
2019-08-18 18:00:00+00:00,-0.664694287193692
2019-08-18 18:30:00+00:00,-0.2605725270040542
2019-08-18 19:00:00+00:00,0.48985076542547945
2019-08-18 19:30:00+00:00,0.7370533955005508
2019-08-18 20:00:00+00:00,0.9154533184861696
2019-08-18 20:30:00+00:00,0.9345931062187366
2019-08-18 21:00:00+00:00,0.8777555285359012
2019-08-18 21:30:00+00:00,0.4280618345720359
2019-08-18 22:00:00+00:00,0.15752870897439172
2019-08-18 22:30:00+00:00,-0.192698102386523
2019-08-18 23:00:00+00:00,-0.4651286225611144
2019-08-18 23:30:00+00:00,-0.4947596743422938
2019-08-19 00:00:00+00:00,-0.650678416705382
2019-08-19 00:30:00+00:00,-0.7418653427493178
2019-08-19 01:00:00+00:00,-0.7528101622535911
2019-08-19 01:30:00+00:00,-0.798823827858043
2019-08-19 02:00:00+00:00,-0.6276928110713327
2019-08-19 02:30:00+00:00,-0.5593298884568569
2019-08-19 03:00:00+00:00,-0.5370938190631577
2019-08-19 03:30:00+00:00,-0.24735053750915453
2019-08-19 04:00:00+00:00,-0.0644354753250789
2019-08-19 04:30:00+00:00,-0.052616422216253816
2019-08-19 05:00:00+00:00,-0.13518905996038666
2019-08-19 05:30:00+00:00,-0.06710093946400715
2019-08-19 06:00:00+00:00,0.06856716642094912
2019-08-19 06:30:00+00:00,-0.2358643833540129
2019-08-19 07:00:00+00:00,-0.3735580180327846
2019-08-19 07:30:00+00:00,-0.23754083149239455
2019-08-19 08:00:00+00:00,-0.1097663904034602
2019-08-19 08:30:00+00:00,-0.14849582089230468
2019-08-19 09:00:00+00:00,-0.10520531447003272
2019-08-19 09:30:00+00:00,-0.6465942192578846
2019-08-19 10:00:00+00:00,-0.5702606501045996
2019-08-19 10:30:00+00:00,-0.7954485324134398
2019-08-19 11:00:00+00:00,-0.8241226155296462
2019-08-19 11:30:00+00:00,-0.6962900218978859
2019-08-19 12:00:00+00:00,-1.0483743391012312
2019-08-19 12:30:00+00:00,-1.0224652901896623
2019-08-19 13:00:00+00:00,-0.996556241278093
2019-08-19 13:30:00+00:00,-0.9706471923665236
2019-08-19 14:00:00+00:00,-0.22592324282176945
2019-08-19 14:30:00+00:00,0.0003476489323185218
2019-08-19 15:00:00+00:00,-0.8245475485540077
2019-08-19 15:30:00+00:00,-0.41908474320956546
2019-08-19 16:00:00+00:00,-0.6325411889286435
2019-08-19 16:30:00+00:00,-0.48306749563912144
2019-08-19 17:00:00+00:00,-0.7144641476885844
2019-08-19 17:30:00+00:00,0.5699726190122089
2019-08-19 18:00:00+00:00,-0.5346369089194499
2019-08-19 18:30:00+00:00,-0.09689931241199831
2019-08-19 19:00:00+00:00,0.34083828409545314
2019-08-19 19:30:00+00:00,0.01176026406080241
2019-08-19 20:00:00+00:00,-0.3162950578488743
2019-08-19 20:30:00+00:00,1.0656377414811171
2019-08-19 21:00:00+00:00,0.9862623192978868
2019-08-19 21:30:00+00:00,0.1621729144492572
2019-08-19 22:00:00+00:00,1.2885015393156465
2019-08-19 22:30:00+00:00,0.054280955678329176
2019-08-19 23:00:00+00:00,-0.35693815903616427
2019-08-19 23:30:00+00:00,-0.7043746390431962
2019-08-20 00:00:00+00:00,-0.17970501777593278
2019-08-20 00:30:00+00:00,-0.5457611473833485
2019-08-20 01:00:00+00:00,-0.6837271260827377
2019-08-20 01:30:00+00:00,-0.794488720170142
2019-08-20 02:00:00+00:00,-0.736797288211533
2019-08-20 02:30:00+00:00,-0.15021339152699137
2019-08-20 03:00:00+00:00,-0.10367694337206798
2019-08-20 03:30:00+00:00,0.20777684355298423
2019-08-20 04:00:00+00:00,1.0231443047107622
2019-08-20 04:30:00+00:00,1.1130987082251425
2019-08-20 05:00:00+00:00,1.4450235998058207
2019-08-20 05:30:00+00:00,1.507903807901269
2019-08-20 06:00:00+00:00,1.7352607057621248
2019-08-20 06:30:00+00:00,1.6814061783429968
2019-08-20 07:00:00+00:00,1.5672956758269279
2019-08-20 07:30:00+00:00,1.3601953200942911
2019-08-20 08:00:00+00:00,0.9239016121795467
2019-08-20 08:30:00+00:00,0.35348768563505195
2019-08-20 09:00:00+00:00,-0.06622913588011924
2019-08-20 09:30:00+00:00,-0.4809855482293344
2019-08-20 10:00:00+00:00,-0.41838757391969633
2019-08-20 10:30:00+00:00,-0.39736203512403984
2019-08-20 11:00:00+00:00,-0.5843951364447507
2019-08-20 11:30:00+00:00,-0.7437455427754772
2019-08-20 12:00:00+00:00,-0.9573632797535573
2019-08-20 12:30:00+00:00,-1.0363275132984755
2019-08-20 13:00:00+00:00,-1.022817029971562
2019-08-20 13:30:00+00:00,-1.0247352188884327
2019-08-20 14:00:00+00:00,-1.0692309273701475
2019-08-20 14:30:00+00:00,-1.0848652066978786
2019-08-20 15:00:00+00:00,-1.1018777962656907
2019-08-20 15:30:00+00:00,-1.1013570152458494
2019-08-20 16:00:00+00:00,-1.1018175186100316
2019-08-20 16:30:00+00:00,-1.007537539908046
2019-08-20 17:00:00+00:00,-0.7027476218248425
2019-08-20 17:30:00+00:00,1.1159936811056537
2019-08-20 18:00:00+00:00,0.6489690883675666
2019-08-20 18:30:00+00:00,0.41126123244906077
2019-08-20 19:00:00+00:00,-0.330949648151674
2019-08-20 19:30:00+00:00,-0.21062123496371554
2019-08-20 20:00:00+00:00,-0.19843028190269565
2019-08-20 20:30:00+00:00,0.931154042655176
2019-08-20 21:00:00+00:00,1.6818574129581993
2019-08-20 21:30:00+00:00,1.723951918177124
2019-08-20 22:00:00+00:00,1.723254856932158
2019-08-20 22:30:00+00:00,1.0920536736717255
2019-08-20 23:00:00+00:00,1.3394562182820666
2019-08-20 23:30:00+00:00,1.3739520431465266
2019-08-21 00:00:00+00:00,1.6972256269253443
2019-08-21 00:30:00+00:00,1.7159728679695485
2019-08-21 01:00:00+00:00,1.576161239094084
2019-08-21 01:30:00+00:00,1.008749253250397
2019-08-21 02:00:00+00:00,0.6415586305967278
2019-08-21 02:30:00+00:00,0.6560996629590657
2019-08-21 03:00:00+00:00,0.057863228656386836
2019-08-21 03:30:00+00:00,0.05580396053584467
2019-08-21 04:00:00+00:00,0.44201212097293324
2019-08-21 04:30:00+00:00,0.11373895066454989
2019-08-21 05:00:00+00:00,0.09404716858171544
2019-08-21 05:30:00+00:00,-0.03413403412135679
2019-08-21 06:00:00+00:00,0.9577700375134958
2019-08-21 06:30:00+00:00,0.9757363063387269
2019-08-21 07:00:00+00:00,0.5593851179793808
2019-08-21 07:30:00+00:00,-0.06073328225981958
2019-08-21 08:00:00+00:00,0.05187855117874897
2019-08-21 08:30:00+00:00,0.10404829339955966
2019-08-21 09:00:00+00:00,0.008835308782510588
2019-08-21 09:30:00+00:00,-0.1679299056915572
2019-08-21 10:00:00+00:00,0.14942007003907282
2019-08-21 10:30:00+00:00,-0.05960963570788472
2019-08-21 11:00:00+00:00,-0.11924492789806376
2019-08-21 11:30:00+00:00,0.038604520192414365
2019-08-21 12:00:00+00:00,-0.12866124975954069
2019-08-21 12:30:00+00:00,-0.5275493225373961
2019-08-21 13:00:00+00:00,-0.7598246353058167
2019-08-21 13:30:00+00:00,-0.8344031240987189
2019-08-21 14:00:00+00:00,-0.9348712228910598
2019-08-21 14:30:00+00:00,-1.0743759052214414
2019-08-21 15:00:00+00:00,-0.656998520340393
2019-08-21 15:30:00+00:00,-0.2396211354593445
2019-08-21 16:00:00+00:00,0.3495315637362415
2019-08-21 16:30:00+00:00,1.697853256020501
2019-08-21 17:00:00+00:00,1.5603527889766253
2019-08-21 17:30:00+00:00,0.7773767137789653
2019-08-21 18:00:00+00:00,-0.0055993614186949
2019-08-21 18:30:00+00:00,0.061781646217900825
2019-08-21 19:00:00+00:00,1.69271777686975
2019-08-21 19:30:00+00:00,1.4486272527352588
2019-08-21 20:00:00+00:00,0.37590126902768184
2019-08-21 20:30:00+00:00,0.7367794093463789
2019-08-21 21:00:00+00:00,-0.1803845920546071
2019-08-21 21:30:00+00:00,-0.49078723959171505
2019-08-21 22:00:00+00:00,-0.5455077543209215
2019-08-21 22:30:00+00:00,-0.7705698250776182
2019-08-21 23:00:00+00:00,-0.7368169860105118
2019-08-21 23:30:00+00:00,-0.8074652177741165
2019-08-22 00:00:00+00:00,-0.8253509150494942
2019-08-22 00:30:00+00:00,-0.6616918775545341
2019-08-22 01:00:00+00:00,-0.7771013305702057
2019-08-22 01:30:00+00:00,-0.8349108169676793
2019-08-22 02:00:00+00:00,-0.6913311078174971
2019-08-22 02:30:00+00:00,-0.5521123700831317
2019-08-22 03:00:00+00:00,-0.3060296843397444
2019-08-22 03:30:00+00:00,-0.26701246249002414
2019-08-22 04:00:00+00:00,0.18311336255998178
2019-08-22 04:30:00+00:00,0.07017830750902349
2019-08-22 05:00:00+00:00,0.6243676230785523
2019-08-22 05:30:00+00:00,0.36250916449031395
2019-08-22 06:00:00+00:00,0.8387283601224669
2019-08-22 06:30:00+00:00,0.7324684455588054
2019-08-22 07:00:00+00:00,-0.03328016317616943
2019-08-22 07:30:00+00:00,0.1643910177257781
2019-08-22 08:00:00+00:00,1.0608873070332294
2019-08-22 08:30:00+00:00,0.5269381661566566
2019-08-22 09:00:00+00:00,-0.7107376110954331
2019-08-22 09:30:00+00:00,-1.0012986342698378
2019-08-22 10:00:00+00:00,-0.9227460191204043
2019-08-22 10:30:00+00:00,-0.9233397848772714
2019-08-22 11:00:00+00:00,-1.096136882576166
2019-08-22 11:30:00+00:00,-1.1020677577380158
2019-08-22 12:00:00+00:00,-1.10182153755163
2019-08-22 12:30:00+00:00,-1.1020702857263143
2019-08-22 13:00:00+00:00,-1.1017088817100937
2019-08-22 13:30:00+00:00,-1.1025749702401568
2019-08-22 14:00:00+00:00,-0.9913428856172364
2019-08-22 14:30:00+00:00,0.44562084126578966
2019-08-22 15:00:00+00:00,1.1289581455861901
2019-08-22 15:30:00+00:00,1.3122471210967475
2019-08-22 16:00:00+00:00,0.6074425059154003
2019-08-22 16:30:00+00:00,-0.173171329742627
2019-08-22 17:00:00+00:00,-0.7112950125027746
2019-08-22 17:30:00+00:00,-0.5386025158141895
2019-08-22 18:00:00+00:00,-0.23657214788799935
2019-08-22 18:30:00+00:00,-0.18194339134106216
2019-08-22 19:00:00+00:00,-0.15458998776072702
2019-08-22 19:30:00+00:00,0.6124272207363759
2019-08-22 20:00:00+00:00,0.734378890419397
2019-08-22 20:30:00+00:00,0.899741904152534
2019-08-22 21:00:00+00:00,0.8938835583329432
2019-08-22 21:30:00+00:00,1.3213982166633316
2019-08-22 22:00:00+00:00,1.752908619121144
2019-08-22 22:30:00+00:00,1.7319996719428006
2019-08-22 23:00:00+00:00,1.3219618225994991
2019-08-22 23:30:00+00:00,1.6844261401813394
2019-08-23 00:00:00+00:00,1.747257420637389
2019-08-23 00:30:00+00:00,1.7512512283357815
2019-08-23 01:00:00+00:00,1.7521069338839046
2019-08-23 01:30:00+00:00,1.747863938906486
2019-08-23 02:00:00+00:00,1.449484654779237
2019-08-23 02:30:00+00:00,1.5517585655912214
2019-08-23 03:00:00+00:00,1.4755637292307024
2019-08-23 03:30:00+00:00,1.669106617760954
2019-08-23 04:00:00+00:00,1.746442286743866
2019-08-23 04:30:00+00:00,1.7160125950316039
2019-08-23 05:00:00+00:00,1.6432521259616262
2019-08-23 05:30:00+00:00,1.5544295662181589
2019-08-23 06:00:00+00:00,1.4733900822108867
2019-08-23 06:30:00+00:00,0.916018843646229
2019-08-23 07:00:00+00:00,1.0797008981317797
2019-08-23 07:30:00+00:00,1.3326051833148111
2019-08-23 08:00:00+00:00,1.4074495416289379
2019-08-23 08:30:00+00:00,1.5129408453766837
2019-08-23 09:00:00+00:00,0.44345474652433126
2019-08-23 09:30:00+00:00,0.7554929792947047
2019-08-23 10:00:00+00:00,0.7865278614484783
2019-08-23 10:30:00+00:00,0.35322296815521975
2019-08-23 11:00:00+00:00,0.0552464232588319
2019-08-23 11:30:00+00:00,0.3793290095881874
2019-08-23 12:00:00+00:00,-0.19421785008172646
2019-08-23 12:30:00+00:00,-0.6022507732576943
2019-08-23 13:00:00+00:00,-0.33379318301323074
2019-08-23 13:30:00+00:00,0.8769032013677126
2019-08-23 14:00:00+00:00,0.039885998527828474
2019-08-23 14:30:00+00:00,0.20264573726487267
2019-08-23 15:00:00+00:00,-0.3219321975247731
2019-08-23 15:30:00+00:00,0.12076547690285538
2019-08-23 16:00:00+00:00,1.7319476442834092
2019-08-23 16:30:00+00:00,1.7431195874076935
2019-08-23 17:00:00+00:00,1.7486847751948031
2019-08-23 17:30:00+00:00,1.7493723684390992
2019-08-23 18:00:00+00:00,1.653172038709716
2019-08-23 18:30:00+00:00,1.7499441990107572
2019-08-23 19:00:00+00:00,1.7437341002961408
2019-08-23 19:30:00+00:00,1.7489392126853074
2019-08-23 20:00:00+00:00,1.741198841548802
2019-08-23 20:30:00+00:00,1.7089692146668134
2019-08-23 21:00:00+00:00,1.6767395877848248
2019-08-23 21:30:00+00:00,1.6767395877848248
2019-08-23 22:00:00+00:00,1.6767395877848248
2019-08-23 22:30:00+00:00,1.6767395877848248
2019-08-23 23:00:00+00:00,1.6767395877848248
2019-08-23 23:30:00+00:00,1.6767395877848248
2019-08-24 00:00:00+00:00,1.4833618264928938
2019-08-24 00:30:00+00:00,1.5577834573304845
2019-08-24 01:00:00+00:00,1.7536358027081356
2019-08-24 01:30:00+00:00,1.7257175667753137
2019-08-24 02:00:00+00:00,1.7307215744462412
2019-08-24 02:30:00+00:00,1.7524208278857356
2019-08-24 03:00:00+00:00,1.7511023597716093
2019-08-24 03:30:00+00:00,1.7511457340497563
2019-08-24 04:00:00+00:00,1.7338300930329202
2019-08-24 04:30:00+00:00,1.4323246845168656
2019-08-24 05:00:00+00:00,1.292154854663251
2019-08-24 05:30:00+00:00,1.4442921419210308
2019-08-24 06:00:00+00:00,1.2238915787060802
2019-08-24 06:30:00+00:00,1.5596484248217484
2019-08-24 07:00:00+00:00,1.2984880568723245
2019-08-24 07:30:00+00:00,1.1693151623507876
2019-08-24 08:00:00+00:00,0.879295923407382
2019-08-24 08:30:00+00:00,0.794554868802977
2019-08-24 09:00:00+00:00,1.3380074426599233
2019-08-24 09:30:00+00:00,-0.46965803277932827
2019-08-24 10:00:00+00:00,-0.8010941561725825
2019-08-24 10:30:00+00:00,0.6619055165580261
2019-08-24 11:00:00+00:00,-0.2779699979873897
2019-08-24 11:30:00+00:00,-0.6498316368838564
2019-08-24 12:00:00+00:00,-0.40428291075993744
2019-08-24 12:30:00+00:00,1.6092598581509185
2019-08-24 13:00:00+00:00,1.7497664041063785
2019-08-24 13:30:00+00:00,1.3222012528913856
2019-08-24 14:00:00+00:00,0.3373808692640872
2019-08-24 14:30:00+00:00,-0.06854513300979273
2019-08-24 15:00:00+00:00,0.40626124461755675
2019-08-24 15:30:00+00:00,1.0177320509592205
2019-08-24 16:00:00+00:00,0.6956078786410761
2019-08-24 16:30:00+00:00,0.7136949562986549
2019-08-24 17:00:00+00:00,1.1762036900703543
2019-08-24 17:30:00+00:00,1.7408847064190087
2019-08-24 18:00:00+00:00,1.752069198619825
2019-08-24 18:30:00+00:00,1.7488940746886932
2019-08-24 19:00:00+00:00,1.748071609816682
2019-08-24 19:30:00+00:00,1.709264276741208
2019-08-24 20:00:00+00:00,1.5553686545035519
2019-08-24 20:30:00+00:00,1.3203707517158876
2019-08-24 21:00:00+00:00,1.6823655704086595
2019-08-24 21:30:00+00:00,1.6947450032179847
2019-08-24 22:00:00+00:00,1.6066462724087605
2019-08-24 22:30:00+00:00,1.1551648945136563
2019-08-24 23:00:00+00:00,1.234005412376904
2019-08-24 23:30:00+00:00,1.7444737779666661
2019-08-25 00:00:00+00:00,1.0864733577667833
2019-08-25 00:30:00+00:00,0.9866074111129153
2019-08-25 01:00:00+00:00,0.7944647724300485
2019-08-25 01:30:00+00:00,0.5799895264695809
2019-08-25 02:00:00+00:00,0.5579397847284603
2019-08-25 02:30:00+00:00,1.404057954753337
2019-08-25 03:00:00+00:00,1.6196787619626418
2019-08-25 03:30:00+00:00,1.5175381498414058
2019-08-25 04:00:00+00:00,1.4396582356397538
2019-08-25 04:30:00+00:00,1.0074937437334825
2019-08-25 05:00:00+00:00,0.8676989692486543
2019-08-25 05:30:00+00:00,0.7154962562280065
2019-08-25 06:00:00+00:00,1.4594310849109002
2019-08-25 06:30:00+00:00,1.681771746686369
2019-08-25 07:00:00+00:00,1.5953260637554325
2019-08-25 07:30:00+00:00,1.6336416952612631
2019-08-25 08:00:00+00:00,1.5330232378322026
2019-08-25 08:30:00+00:00,1.2300991372027563
2019-08-25 09:00:00+00:00,1.2113361183870788
2019-08-25 09:30:00+00:00,1.3370430035893721
2019-08-25 10:00:00+00:00,1.2610207287680049
2019-08-25 10:30:00+00:00,1.1841133434516267
2019-08-25 11:00:00+00:00,1.3308158337495246
2019-08-25 11:30:00+00:00,1.5940924701140693
2019-08-25 12:00:00+00:00,1.6938852812907392
2019-08-25 12:30:00+00:00,1.7332479372531864
2019-08-25 13:00:00+00:00,1.3538470415219528
2019-08-25 13:30:00+00:00,0.8775633917976149
2019-08-25 14:00:00+00:00,0.7019190349895433
2019-08-25 14:30:00+00:00,0.7968606674817408
2019-08-25 15:00:00+00:00,1.1006514745420646
2019-08-25 15:30:00+00:00,1.7507031002005005
2019-08-25 16:00:00+00:00,1.7519884576905929
2019-08-25 16:30:00+00:00,1.752614682063531
2019-08-25 17:00:00+00:00,1.4434728698671948
2019-08-25 17:30:00+00:00,1.244145716529273
2019-08-25 18:00:00+00:00,1.7190252563720874
2019-08-25 18:30:00+00:00,1.5421118732722872
2019-08-25 19:00:00+00:00,1.7537794165636582
2019-08-25 19:30:00+00:00,1.7545174464730835
2019-08-25 20:00:00+00:00,1.7552554763825086
2019-08-25 20:30:00+00:00,1.7258540117049932
2019-08-25 21:00:00+00:00,1.5434860190792115
2019-08-25 21:30:00+00:00,1.5990416082876613
2019-08-25 22:00:00+00:00,0.9573131045625961
2019-08-25 22:30:00+00:00,0.583438167042759
2019-08-25 23:00:00+00:00,0.5470723757048679
2019-08-25 23:30:00+00:00,0.5923299139157192
2019-08-26 00:00:00+00:00,0.2759331551771501
2019-08-26 00:30:00+00:00,-0.12705962963986533
2019-08-26 01:00:00+00:00,0.4779286331034368
2019-08-26 01:30:00+00:00,-0.3506119124472385
2019-08-26 02:00:00+00:00,-0.6076342257579432
2019-08-26 02:30:00+00:00,-0.31254724957030244
2019-08-26 03:00:00+00:00,0.23271563880819066
2019-08-26 03:30:00+00:00,1.4431376402087233
2019-08-26 04:00:00+00:00,0.9734841878832982
2019-08-26 04:30:00+00:00,1.371852717316494
2019-08-26 05:00:00+00:00,1.4704627323882284
2019-08-26 05:30:00+00:00,1.3992293633380177
2019-08-26 06:00:00+00:00,1.5114543566072391
2019-08-26 06:30:00+00:00,0.8423183127126738
2019-08-26 07:00:00+00:00,1.5280820284862966
2019-08-26 07:30:00+00:00,1.2551798533554606
2019-08-26 08:00:00+00:00,1.3333828644963597
2019-08-26 08:30:00+00:00,1.5056922948132934
2019-08-26 09:00:00+00:00,1.5131342175931886
2019-08-26 09:30:00+00:00,1.4798206840563888
2019-08-26 10:00:00+00:00,1.5383897915950777
2019-08-26 10:30:00+00:00,1.4894833549380109
2019-08-26 11:00:00+00:00,1.6688384114565795
2019-08-26 11:30:00+00:00,1.560334966371873
2019-08-26 12:00:00+00:00,1.448956101439686
2019-08-26 12:30:00+00:00,1.3032349730684485
2019-08-26 13:00:00+00:00,1.5091284814716401
2019-08-26 13:30:00+00:00,0.5685173077440084
2019-08-26 14:00:00+00:00,0.3331875304102934
2019-08-26 14:30:00+00:00,1.3643527816840997
2019-08-26 15:00:00+00:00,1.6522730249764677
2019-08-26 15:30:00+00:00,1.0806587648608055
2019-08-26 16:00:00+00:00,-0.3443494560509479
2019-08-26 16:30:00+00:00,-0.6589218531486637
2019-08-26 17:00:00+00:00,-0.5914612110917487
2019-08-26 17:30:00+00:00,0.5155763698642502
2019-08-26 18:00:00+00:00,0.45253148897163503
2019-08-26 18:30:00+00:00,0.41484908000690934
2019-08-26 19:00:00+00:00,0.4108348764578905
2019-08-26 19:30:00+00:00,-0.07817440776337554
2019-08-26 20:00:00+00:00,-0.4086177947471653
2019-08-26 20:30:00+00:00,-0.3457936029484354
2019-08-26 21:00:00+00:00,-0.2900624075798566
2019-08-26 21:30:00+00:00,-0.5148388679486432
2019-08-26 22:00:00+00:00,-0.5405113169208399
2019-08-26 22:30:00+00:00,-0.4642346016723002
2019-08-26 23:00:00+00:00,-0.7556986959086405
2019-08-26 23:30:00+00:00,-0.8335131247102044
2019-08-27 00:00:00+00:00,-0.3738326631323944
2019-08-27 00:30:00+00:00,-0.07753384112973434
2019-08-27 01:00:00+00:00,-0.33939206074662737
2019-08-27 01:30:00+00:00,-0.7626991055246987
2019-08-27 02:00:00+00:00,-0.6606910011353184
2019-08-27 02:30:00+00:00,-0.23849934060463163
2019-08-27 03:00:00+00:00,0.5899708959397766
2019-08-27 03:30:00+00:00,0.029246720828938574
2019-08-27 04:00:00+00:00,0.6343880836516456
2019-08-27 04:30:00+00:00,0.298782297537006
2019-08-27 05:00:00+00:00,0.3595256250725746
2019-08-27 05:30:00+00:00,0.2824397334530296
2019-08-27 06:00:00+00:00,0.4558822077091915
2019-08-27 06:30:00+00:00,0.532068589848734
2019-08-27 07:00:00+00:00,0.005604233898213758
2019-08-27 07:30:00+00:00,0.7287929148390012
2019-08-27 08:00:00+00:00,0.4336941001134812
2019-08-27 08:30:00+00:00,0.15390754616293675
2019-08-27 09:00:00+00:00,-0.06253497145222213
2019-08-27 09:30:00+00:00,0.651152747843031
2019-08-27 10:00:00+00:00,1.0102633644417391
2019-08-27 10:30:00+00:00,0.3631245682903683
2019-08-27 11:00:00+00:00,0.22782743973492167
2019-08-27 11:30:00+00:00,-0.11410337481177295
2019-08-27 12:00:00+00:00,0.32843178241154714
2019-08-27 12:30:00+00:00,-0.13717202904535314
2019-08-27 13:00:00+00:00,0.03565336062726873
2019-08-27 13:30:00+00:00,0.24931457931875284
2019-08-27 14:00:00+00:00,0.948094278270162
2019-08-27 14:30:00+00:00,1.4653274725767567
2019-08-27 15:00:00+00:00,1.4303714320938428
2019-08-27 15:30:00+00:00,1.7485319326460536
2019-08-27 16:00:00+00:00,1.4855316133546008
2019-08-27 16:30:00+00:00,1.6322074493233107
2019-08-27 17:00:00+00:00,1.7515679259376948
2019-08-27 17:30:00+00:00,1.7569852937739245
2019-08-27 18:00:00+00:00,1.728956581092064
2019-08-27 18:30:00+00:00,1.7289039936303654
2019-08-27 19:00:00+00:00,1.7365913867436453
2019-08-27 19:30:00+00:00,1.7572487180798375
2019-08-27 20:00:00+00:00,1.7525508635378464
2019-08-27 20:30:00+00:00,1.7570018797572053
2019-08-27 21:00:00+00:00,1.7541639586655278
2019-08-27 21:30:00+00:00,1.7518307255898844
2019-08-27 22:00:00+00:00,1.7456944012026923
2019-08-27 22:30:00+00:00,1.7502683045012601
2019-08-27 23:00:00+00:00,1.746054270880934
2019-08-27 23:30:00+00:00,1.7495688537047864
2019-08-28 00:00:00+00:00,1.1293936574423578
2019-08-28 00:30:00+00:00,0.637153929748154
2019-08-28 01:00:00+00:00,0.5805593202619043
2019-08-28 01:30:00+00:00,-0.040015172179214555
2019-08-28 02:00:00+00:00,-0.48828160010406874
2019-08-28 02:30:00+00:00,-0.8349362350943028
2019-08-28 03:00:00+00:00,-0.9261550805214588
2019-08-28 03:30:00+00:00,-0.7087261927648806
2019-08-28 04:00:00+00:00,-0.6082314096695365
2019-08-28 04:30:00+00:00,0.3555987617493333
2019-08-28 05:00:00+00:00,0.08223370909861319
2019-08-28 05:30:00+00:00,-0.14666342302705293
2019-08-28 06:00:00+00:00,-0.4220302553224044
2019-08-28 06:30:00+00:00,-0.4288717838616279
2019-08-28 07:00:00+00:00,-0.40990972138885995
2019-08-28 07:30:00+00:00,-0.5038734723594583
2019-08-28 08:00:00+00:00,0.0494947271649864
2019-08-28 08:30:00+00:00,-0.09314214142490711
2019-08-28 09:00:00+00:00,-0.45410750270574407
2019-08-28 09:30:00+00:00,-0.5604395462834281
2019-08-28 10:00:00+00:00,-0.4949850554316754
2019-08-28 10:30:00+00:00,-0.6642686673540589
2019-08-28 11:00:00+00:00,-0.7319679873094991
2019-08-28 11:30:00+00:00,-1.0730338512371993
2019-08-28 12:00:00+00:00,-1.1011757923150784
2019-08-28 12:30:00+00:00,-0.7510317870870699
2019-08-28 13:00:00+00:00,-0.40088778185906127
2019-08-28 13:30:00+00:00,-0.05074377663105258
2019-08-28 14:00:00+00:00,0.031247725918320104
2019-08-28 14:30:00+00:00,-0.9276331567545365
2019-08-28 15:00:00+00:00,-0.9685393216314733
2019-08-28 15:30:00+00:00,-0.9283404872840325
2019-08-28 16:00:00+00:00,-0.7087650780378052
2019-08-28 16:30:00+00:00,-0.40318684142663697
2019-08-28 17:00:00+00:00,-0.44524584997890604
2019-08-28 17:30:00+00:00,-0.1961556012117666
2019-08-28 18:00:00+00:00,0.600725551808689
2019-08-28 18:30:00+00:00,0.3933625308375969
2019-08-28 19:00:00+00:00,0.5177608734042203
2019-08-28 19:30:00+00:00,0.5675212798839641
2019-08-28 20:00:00+00:00,0.9449512861328262
2019-08-28 20:30:00+00:00,0.998564007556963
2019-08-28 21:00:00+00:00,1.550012901935415
2019-08-28 21:30:00+00:00,1.685071618855633
2019-08-28 22:00:00+00:00,1.0161668362735397
2019-08-28 22:30:00+00:00,-0.021477230752519946
2019-08-28 23:00:00+00:00,0.019893918389340404
2019-08-28 23:30:00+00:00,0.3157362924877985
2019-08-29 00:00:00+00:00,0.14251881054902252
2019-08-29 00:30:00+00:00,0.05049339872786697
2019-08-29 01:00:00+00:00,0.0733354912092315
2019-08-29 01:30:00+00:00,0.22752747288033848
2019-08-29 02:00:00+00:00,-0.0881834780162133
2019-08-29 02:30:00+00:00,0.6958061051132712
2019-08-29 03:00:00+00:00,0.6187011262683891
2019-08-29 03:30:00+00:00,1.3095501291184575
2019-08-29 04:00:00+00:00,1.4821910629212232
2019-08-29 04:30:00+00:00,1.549714025318769
2019-08-29 05:00:00+00:00,1.2906148484425812
2019-08-29 05:30:00+00:00,1.0722306399399764
2019-08-29 06:00:00+00:00,0.6124853293171628
2019-08-29 06:30:00+00:00,0.7781795578996514
2019-08-29 07:00:00+00:00,0.23594602586015578
2019-08-29 07:30:00+00:00,0.5211012538123962
2019-08-29 08:00:00+00:00,0.9598720105589879
2019-08-29 08:30:00+00:00,0.7979635177066732
2019-08-29 09:00:00+00:00,0.6391278881266964
2019-08-29 09:30:00+00:00,0.5574888930151135
2019-08-29 10:00:00+00:00,-0.007200140436752628
2019-08-29 10:30:00+00:00,-0.46684233456202967
2019-08-29 11:00:00+00:00,-0.18839947067670476
2019-08-29 11:30:00+00:00,-0.8764528512977383
2019-08-29 12:00:00+00:00,-1.0791672429045305
2019-08-29 12:30:00+00:00,-0.5359544837474562
2019-08-29 13:00:00+00:00,-0.1128151573742837
2019-08-29 13:30:00+00:00,0.19432791201503072
2019-08-29 14:00:00+00:00,0.20487249386145812
2019-08-29 14:30:00+00:00,0.4975566409472767
2019-08-29 15:00:00+00:00,0.3169729700119713
2019-08-29 15:30:00+00:00,0.34509196013149235
2019-08-29 16:00:00+00:00,1.5749026045471983
2019-08-29 16:30:00+00:00,1.72853682082628
2019-08-29 17:00:00+00:00,1.7450360076138476
2019-08-29 17:30:00+00:00,1.7496565880241766
2019-08-29 18:00:00+00:00,1.7500695893653775
2019-08-29 18:30:00+00:00,1.7481453469380077
2019-08-29 19:00:00+00:00,1.659576820423239
2019-08-29 19:30:00+00:00,1.396594619454673
2019-08-29 20:00:00+00:00,1.4303825040513847
2019-08-29 20:30:00+00:00,0.33364204069493386
2019-08-29 21:00:00+00:00,0.256393943828545
2019-08-29 21:30:00+00:00,0.9286484186802157
2019-08-29 22:00:00+00:00,0.9796562218059766
2019-08-29 22:30:00+00:00,1.1138854935745008
2019-08-29 23:00:00+00:00,1.5244124309883058
2019-08-29 23:30:00+00:00,1.654158820807548
2019-08-30 00:00:00+00:00,1.1856126111311924
2019-08-30 00:30:00+00:00,1.6825201289550251
2019-08-30 01:00:00+00:00,0.896208961242636
2019-08-30 01:30:00+00:00,0.5662328807113612
2019-08-30 02:00:00+00:00,1.6165537133009364
2019-08-30 02:30:00+00:00,1.608158209424028
2019-08-30 03:00:00+00:00,1.6658272176683429
2019-08-30 03:30:00+00:00,1.72969310839972
2019-08-30 04:00:00+00:00,1.7516444931277535
2019-08-30 04:30:00+00:00,1.75579966797102
2019-08-30 05:00:00+00:00,1.7333854331887548
2019-08-30 05:30:00+00:00,1.6991272291087547
2019-08-30 06:00:00+00:00,1.7470630352511578
2019-08-30 06:30:00+00:00,1.6241287779514941
2019-08-30 07:00:00+00:00,1.7257236952340196
2019-08-30 07:30:00+00:00,1.7304186039310792
2019-08-30 08:00:00+00:00,1.73550662324505
2019-08-30 08:30:00+00:00,1.7079598896434884
2019-08-30 09:00:00+00:00,1.5951025275358528
2019-08-30 09:30:00+00:00,1.7432463946790444
2019-08-30 10:00:00+00:00,1.696293183734847
2019-08-30 10:30:00+00:00,1.6828635134776657
2019-08-30 11:00:00+00:00,1.7552000894151198
2019-08-30 11:30:00+00:00,1.7477151517124867
2019-08-30 12:00:00+00:00,1.7545566954690928
2019-08-30 12:30:00+00:00,1.7484186112225153
2019-08-30 13:00:00+00:00,1.7465941638042342
2019-08-30 13:30:00+00:00,1.753648276121373
2019-08-30 14:00:00+00:00,1.7497072174014112
2019-08-30 14:30:00+00:00,1.7527017715566549
2019-08-30 15:00:00+00:00,1.6645883854253212
2019-08-30 15:30:00+00:00,1.6974039990606495
2019-08-30 16:00:00+00:00,1.7444569178224087
2019-08-30 16:30:00+00:00,1.6427227798472868
2019-08-30 17:00:00+00:00,1.684706969911477
2019-08-30 17:30:00+00:00,1.6969367698643714
2019-08-30 18:00:00+00:00,1.7521262654176932
2019-08-30 18:30:00+00:00,1.747022247687938
2019-08-30 19:00:00+00:00,1.746372406226479
2019-08-30 19:30:00+00:00,1.7507097422701756
2019-08-30 20:00:00+00:00,1.7531462435764382
2019-08-30 20:30:00+00:00,1.7471566718230565
2019-08-30 21:00:00+00:00,1.7540731359334072
2019-08-30 21:30:00+00:00,1.7475455618976499
2019-08-30 22:00:00+00:00,1.7481603071354501
2019-08-30 22:30:00+00:00,1.7579925451762122
2019-08-30 23:00:00+00:00,1.7520804065961912
2019-08-30 23:30:00+00:00,1.7462568373343323
2019-08-31 00:00:00+00:00,1.747345178367349
2019-08-31 00:30:00+00:00,1.7368529542189517
2019-08-31 01:00:00+00:00,1.741831476201541
2019-08-31 01:30:00+00:00,1.6092473453007454
2019-08-31 02:00:00+00:00,1.7029031045451613
2019-08-31 02:30:00+00:00,1.5293426128582668
2019-08-31 03:00:00+00:00,1.7176298559727912
2019-08-31 03:30:00+00:00,1.7432895015014547
2019-08-31 04:00:00+00:00,1.741017887155438
2019-08-31 04:30:00+00:00,1.7511386585156707
2019-08-31 05:00:00+00:00,1.6634589195711358
2019-08-31 05:30:00+00:00,1.746745420858252
2019-08-31 06:00:00+00:00,1.7327376336291558
2019-08-31 06:30:00+00:00,1.7400888437375752
2019-08-31 07:00:00+00:00,1.6275370621086465
2019-08-31 07:30:00+00:00,1.6595891489219297
2019-08-31 08:00:00+00:00,1.7051159695710052
2019-08-31 08:30:00+00:00,1.6440056058379278
2019-08-31 09:00:00+00:00,1.7367017415208554
2019-08-31 09:30:00+00:00,1.7361727255869828
2019-08-31 10:00:00+00:00,1.7461150509467092
2019-08-31 10:30:00+00:00,1.329722186665732
2019-08-31 11:00:00+00:00,0.9133293223847555
2019-08-31 11:30:00+00:00,1.4226411845961617
2019-08-31 12:00:00+00:00,1.5058301548556714
2019-08-31 12:30:00+00:00,1.5890191251151817
2019-08-31 13:00:00+00:00,1.7339934032730164
2019-08-31 13:30:00+00:00,1.641209194496091
2019-08-31 14:00:00+00:00,1.6346057910563205
2019-08-31 14:30:00+00:00,1.6280023876165501
2019-08-31 15:00:00+00:00,1.6280023876165501
2019-08-31 15:30:00+00:00,1.6147955807370094
2019-08-31 16:00:00+00:00,1.7419409735329205
2019-08-31 16:30:00+00:00,1.7014304095750599
2019-08-31 17:00:00+00:00,1.7167975758569718
2019-08-31 17:30:00+00:00,1.746790261023096
2019-08-31 18:00:00+00:00,1.7360595886228938
2019-08-31 18:30:00+00:00,1.4216796343384748
2019-08-31 19:00:00+00:00,1.1880912144960285
2019-08-31 19:30:00+00:00,1.0744842215770487
2019-08-31 20:00:00+00:00,1.1416056185991919
2019-08-31 20:30:00+00:00,0.45043318109468444
2019-08-31 21:00:00+00:00,0.4726379150105243
2019-08-31 21:30:00+00:00,0.0817450257815193
2019-08-31 22:00:00+00:00,-0.26550241719439255
2019-08-31 22:30:00+00:00,-0.24653681970369065
2019-08-31 23:00:00+00:00,-0.3412140424957602
2019-08-31 23:30:00+00:00,-0.09013918953147128
2019-09-01 00:00:00+00:00,-0.3387168660761788
2019-09-01 00:30:00+00:00,-0.3966680912437615
2019-09-01 01:00:00+00:00,-0.43724342753577045
2019-09-01 01:30:00+00:00,-0.6550572220708952
2019-09-01 02:00:00+00:00,-0.7605283701284559
2019-09-01 02:30:00+00:00,-0.8869423508148873
2019-09-01 03:00:00+00:00,-0.9552049009161181
2019-09-01 03:30:00+00:00,-0.8115627697155732
2019-09-01 04:00:00+00:00,-0.947783256233162
2019-09-01 04:30:00+00:00,-0.3409186088774376
2019-09-01 05:00:00+00:00,0.04622697461671956
2019-09-01 05:30:00+00:00,0.7651892146291628
2019-09-01 06:00:00+00:00,0.24510408379116572
2019-09-01 06:30:00+00:00,1.0382303709699543
2019-09-01 07:00:00+00:00,1.4085008711947264
2019-09-01 07:30:00+00:00,0.9697254747620336
2019-09-01 08:00:00+00:00,1.309073188405437
2019-09-01 08:30:00+00:00,0.6640509933162404
2019-09-01 09:00:00+00:00,0.8032282661306274
2019-09-01 09:30:00+00:00,1.1322376051837586
2019-09-01 10:00:00+00:00,0.8931603509246886
2019-09-01 10:30:00+00:00,-0.23681327139176972
2019-09-01 11:00:00+00:00,-0.4484272030978618
2019-09-01 11:30:00+00:00,-0.6694249731161235
2019-09-01 12:00:00+00:00,-0.6010326777363807
2019-09-01 12:30:00+00:00,-1.1013519951406503
2019-09-01 13:00:00+00:00,-0.5697361313700972
2019-09-01 13:30:00+00:00,0.4907154314813599
2019-09-01 14:00:00+00:00,0.5278992572511323
2019-09-01 14:30:00+00:00,0.4370627642317188
2019-09-01 15:00:00+00:00,-0.015539098751392132
2019-09-01 15:30:00+00:00,-0.46814096173450315
2019-09-01 16:00:00+00:00,-0.5372947955066969
2019-09-01 16:30:00+00:00,-0.3311512103747622
2019-09-01 17:00:00+00:00,-0.3164783381338846
2019-09-01 17:30:00+00:00,-0.154406549170966
2019-09-01 18:00:00+00:00,0.30764531057379196
2019-09-01 18:30:00+00:00,0.3196587466871755
2019-09-01 19:00:00+00:00,0.331672182800559
2019-09-01 19:30:00+00:00,0.3436856189139425
2019-09-01 20:00:00+00:00,0.3264435203662638
2019-09-01 20:30:00+00:00,0.3092014218185849
2019-09-01 21:00:00+00:00,0.31120652397257714
2019-09-01 21:30:00+00:00,0.4288439492429599
2019-09-01 22:00:00+00:00,0.9730750636939183
2019-09-01 22:30:00+00:00,1.1599369194527798
2019-09-01 23:00:00+00:00,1.1821612369102779
2019-09-01 23:30:00+00:00,1.2043855543677755
2019-09-02 00:00:00+00:00,1.2043855543677755
2019-09-02 00:30:00+00:00,1.2488341892827717
2019-09-02 01:00:00+00:00,1.332138111368609
2019-09-02 01:30:00+00:00,1.415442033454447
2019-09-02 02:00:00+00:00,1.6573375643894228
2019-09-02 02:30:00+00:00,1.5967408882637313
2019-09-02 03:00:00+00:00,1.686044298002022
2019-09-02 03:30:00+00:00,1.7323404070887216
2019-09-02 04:00:00+00:00,1.7497587283908038
2019-09-02 04:30:00+00:00,1.7083138917981986
2019-09-02 05:00:00+00:00,1.4587016630168463
2019-09-02 05:30:00+00:00,1.4550757973153812
2019-09-02 06:00:00+00:00,1.5651878353732054
2019-09-02 06:30:00+00:00,1.7006538600007903
2019-09-02 07:00:00+00:00,1.7186688526300575
2019-09-02 07:30:00+00:00,1.7218870735996594
2019-09-02 08:00:00+00:00,1.379659830669
2019-09-02 08:30:00+00:00,1.4818082030187334
2019-09-02 09:00:00+00:00,1.7166817056182688
2019-09-02 09:30:00+00:00,1.733937127270135
2019-09-02 10:00:00+00:00,1.7528318530942
2019-09-02 10:30:00+00:00,1.681940469266483
2019-09-02 11:00:00+00:00,1.7134535931012818
2019-09-02 11:30:00+00:00,1.713555744282476
2019-09-02 12:00:00+00:00,1.6016936353177937
2019-09-02 12:30:00+00:00,1.3690188623977315
2019-09-02 13:00:00+00:00,1.128850929159056
2019-09-02 13:30:00+00:00,0.9953344677260235
2019-09-02 14:00:00+00:00,1.3543845671850683
2019-09-02 14:30:00+00:00,1.737254808764366
2019-09-02 15:00:00+00:00,1.5859487824457117
2019-09-02 15:30:00+00:00,1.4943080535247903
2019-09-02 16:00:00+00:00,1.6753810244995742
2019-09-02 16:30:00+00:00,1.7459855764079193
2019-09-02 17:00:00+00:00,1.755951398256824
2019-09-02 17:30:00+00:00,1.742938345773233
2019-09-02 18:00:00+00:00,1.752323240577879
2019-09-02 18:30:00+00:00,1.746751582354472
2019-09-02 19:00:00+00:00,1.7491971299340057
2019-09-02 19:30:00+00:00,1.7418875133302474
2019-09-02 20:00:00+00:00,1.4687589102185352
2019-09-02 20:30:00+00:00,1.6425892890219165
2019-09-02 21:00:00+00:00,1.4919579878361517
2019-09-02 21:30:00+00:00,1.2356823505717316
2019-09-02 22:00:00+00:00,1.6969818681347892
2019-09-02 22:30:00+00:00,1.7557015569895988
2019-09-02 23:00:00+00:00,1.7545865648989443
2019-09-02 23:30:00+00:00,1.751414030777065
2019-09-03 00:00:00+00:00,1.7555319948267745
2019-09-03 00:30:00+00:00,1.7539173088510602
2019-09-03 01:00:00+00:00,1.3650283976499349
2019-09-03 01:30:00+00:00,1.264017944553795
2019-09-03 02:00:00+00:00,1.707387842348622
2019-09-03 02:30:00+00:00,1.7518043795496383
2019-09-03 03:00:00+00:00,1.7529847341867157
2019-09-03 03:30:00+00:00,1.745875906547304
2019-09-03 04:00:00+00:00,1.7428611315985403
2019-09-03 04:30:00+00:00,1.7285243442705855
2019-09-03 05:00:00+00:00,1.7359307085592395
2019-09-03 05:30:00+00:00,1.7377897628853405
2019-09-03 06:00:00+00:00,1.7486071095074287
2019-09-03 06:30:00+00:00,1.6772932171822714
2019-09-03 07:00:00+00:00,1.731147664760743
2019-09-03 07:30:00+00:00,1.6962608891792526
2019-09-03 08:00:00+00:00,1.7024747227826258
2019-09-03 08:30:00+00:00,1.7433589827567288
2019-09-03 09:00:00+00:00,1.7509682635644002
2019-09-03 09:30:00+00:00,1.754202425343443
2019-09-03 10:00:00+00:00,1.6233639368831865
2019-09-03 10:30:00+00:00,1.3102430653545818
2019-09-03 11:00:00+00:00,1.7545004071941053
2019-09-03 11:30:00+00:00,1.610606536936419
2019-09-03 12:00:00+00:00,1.555056240765855
2019-09-03 12:30:00+00:00,1.738334681181488
2019-09-03 13:00:00+00:00,1.7538164728544017
2019-09-03 13:30:00+00:00,1.746681322270413
2019-09-03 14:00:00+00:00,1.734367714675486
2019-09-03 14:30:00+00:00,1.754947963021028
2019-09-03 15:00:00+00:00,1.7463251778776914
2019-09-03 15:30:00+00:00,1.7482711069852794
2019-09-03 16:00:00+00:00,1.753078873051177
2019-09-03 16:30:00+00:00,1.7443910988366582
2019-09-03 17:00:00+00:00,1.7472732963096365
2019-09-03 17:30:00+00:00,1.7516040166677826
2019-09-03 18:00:00+00:00,1.746252418566936
2019-09-03 18:30:00+00:00,1.7514454063198466
2019-09-03 19:00:00+00:00,1.6929116623341658
2019-09-03 19:30:00+00:00,1.7152906688030953
2019-09-03 20:00:00+00:00,1.3408094485899842
2019-09-03 20:30:00+00:00,1.534601959209644
2019-09-03 21:00:00+00:00,1.7111277934661175
2019-09-03 21:30:00+00:00,1.7495100435814415
2019-09-03 22:00:00+00:00,1.7544346137730966
2019-09-03 22:30:00+00:00,1.7501165562476866
2019-09-03 23:00:00+00:00,1.7504466024539618
2019-09-03 23:30:00+00:00,1.7525103540403633
2019-09-04 00:00:00+00:00,1.7512556581156824
2019-09-04 00:30:00+00:00,1.6325395583133437
2019-09-04 01:00:00+00:00,1.538577952346731
2019-09-04 01:30:00+00:00,1.7434107593135395
2019-09-04 02:00:00+00:00,1.6227482102283817
2019-09-04 02:30:00+00:00,1.758182642999583
2019-09-04 03:00:00+00:00,1.7348115470040044
2019-09-04 03:30:00+00:00,1.7441998419193883
2019-09-04 04:00:00+00:00,1.6898807409890875
2019-09-04 04:30:00+00:00,1.7507883259721526
2019-09-04 05:00:00+00:00,1.7570741050217646
2019-09-04 05:30:00+00:00,1.7475124427083362
2019-09-04 06:00:00+00:00,1.746617817746005
2019-09-04 06:30:00+00:00,1.7606463069538842
2019-09-04 07:00:00+00:00,1.7551291386023127
2019-09-04 07:30:00+00:00,1.7567741810052957
2019-09-04 08:00:00+00:00,1.7512850862806
2019-09-04 08:30:00+00:00,1.7274890220223582
2019-09-04 09:00:00+00:00,1.7506212028778052
2019-09-04 09:30:00+00:00,1.7191478920800864
2019-09-04 10:00:00+00:00,1.7520777981621591
2019-09-04 10:30:00+00:00,1.3655220011649962
2019-09-04 11:00:00+00:00,1.4050439206270144
2019-09-04 11:30:00+00:00,1.7075830169643358
2019-09-04 12:00:00+00:00,1.7489444803332512
2019-09-04 12:30:00+00:00,1.7536771837664618
2019-09-04 13:00:00+00:00,1.7421371282615277
2019-09-04 13:30:00+00:00,1.7478888161539556
2019-09-04 14:00:00+00:00,1.7507761020922545
2019-09-04 14:30:00+00:00,1.746762850899612
2019-09-04 15:00:00+00:00,1.7523330802505726
2019-09-04 15:30:00+00:00,1.7471291075245108
2019-09-04 16:00:00+00:00,1.7479540093750747
2019-09-04 16:30:00+00:00,1.7530193860035428
2019-09-04 17:00:00+00:00,1.748522266420304
2019-09-04 17:30:00+00:00,1.6841206383840768
2019-09-04 18:00:00+00:00,1.1346602500216385
2019-09-04 18:30:00+00:00,0.9524703083931473
2019-09-04 19:00:00+00:00,1.7355421845883172
2019-09-04 19:30:00+00:00,1.7501773017533335
2019-09-04 20:00:00+00:00,1.7486315765391085
2019-09-04 20:30:00+00:00,1.7405135437233936
2019-09-04 21:00:00+00:00,1.7523802137694604
2019-09-04 21:30:00+00:00,1.7552524948645938
2019-09-04 22:00:00+00:00,1.7460751199990117
2019-09-04 22:30:00+00:00,1.7498888989460923
2019-09-04 23:00:00+00:00,1.7580721395535641
2019-09-04 23:30:00+00:00,1.750605964405324
2019-09-05 00:00:00+00:00,1.7464702927073728
2019-09-05 00:30:00+00:00,1.7489631300094748
2019-09-05 01:00:00+00:00,1.7530242360400459
2019-09-05 01:30:00+00:00,1.5816325414660244
2019-09-05 02:00:00+00:00,1.7142640933675986
2019-09-05 02:30:00+00:00,1.399466631737632
2019-09-05 03:00:00+00:00,1.7458337398796842
2019-09-05 03:30:00+00:00,1.7447568810061573
2019-09-05 04:00:00+00:00,1.7467120938079175
2019-09-05 04:30:00+00:00,1.7486673066096774
2019-09-05 05:00:00+00:00,1.7551367207116015
2019-09-05 05:30:00+00:00,1.7414467155101994
2019-09-05 06:00:00+00:00,1.7569039413447964
2019-09-05 06:30:00+00:00,1.748474953948219
2019-09-05 07:00:00+00:00,1.750641571583427
2019-09-05 07:30:00+00:00,1.7534277173770834
2019-09-05 08:00:00+00:00,1.7450586851135612
2019-09-05 08:30:00+00:00,1.743373920607159
2019-09-05 09:00:00+00:00,1.7438929371870246
2019-09-05 09:30:00+00:00,1.7589224448348912
2019-09-05 10:00:00+00:00,1.7384176438834844
2019-09-05 10:30:00+00:00,1.7483918294235883
2019-09-05 11:00:00+00:00,1.7466172958756583
2019-09-05 11:30:00+00:00,1.7509231025074132
2019-09-05 12:00:00+00:00,1.7571435046126735
2019-09-05 12:30:00+00:00,1.7500333362008493
2019-09-05 13:00:00+00:00,1.7497315495299117
2019-09-05 13:30:00+00:00,1.7523819002121503
2019-09-05 14:00:00+00:00,1.7390231223886232
2019-09-05 14:30:00+00:00,1.7498414589124978
2019-09-05 15:00:00+00:00,1.7529765050927937
2019-09-05 15:30:00+00:00,1.7503514902064712
2019-09-05 16:00:00+00:00,1.7513313305397566
2019-09-05 16:30:00+00:00,1.7542120915691914
2019-09-05 17:00:00+00:00,1.7481577717961116
2019-09-05 17:30:00+00:00,1.7463196967095231
2019-09-05 18:00:00+00:00,1.758553688840289
2019-09-05 18:30:00+00:00,1.756005396938574
2019-09-05 19:00:00+00:00,1.7495446810956508
2019-09-05 19:30:00+00:00,1.7242248336783423
2019-09-05 20:00:00+00:00,1.6418699136898847
2019-09-05 20:30:00+00:00,1.5769628927009622
2019-09-05 21:00:00+00:00,1.7529207088626217
2019-09-05 21:30:00+00:00,1.7412731697590558
2019-09-05 22:00:00+00:00,1.7575752718732
2019-09-05 22:30:00+00:00,1.753037233548379
2019-09-05 23:00:00+00:00,1.7530351085283316
2019-09-05 23:30:00+00:00,1.5563092236107627
2019-09-06 00:00:00+00:00,1.606397009877621
2019-09-06 00:30:00+00:00,1.7109327482473298
2019-09-06 01:00:00+00:00,1.583537539541932
2019-09-06 01:30:00+00:00,1.349106020060283
2019-09-06 02:00:00+00:00,1.7170305371284544
2019-09-06 02:30:00+00:00,1.630161741113584
2019-09-06 03:00:00+00:00,1.493119787779856
2019-09-06 03:30:00+00:00,1.6378183795904944
2019-09-06 04:00:00+00:00,1.7471802789616842
2019-09-06 04:30:00+00:00,1.7540706937656525
2019-09-06 05:00:00+00:00,1.7511217020120002
2019-09-06 05:30:00+00:00,1.751625568138919
2019-09-06 06:00:00+00:00,1.7553085653367166
2019-09-06 06:30:00+00:00,1.746978604809051
2019-09-06 07:00:00+00:00,1.7410913643236987
2019-09-06 07:30:00+00:00,1.753533027509564
2019-09-06 08:00:00+00:00,1.7478332562337742
2019-09-06 08:30:00+00:00,1.7631521919323963
2019-09-06 09:00:00+00:00,1.7606911085749637
2019-09-06 09:30:00+00:00,1.7487562848922096
2019-09-06 10:00:00+00:00,1.7552453930228589
2019-09-06 10:30:00+00:00,1.7572966582646734
2019-09-06 11:00:00+00:00,1.7579588594269189
2019-09-06 11:30:00+00:00,1.7604590916257352
2019-09-06 12:00:00+00:00,1.7527916551346705
2019-09-06 12:30:00+00:00,1.7523870947493017
2019-09-06 13:00:00+00:00,1.7501448334354197
2019-09-06 13:30:00+00:00,1.7565991014570101
2019-09-06 14:00:00+00:00,1.7512265851040314
2019-09-06 14:30:00+00:00,1.7602418479511772
2019-09-06 15:00:00+00:00,1.7490068964551397
2019-09-06 15:30:00+00:00,1.747876622720393
2019-09-06 16:00:00+00:00,1.7329109319048528
2019-09-06 16:30:00+00:00,1.4961429817882443
2019-09-06 17:00:00+00:00,1.7512432938263516
2019-09-06 17:30:00+00:00,1.7518921478332483
2019-09-06 18:00:00+00:00,1.7430584096025965
2019-09-06 18:30:00+00:00,1.7544586677375356
2019-09-06 19:00:00+00:00,1.7559974360315236
2019-09-06 19:30:00+00:00,1.7508712060803666
2019-09-06 20:00:00+00:00,1.748488089112858
2019-09-06 20:30:00+00:00,1.7550017817419017
2019-09-06 21:00:00+00:00,1.7526804284053938
2019-09-06 21:30:00+00:00,1.7539350857863087
2019-09-06 22:00:00+00:00,1.751623205956723
2019-09-06 22:30:00+00:00,1.6789029871689563
2019-09-06 23:00:00+00:00,1.7213948807274182
2019-09-06 23:30:00+00:00,1.7481515524842448
2019-09-07 00:00:00+00:00,1.624246013708545
2019-09-07 00:30:00+00:00,1.367197621851326
2019-09-07 01:00:00+00:00,1.7346281750398955
2019-09-07 01:30:00+00:00,1.1724410866901356
2019-09-07 02:00:00+00:00,1.2097750895849164
2019-09-07 02:30:00+00:00,1.6807955817764315
2019-09-07 03:00:00+00:00,1.7295875232605327
2019-09-07 03:30:00+00:00,1.7590872887291242
2019-09-07 04:00:00+00:00,1.5619393735512797
2019-09-07 04:30:00+00:00,1.7224330246021489
2019-09-07 05:00:00+00:00,1.7536160226372668
2019-09-07 05:30:00+00:00,1.7422646227782452
2019-09-07 06:00:00+00:00,1.7514989738944384
2019-09-07 06:30:00+00:00,1.7490331254875253
2019-09-07 07:00:00+00:00,1.75698921147237
2019-09-07 07:30:00+00:00,1.7524773302927537
2019-09-07 08:00:00+00:00,1.7526352688779208
2019-09-07 08:30:00+00:00,1.7463629345549745
2019-09-07 09:00:00+00:00,1.75112468364757
2019-09-07 09:30:00+00:00,1.7427771887836496
2019-09-07 10:00:00+00:00,1.7452798519928163
2019-09-07 10:30:00+00:00,1.5989170644620205
2019-09-07 11:00:00+00:00,1.7547514565040856
2019-09-07 11:30:00+00:00,1.7468169342264939
2019-09-07 12:00:00+00:00,1.7535340213880866
2019-09-07 12:30:00+00:00,1.7630281492240074
2019-09-07 13:00:00+00:00,1.7487291953549644
2019-09-07 13:30:00+00:00,1.7243620293477218
2019-09-07 14:00:00+00:00,1.4199471918060231
2019-09-07 14:30:00+00:00,1.6617337350438492
2019-09-07 15:00:00+00:00,1.7268212757582384
2019-09-07 15:30:00+00:00,1.0184580609121925
2019-09-07 16:00:00+00:00,0.8666584920012249
2019-09-07 16:30:00+00:00,0.5780997828459586
2019-09-07 17:00:00+00:00,0.7844357178442654
2019-09-07 17:30:00+00:00,1.6450788335851998
2019-09-07 18:00:00+00:00,1.5101397923035667
2019-09-07 18:30:00+00:00,1.3121004717914173
2019-09-07 19:00:00+00:00,1.704291903137001
2019-09-07 19:30:00+00:00,1.7514931647983598
2019-09-07 20:00:00+00:00,1.395426555323146
2019-09-07 20:30:00+00:00,1.5037891177773512
2019-09-07 21:00:00+00:00,1.168774615498857
2019-09-07 21:30:00+00:00,1.1774009376582115
2019-09-07 22:00:00+00:00,1.1860272598175658
2019-09-07 22:30:00+00:00,1.1860272598175658
2019-09-07 23:00:00+00:00,1.1860272598175658
2019-09-07 23:30:00+00:00,1.1860272598175658
2019-09-08 00:00:00+00:00,1.1860272598175658
2019-09-08 00:30:00+00:00,1.1860272598175658
2019-09-08 01:00:00+00:00,1.1860272598175658
2019-09-08 01:30:00+00:00,1.1860272598175658
2019-09-08 02:00:00+00:00,1.1860272598175658
2019-09-08 02:30:00+00:00,1.1719989688226655
2019-09-08 03:00:00+00:00,1.1579706778277652
2019-09-08 03:30:00+00:00,1.1439423868328649
2019-09-08 04:00:00+00:00,1.1299140958379645
2019-09-08 04:30:00+00:00,1.1158858048430642
2019-09-08 05:00:00+00:00,1.1018575138481639
2019-09-08 05:30:00+00:00,1.0878292228532636
2019-09-08 06:00:00+00:00,1.0738009318583632
2019-09-08 06:30:00+00:00,1.059772640863463
2019-09-08 07:00:00+00:00,1.0457443498685626
2019-09-08 07:30:00+00:00,1.0317160588736625
2019-09-08 08:00:00+00:00,1.0176877678787621
2019-09-08 08:30:00+00:00,1.0036594768838618
2019-09-08 09:00:00+00:00,0.9896311858889615
2019-09-08 09:30:00+00:00,0.9756028948940612
2019-09-08 10:00:00+00:00,0.9615746038991608
2019-09-08 10:30:00+00:00,0.9475463129042605
2019-09-08 11:00:00+00:00,0.9335180219093602
2019-09-08 11:30:00+00:00,0.9194897309144598
2019-09-08 12:00:00+00:00,0.9054614399195595
2019-09-08 12:30:00+00:00,0.8914331489246592
2019-09-08 13:00:00+00:00,0.8774048579297589
2019-09-08 13:30:00+00:00,0.8633765669348585
2019-09-08 14:00:00+00:00,0.8493482759399582
2019-09-08 14:30:00+00:00,0.835319984945058
2019-09-08 15:00:00+00:00,0.8212916939501577
2019-09-08 15:30:00+00:00,0.8072634029552573
2019-09-08 16:00:00+00:00,0.793235111960357
2019-09-08 16:30:00+00:00,0.7792068209654567
2019-09-08 17:00:00+00:00,0.7651785299705565
2019-09-08 17:30:00+00:00,0.7511502389756561
2019-09-08 18:00:00+00:00,0.7371219479807558
2019-09-08 18:30:00+00:00,0.7230936569858555
2019-09-08 19:00:00+00:00,0.7090653659909552
2019-09-08 19:30:00+00:00,0.6950370749960548
2019-09-08 20:00:00+00:00,0.6810087840011545
2019-09-08 20:30:00+00:00,0.6669804930062542
2019-09-08 21:00:00+00:00,0.6529522020113538
2019-09-08 21:30:00+00:00,0.6389239110164535
2019-09-08 22:00:00+00:00,0.6248956200215532
2019-09-08 22:30:00+00:00,0.610867329026653
2019-09-08 23:00:00+00:00,0.5968390380317526
2019-09-08 23:30:00+00:00,0.5828107470368523
2019-09-09 00:00:00+00:00,0.568782456041952
2019-09-09 00:30:00+00:00,0.5547541650470517
2019-09-09 01:00:00+00:00,0.5407258740521513
2019-09-09 01:30:00+00:00,0.526697583057251
2019-09-09 02:00:00+00:00,0.5126692920623507
2019-09-09 02:30:00+00:00,0.49864100106745035
2019-09-09 03:00:00+00:00,0.48461271007255013
2019-09-09 03:30:00+00:00,0.4705844190776498
2019-09-09 04:00:00+00:00,0.4565561280827495
2019-09-09 04:30:00+00:00,0.44252783708784915
2019-09-09 05:00:00+00:00,0.4284995460929488
2019-09-09 05:30:00+00:00,0.4144712550980485
2019-09-09 06:00:00+00:00,0.40044296410314817
2019-09-09 06:30:00+00:00,0.38641467310824784
2019-09-09 07:00:00+00:00,0.3723863821133475
2019-09-09 07:30:00+00:00,0.3583580911184473
2019-09-09 08:00:00+00:00,0.34432980012354697
2019-09-09 08:30:00+00:00,0.33030150912864664
2019-09-09 09:00:00+00:00,0.3162732181337463
2019-09-09 09:30:00+00:00,0.302244927138846
2019-09-09 10:00:00+00:00,0.28821663614394566
2019-09-09 10:30:00+00:00,0.27418834514904533
2019-09-09 11:00:00+00:00,0.260160054154145
2019-09-09 11:30:00+00:00,0.24613176315924468
2019-09-09 12:00:00+00:00,0.23210347216434446
2019-09-09 12:30:00+00:00,0.21807518116944413
2019-09-09 13:00:00+00:00,0.2040468901745438
2019-09-09 13:30:00+00:00,0.19001859917964348
2019-09-09 14:00:00+00:00,0.17599030818474315
2019-09-09 14:30:00+00:00,0.16196201718984282
2019-09-09 15:00:00+00:00,0.1479337261949425
2019-09-09 15:30:00+00:00,0.13390543520004217
2019-09-09 16:00:00+00:00,0.11987714420514184
2019-09-09 16:30:00+00:00,0.10584885321024151
2019-09-09 17:00:00+00:00,0.09182056221534118
2019-09-09 17:30:00+00:00,0.07779227122044086
2019-09-09 18:00:00+00:00,0.06376398022554053
2019-09-09 18:30:00+00:00,0.04973568923064042
2019-09-09 19:00:00+00:00,0.035707398235740095
2019-09-09 19:30:00+00:00,0.021679107240839768
2019-09-09 20:00:00+00:00,0.00765081624593944
2019-09-09 20:30:00+00:00,-0.006377474748960887
2019-09-09 21:00:00+00:00,-0.020405765743861215
2019-09-09 21:30:00+00:00,-0.03443405673876154
2019-09-09 22:00:00+00:00,-0.04846234773366187
2019-09-09 22:30:00+00:00,-0.0624906387285622
2019-09-09 23:00:00+00:00,-0.07651892972346253
2019-09-09 23:30:00+00:00,-0.09054722071836285
2019-09-10 00:00:00+00:00,-0.10457551171326318
2019-09-10 00:30:00+00:00,-0.11860380270816351
2019-09-10 01:00:00+00:00,-0.13263209370306384
2019-09-10 01:30:00+00:00,-0.14666038469796416
2019-09-10 02:00:00+00:00,-0.1606886756928645
2019-09-10 02:30:00+00:00,-0.1747169666877648
2019-09-10 03:00:00+00:00,0.002114159258978505
2019-09-10 03:30:00+00:00,0.6409831451979835
2019-09-10 04:00:00+00:00,1.0711459040029745
2019-09-10 04:30:00+00:00,1.5804308156875704
2019-09-10 05:00:00+00:00,1.4448464972604738
2019-09-10 05:30:00+00:00,0.7498108749820719
2019-09-10 06:00:00+00:00,1.237386322813018
2019-09-10 06:30:00+00:00,0.7959407228445753
2019-09-10 07:00:00+00:00,0.8970161527626724
2019-09-10 07:30:00+00:00,0.7556319642585269
2019-09-10 08:00:00+00:00,1.1452758849748037
2019-09-10 08:30:00+00:00,1.4850411469677394
2019-09-10 09:00:00+00:00,1.7007129603807651
2019-09-10 09:30:00+00:00,1.2168635016930214
2019-09-10 10:00:00+00:00,1.3327822112069705
2019-09-10 10:30:00+00:00,0.7095365619497226
2019-09-10 11:00:00+00:00,0.9558836107650194
2019-09-10 11:30:00+00:00,0.6184144963825877
2019-09-10 12:00:00+00:00,0.47135347595524885
2019-09-10 12:30:00+00:00,0.04056415653365581
2019-09-10 13:00:00+00:00,0.5057944022615973
2019-09-10 13:30:00+00:00,1.754983101781291
2019-09-10 14:00:00+00:00,1.6423815390978542
2019-09-10 14:30:00+00:00,1.65387981718632
2019-09-10 15:00:00+00:00,1.7507517892356368
2019-09-10 15:30:00+00:00,1.697003738968553
2019-09-10 16:00:00+00:00,1.1103461572498994
2019-09-10 16:30:00+00:00,0.5179546158437358
2019-09-10 17:00:00+00:00,1.4101057069440965
2019-09-10 17:30:00+00:00,1.726887326006583
2019-09-10 18:00:00+00:00,1.7412613065386764
2019-09-10 18:30:00+00:00,1.7463945645324948
2019-09-10 19:00:00+00:00,1.7470286074092363
2019-09-10 19:30:00+00:00,1.7431702470911639
2019-09-10 20:00:00+00:00,1.7410487499554208
2019-09-10 20:30:00+00:00,1.7518981003213112
2019-09-10 21:00:00+00:00,1.7501728087968713
2019-09-10 21:30:00+00:00,1.5895599120397088
2019-09-10 22:00:00+00:00,0.8313669495450784
2019-09-10 22:30:00+00:00,0.6866223008255142
2019-09-10 23:00:00+00:00,0.8998328631392513
2019-09-10 23:30:00+00:00,0.5939659542387409
2019-09-11 00:00:00+00:00,0.298228312850447
2019-09-11 00:30:00+00:00,0.24419777752891045
2019-09-11 01:00:00+00:00,-0.11622609494196486
2019-09-11 01:30:00+00:00,-0.4336877549868101
2019-09-11 02:00:00+00:00,-0.438205405173929
2019-09-11 02:30:00+00:00,0.43868955730889925
2019-09-11 03:00:00+00:00,0.5932337872404373
2019-09-11 03:30:00+00:00,1.3519986222064264
2019-09-11 04:00:00+00:00,1.36397142657151
2019-09-11 04:30:00+00:00,1.4554176849198892
2019-09-11 05:00:00+00:00,1.429105170302502
2019-09-11 05:30:00+00:00,0.9597951401579744
2019-09-11 06:00:00+00:00,1.316178823403899
2019-09-11 06:30:00+00:00,0.949323006350806
2019-09-11 07:00:00+00:00,0.760618308676289
2019-09-11 07:30:00+00:00,1.2431192833910654
2019-09-11 08:00:00+00:00,1.060845179462354
2019-09-11 08:30:00+00:00,0.8995588668596934
2019-09-11 09:00:00+00:00,0.655388487874313
2019-09-11 09:30:00+00:00,0.4589133453123254
2019-09-11 10:00:00+00:00,0.992723416878839
2019-09-11 10:30:00+00:00,1.0786769493356771
2019-09-11 11:00:00+00:00,0.8751290648169673
2019-09-11 11:30:00+00:00,0.8076777417584775
2019-09-11 12:00:00+00:00,0.36795723203804803
2019-09-11 12:30:00+00:00,-0.03424255563073564
2019-09-11 13:00:00+00:00,-0.2620712691372043
2019-09-11 13:30:00+00:00,0.12782782103645238
2019-09-11 14:00:00+00:00,-0.04954883689434734
2019-09-11 14:30:00+00:00,-0.2852841182707481
2019-09-11 15:00:00+00:00,-0.40278712459187127
2019-09-11 15:30:00+00:00,-0.24809458182996136
2019-09-11 16:00:00+00:00,-0.1731826566540409
2019-09-11 16:30:00+00:00,0.07556308243128977
2019-09-11 17:00:00+00:00,0.36856385391645796
2019-09-11 17:30:00+00:00,1.0797425828599059
2019-09-11 18:00:00+00:00,0.753824172733136
2019-09-11 18:30:00+00:00,1.4152258992897093
2019-09-11 19:00:00+00:00,1.7510202655279477
2019-09-11 19:30:00+00:00,1.7213617446812444
2019-09-11 20:00:00+00:00,1.7506390955248514
2019-09-11 20:30:00+00:00,1.750931615173325
2019-09-11 21:00:00+00:00,1.7478987274079276
2019-09-11 21:30:00+00:00,1.7520105704935525
2019-09-11 22:00:00+00:00,1.7485425436619066
2019-09-11 22:30:00+00:00,1.748917090939188
2019-09-11 23:00:00+00:00,1.6376628947289669
2019-09-11 23:30:00+00:00,0.894069165009511
2019-09-12 00:00:00+00:00,0.6355752065739346
2019-09-12 00:30:00+00:00,1.068372224913356
2019-09-12 01:00:00+00:00,0.9532428643478967
2019-09-12 01:30:00+00:00,0.7626273646625881
2019-09-12 02:00:00+00:00,0.3796703895949027
2019-09-12 02:30:00+00:00,0.3483514811080226
2019-09-12 03:00:00+00:00,1.0416111495313272
2019-09-12 03:30:00+00:00,1.1131175046429878
2019-09-12 04:00:00+00:00,1.5675921875082521
2019-09-12 04:30:00+00:00,1.2190030883520704
2019-09-12 05:00:00+00:00,1.151664014955716
2019-09-12 05:30:00+00:00,1.2516294042981666
2019-09-12 06:00:00+00:00,1.6244602869718157
2019-09-12 06:30:00+00:00,1.5771794815444764
2019-09-12 07:00:00+00:00,1.2866639274578202
2019-09-12 07:30:00+00:00,1.7231418440036466
2019-09-12 08:00:00+00:00,1.5892791892467844
2019-09-12 08:30:00+00:00,1.6167315659717163
2019-09-12 09:00:00+00:00,1.6441839426966478
2019-09-12 09:30:00+00:00,1.6716363194215798
2019-09-12 10:00:00+00:00,1.5446811959966034
2019-09-12 10:30:00+00:00,1.5974713747448657
2019-09-12 11:00:00+00:00,1.4637596795272991
2019-09-12 11:30:00+00:00,1.5041703028179907
2019-09-12 12:00:00+00:00,1.1072905303147647
2019-09-12 12:30:00+00:00,0.811262378295295
2019-09-12 13:00:00+00:00,0.2655850249686848
2019-09-12 13:30:00+00:00,0.0016118640658140389
2019-09-12 14:00:00+00:00,0.3817986569204461
2019-09-12 14:30:00+00:00,1.288232458188901
2019-09-12 15:00:00+00:00,1.7417794338588108
2019-09-12 15:30:00+00:00,1.7523402017780585
2019-09-12 16:00:00+00:00,1.5540682759574385
2019-09-12 16:30:00+00:00,1.6088883770103857
2019-09-12 17:00:00+00:00,0.8985255142284699
2019-09-12 17:30:00+00:00,1.5778799314747056
2019-09-12 18:00:00+00:00,1.7489853931637096
2019-09-12 18:30:00+00:00,1.6152064242391497
2019-09-12 19:00:00+00:00,1.7465746967554612
2019-09-12 19:30:00+00:00,1.7507557179465858
2019-09-12 20:00:00+00:00,1.7199035198202937
2019-09-12 20:30:00+00:00,1.74739300975076
2019-09-12 21:00:00+00:00,1.7040648426964788
2019-09-12 21:30:00+00:00,1.6674518017603044
2019-09-12 22:00:00+00:00,1.1953932623069343
2019-09-12 22:30:00+00:00,1.462014671477027
2019-09-12 23:00:00+00:00,1.6623027396996686
2019-09-12 23:30:00+00:00,1.4688819852336898
2019-09-13 00:00:00+00:00,1.5608751599977249
2019-09-13 00:30:00+00:00,1.4436531982503964
2019-09-13 01:00:00+00:00,0.7078452072853675
2019-09-13 01:30:00+00:00,0.5473900721409317
2019-09-13 02:00:00+00:00,1.531868458490473
2019-09-13 02:30:00+00:00,1.7518132790297678
2019-09-13 03:00:00+00:00,1.6834015643020017
2019-09-13 03:30:00+00:00,1.5240685455416163
2019-09-13 04:00:00+00:00,1.4457048746257093
2019-09-13 04:30:00+00:00,1.5903418472679918
2019-09-13 05:00:00+00:00,1.5179401438254116
2019-09-13 05:30:00+00:00,1.3042429083095073
2019-09-13 06:00:00+00:00,1.0063373551943757
2019-09-13 06:30:00+00:00,0.852753753869206
2019-09-13 07:00:00+00:00,0.5279194382160948
2019-09-13 07:30:00+00:00,0.8668583890541446
2019-09-13 08:00:00+00:00,0.9828216657518188
2019-09-13 08:30:00+00:00,0.8330348472997203
2019-09-13 09:00:00+00:00,0.835975920236761
2019-09-13 09:30:00+00:00,0.7088362686998998
2019-09-13 10:00:00+00:00,1.05664782513649
2019-09-13 10:30:00+00:00,1.3899109971526706
2019-09-13 11:00:00+00:00,0.9756580898425914
2019-09-13 11:30:00+00:00,1.2689970229431695
2019-09-13 12:00:00+00:00,0.6134807197043529
2019-09-13 12:30:00+00:00,0.7385915416339258
2019-09-13 13:00:00+00:00,-0.0934642414861728
2019-09-13 13:30:00+00:00,0.7388726697353128
2019-09-13 14:00:00+00:00,0.6776797295945162
2019-09-13 14:30:00+00:00,1.4943785703153654
2019-09-13 15:00:00+00:00,1.275089289215279
2019-09-13 15:30:00+00:00,1.3525690440556422
2019-09-13 16:00:00+00:00,0.667436476970125
2019-09-13 16:30:00+00:00,1.0982722767467328
2019-09-13 17:00:00+00:00,1.3147049803620998
2019-09-13 17:30:00+00:00,1.750538470732295
2019-09-13 18:00:00+00:00,1.6950572567885207
2019-09-13 18:30:00+00:00,1.7507808787660442
2019-09-13 19:00:00+00:00,1.7484727927442278
2019-09-13 19:30:00+00:00,1.751428243331718
2019-09-13 20:00:00+00:00,1.752567208847522
2019-09-13 20:30:00+00:00,1.5064135203684272
2019-09-13 21:00:00+00:00,1.3800712004883515
2019-09-13 21:30:00+00:00,1.6485568082352113
2019-09-13 22:00:00+00:00,1.6283011930452214
2019-09-13 22:30:00+00:00,1.6722557920667012
2019-09-13 23:00:00+00:00,1.4877007738801187
2019-09-13 23:30:00+00:00,1.5853603638831242
2019-09-14 00:00:00+00:00,1.3039504091066174
2019-09-14 00:30:00+00:00,0.9466866115804209
2019-09-14 01:00:00+00:00,0.9205872161688372
2019-09-14 01:30:00+00:00,-0.31816638106284967
2019-09-14 02:00:00+00:00,-0.5371547201672819
2019-09-14 02:30:00+00:00,-0.36367100210099707
2019-09-14 03:00:00+00:00,-0.14031320347022186
2019-09-14 03:30:00+00:00,-0.24561052657186358
2019-09-14 04:00:00+00:00,-0.4105675615718262
2019-09-14 04:30:00+00:00,-0.25204473308537284
2019-09-14 05:00:00+00:00,0.2231836772380463
2019-09-14 05:30:00+00:00,0.614825484994761
2019-09-14 06:00:00+00:00,0.46590465502985146
2019-09-14 06:30:00+00:00,0.3161813339152419
2019-09-14 07:00:00+00:00,-0.048428460700125485
2019-09-14 07:30:00+00:00,0.040042876731181565
2019-09-14 08:00:00+00:00,-0.3034323377207172
2019-09-14 08:30:00+00:00,-0.3516384960590822
2019-09-14 09:00:00+00:00,-0.18115097997851198
2019-09-14 09:30:00+00:00,-0.3422312140565752
2019-09-14 10:00:00+00:00,-0.7064128680493698
2019-09-14 10:30:00+00:00,-0.6316537137736223
2019-09-14 11:00:00+00:00,-0.9539526720293403
2019-09-14 11:30:00+00:00,-1.0905265437864033
2019-09-14 12:00:00+00:00,-1.1061236742497718
2019-09-14 12:30:00+00:00,-1.1018323481426926
2019-09-14 13:00:00+00:00,-1.040101588790084
2019-09-14 13:30:00+00:00,-0.9783708294374753
2019-09-14 14:00:00+00:00,-0.12925466235303895
2019-09-14 14:30:00+00:00,-0.6516382736380344
2019-09-14 15:00:00+00:00,-0.6865643328499369
2019-09-14 15:30:00+00:00,0.39321595027416867
2019-09-14 16:00:00+00:00,-0.2795034311953405
2019-09-14 16:30:00+00:00,-0.5789927799490638
2019-09-14 17:00:00+00:00,0.7704305913657942
2019-09-14 17:30:00+00:00,1.634212814752634
2019-09-14 18:00:00+00:00,1.7511777308813279
2019-09-14 18:30:00+00:00,0.7388389277879408
2019-09-14 19:00:00+00:00,-0.9859372981290947
2019-09-14 19:30:00+00:00,-0.9811928297043437
2019-09-14 20:00:00+00:00,-0.6267900793028224
2019-09-14 20:30:00+00:00,-0.12155899640172145
2019-09-14 21:00:00+00:00,0.4538020582284063
2019-09-14 21:30:00+00:00,0.7949832220188884
2019-09-14 22:00:00+00:00,0.7421695491019404
2019-09-14 22:30:00+00:00,0.3999818760574166
2019-09-14 23:00:00+00:00,1.2771998024865963
2019-09-14 23:30:00+00:00,1.745698836488845
2019-09-15 00:00:00+00:00,1.264863633586758
2019-09-15 00:30:00+00:00,0.8964855880577104
2019-09-15 01:00:00+00:00,0.42188453045342156
2019-09-15 01:30:00+00:00,0.2553950420323451
2019-09-15 02:00:00+00:00,-0.25157610125219165
2019-09-15 02:30:00+00:00,-0.21737365005592355
2019-09-15 03:00:00+00:00,0.07690509237377373
2019-09-15 03:30:00+00:00,0.4380899108425557
2019-09-15 04:00:00+00:00,0.13509212050817432
2019-09-15 04:30:00+00:00,0.5607470732192325
2019-09-15 05:00:00+00:00,0.4571591852340517
2019-09-15 05:30:00+00:00,-0.23676723843504116
2019-09-15 06:00:00+00:00,-0.19430858054077527
2019-09-15 06:30:00+00:00,0.5044808469442275
2019-09-15 07:00:00+00:00,0.15873926982041242
2019-09-15 07:30:00+00:00,-0.27008556468256656
2019-09-15 08:00:00+00:00,-0.40823050262629257
2019-09-15 08:30:00+00:00,-0.44033384495853034
2019-09-15 09:00:00+00:00,-0.4724371872907681
2019-09-15 09:30:00+00:00,-0.6520514922498286
2019-09-15 10:00:00+00:00,-0.7554607492126403
2019-09-15 10:30:00+00:00,-0.8588700061754518
2019-09-15 11:00:00+00:00,-0.9622792631382634
2019-09-15 11:30:00+00:00,-1.1017048068107564
2019-09-15 12:00:00+00:00,-0.9983723953388203
2019-09-15 12:30:00+00:00,-0.8950399838668843
2019-09-15 13:00:00+00:00,-0.8950399838668843
2019-09-15 13:30:00+00:00,-0.8950399838668843
2019-09-15 14:00:00+00:00,-0.8950399838668843
2019-09-15 14:30:00+00:00,-0.8950399838668843
2019-09-15 15:00:00+00:00,-0.8950399838668843
2019-09-15 15:30:00+00:00,-0.8950399838668843
2019-09-15 16:00:00+00:00,-0.8950399838668843
2019-09-15 16:30:00+00:00,-0.06838069209139493
2019-09-15 17:00:00+00:00,-0.06353428937499585
2019-09-15 17:30:00+00:00,-0.05868788665859677
2019-09-15 18:00:00+00:00,-0.05868788665859677
2019-09-15 18:30:00+00:00,-0.05868788665859677
2019-09-15 19:00:00+00:00,-0.05868788665859677
2019-09-15 19:30:00+00:00,-0.05868788665859677
2019-09-15 20:00:00+00:00,-0.05868788665859677
2019-09-15 20:30:00+00:00,-0.05868788665859677
2019-09-15 21:00:00+00:00,-0.05868788665859677
2019-09-15 21:30:00+00:00,-0.05868788665859677
2019-09-15 22:00:00+00:00,-0.06116710883873541
2019-09-15 22:30:00+00:00,-0.06364633101887406
2019-09-15 23:00:00+00:00,-0.0661255531990127
2019-09-15 23:30:00+00:00,-0.06860477537915134
2019-09-16 00:00:00+00:00,-0.07108399755928999
2019-09-16 00:30:00+00:00,-0.07356321973942863
2019-09-16 01:00:00+00:00,-0.07604244191956727
2019-09-16 01:30:00+00:00,-0.07852166409970592
2019-09-16 02:00:00+00:00,-0.08100088627984456
2019-09-16 02:30:00+00:00,-0.0834801084599832
2019-09-16 03:00:00+00:00,-0.08595933064012184
2019-09-16 03:30:00+00:00,-0.0884385528202605
2019-09-16 04:00:00+00:00,-0.09091777500039913
2019-09-16 04:30:00+00:00,-0.09339699718053779
2019-09-16 05:00:00+00:00,-0.09587621936067642
2019-09-16 05:30:00+00:00,-0.09835544154081508
2019-09-16 06:00:00+00:00,-0.1008346637209537
2019-09-16 06:30:00+00:00,-0.10331388590109236
2019-09-16 07:00:00+00:00,-0.10579310808123099
2019-09-16 07:30:00+00:00,-0.10827233026136965
2019-09-16 08:00:00+00:00,-0.11075155244150828
2019-09-16 08:30:00+00:00,-0.11323077462164693
2019-09-16 09:00:00+00:00,-0.11570999680178558
2019-09-16 09:30:00+00:00,-0.11818921898192422
2019-09-16 10:00:00+00:00,-0.12066844116206286
2019-09-16 10:30:00+00:00,-0.12314766334220151
2019-09-16 11:00:00+00:00,-0.12562688552234014
2019-09-16 11:30:00+00:00,-0.1281061077024788
2019-09-16 12:00:00+00:00,-0.13058532988261745
2019-09-16 12:30:00+00:00,-0.13306455206275608
2019-09-16 13:00:00+00:00,-0.1355437742428947
2019-09-16 13:30:00+00:00,-0.13802299642303337
2019-09-16 14:00:00+00:00,-0.14050221860317202
2019-09-16 14:30:00+00:00,-0.14298144078331065
2019-09-16 15:00:00+00:00,-0.14546066296344928
2019-09-16 15:30:00+00:00,-0.14793988514358794
2019-09-16 16:00:00+00:00,-0.1504191073237266
2019-09-16 16:30:00+00:00,-0.15289832950386523
2019-09-16 17:00:00+00:00,-0.15537755168400386
2019-09-16 17:30:00+00:00,-0.1578567738641425
2019-09-16 18:00:00+00:00,-0.16033599604428117
2019-09-16 18:30:00+00:00,-0.1628152182244198
2019-09-16 19:00:00+00:00,-0.16529444040455843
2019-09-16 19:30:00+00:00,-0.1677736625846971
2019-09-16 20:00:00+00:00,-0.17025288476483574
2019-09-16 20:30:00+00:00,-0.17273210694497437
2019-09-16 21:00:00+00:00,-0.17521132912511303
2019-09-16 21:30:00+00:00,-0.1776905513052517
2019-09-16 22:00:00+00:00,-0.18016977348539032
2019-09-16 22:30:00+00:00,-0.18264899566552895
2019-09-16 23:00:00+00:00,-0.18512821784566758
2019-09-16 23:30:00+00:00,-0.18760744002580626
2019-09-17 00:00:00+00:00,-0.1900866622059449
2019-09-17 00:30:00+00:00,-0.19256588438608352
2019-09-17 01:00:00+00:00,-0.19504510656622215
2019-09-17 01:30:00+00:00,-0.19752432874636083
2019-09-17 02:00:00+00:00,-0.20000355092649946
2019-09-17 02:30:00+00:00,-0.2024827731066381
2019-09-17 03:00:00+00:00,-0.20496199528677672
2019-09-17 03:30:00+00:00,-0.2074412174669154
2019-09-17 04:00:00+00:00,-0.20992043964705404
2019-09-17 04:30:00+00:00,-0.21239966182719267
2019-09-17 05:00:00+00:00,-0.21487888400733135
2019-09-17 05:30:00+00:00,-0.21735810618746998
2019-09-17 06:00:00+00:00,-0.2198373283676086
2019-09-17 06:30:00+00:00,-0.22231655054774724
2019-09-17 07:00:00+00:00,-0.22479577272788592
2019-09-17 07:30:00+00:00,-0.22727499490802455
2019-09-17 08:00:00+00:00,-0.22975421708816318
2019-09-17 08:30:00+00:00,-0.2322334392683018
2019-09-17 09:00:00+00:00,-0.2347126614484405
2019-09-17 09:30:00+00:00,-0.23719188362857913
2019-09-17 10:00:00+00:00,-0.23967110580871775
2019-09-17 10:30:00+00:00,-0.24215032798885638
2019-09-17 11:00:00+00:00,-0.24462955016899507
2019-09-17 11:30:00+00:00,-0.2471087723491337
2019-09-17 12:00:00+00:00,-0.24958799452927233
2019-09-17 12:30:00+00:00,-0.25206721670941096
2019-09-17 13:00:00+00:00,-0.25454643888954964
2019-09-17 13:30:00+00:00,-0.25702566106968827
2019-09-17 14:00:00+00:00,-0.2595048832498269
2019-09-17 14:30:00+00:00,-0.26198410542996553
2019-09-17 15:00:00+00:00,-0.2644633276101042
2019-09-17 15:30:00+00:00,-0.26694254979024284
2019-09-17 16:00:00+00:00,-0.2694217719703815
2019-09-17 16:30:00+00:00,-0.2719009941505201
2019-09-17 17:00:00+00:00,-0.2743802163306588
2019-09-17 17:30:00+00:00,-0.2768594385107974
2019-09-17 18:00:00+00:00,-0.27933866069093605
2019-09-17 18:30:00+00:00,-0.28181788287107473
2019-09-17 19:00:00+00:00,-0.28429710505121336
2019-09-17 19:30:00+00:00,-0.286776327231352
2019-09-17 20:00:00+00:00,-0.2892555494114906
2019-09-17 20:30:00+00:00,-0.2917347715916293
2019-09-17 21:00:00+00:00,-0.29421399377176793
2019-09-17 21:30:00+00:00,-0.29669321595190656
2019-09-17 22:00:00+00:00,-0.2991724381320452
2019-09-17 22:30:00+00:00,-0.3016516603121839
2019-09-17 23:00:00+00:00,-0.3041308824923225
2019-09-17 23:30:00+00:00,-0.30661010467246114
2019-09-18 00:00:00+00:00,-0.30908932685259977
2019-09-18 00:30:00+00:00,-0.3115685490327384
2019-09-18 01:00:00+00:00,-0.3140477712128771
2019-09-18 01:30:00+00:00,-0.3165269933930157
2019-09-18 02:00:00+00:00,-0.31900621557315434
2019-09-18 02:30:00+00:00,-0.33402741057966534
2019-09-18 03:00:00+00:00,-0.44919998568077535
2019-09-18 03:30:00+00:00,-0.5643725607818854
2019-09-18 04:00:00+00:00,-0.5643725607818854
2019-09-18 04:30:00+00:00,-0.5643725607818854
2019-09-18 05:00:00+00:00,-0.9098902860852156
2019-09-18 05:30:00+00:00,-0.59827996721748
2019-09-18 06:00:00+00:00,-0.9426729412574217
2019-09-18 06:30:00+00:00,-0.9248423669737716
2019-09-18 07:00:00+00:00,-0.7835510631242424
2019-09-18 07:30:00+00:00,-0.6244118671946544
2019-09-18 08:00:00+00:00,-0.6498894954807927
2019-09-18 08:30:00+00:00,-0.556490454216809
2019-09-18 09:00:00+00:00,-0.562541892323386
2019-09-18 09:30:00+00:00,-0.30357432449440497
2019-09-18 10:00:00+00:00,-0.6758384498704973
2019-09-18 10:30:00+00:00,-0.5681171646366102
2019-09-18 11:00:00+00:00,-0.5173827462257305
2019-09-18 11:30:00+00:00,-0.6605740315443817
2019-09-18 12:00:00+00:00,-0.49498323038438147
2019-09-18 12:30:00+00:00,-0.6175511384011585
2019-09-18 13:00:00+00:00,-0.7084729594096794
2019-09-18 13:30:00+00:00,-1.0708439955370974
2019-09-18 14:00:00+00:00,-0.9650662089470978
2019-09-18 14:30:00+00:00,-1.0137186617936629
2019-09-18 15:00:00+00:00,-1.1021134445276806
2019-09-18 15:30:00+00:00,-1.102261729085283
2019-09-18 16:00:00+00:00,-1.1060599476931827
2019-09-18 16:30:00+00:00,-1.1041690653287861
2019-09-18 17:00:00+00:00,-1.1012852041912595
2019-09-18 17:30:00+00:00,-1.101605820172328
2019-09-18 18:00:00+00:00,-0.9779345150742063
2019-09-18 18:30:00+00:00,-0.6793094357098953
2019-09-18 19:00:00+00:00,-0.13581837007570127
2019-09-18 19:30:00+00:00,-0.2491354764926943
2019-09-18 20:00:00+00:00,-0.1567147312768829
2019-09-18 20:30:00+00:00,-0.1467019271474833
2019-09-18 21:00:00+00:00,0.5194455189755738
2019-09-18 21:30:00+00:00,1.0852689006754561
2019-09-18 22:00:00+00:00,0.5367012813962623
2019-09-18 22:30:00+00:00,0.14454361834075494
2019-09-18 23:00:00+00:00,-0.41674550271662386
2019-09-18 23:30:00+00:00,-0.5905865334304495
2019-09-19 00:00:00+00:00,-0.8525753311784793
2019-09-19 00:30:00+00:00,-1.0563442529929166
2019-09-19 01:00:00+00:00,-1.0720384146181385
2019-09-19 01:30:00+00:00,-1.0877325762433607
2019-09-19 02:00:00+00:00,-1.103426737868583
2019-09-19 02:30:00+00:00,-1.10314027827602
2019-09-19 03:00:00+00:00,-1.0347063233798697
2019-09-19 03:30:00+00:00,-1.0619096647026534
2019-09-19 04:00:00+00:00,-1.0717485152813702
2019-09-19 04:30:00+00:00,-1.081587365860087
2019-09-19 05:00:00+00:00,-1.081587365860087
2019-09-19 05:30:00+00:00,-1.101265067017521
2019-09-19 06:00:00+00:00,-1.1006512868180167
2019-09-19 06:30:00+00:00,-1.096579019881922
2019-09-19 07:00:00+00:00,-1.1010809470896181
2019-09-19 07:30:00+00:00,-1.1011219315550407
2019-09-19 08:00:00+00:00,-1.1011629160204632
2019-09-19 08:30:00+00:00,-1.1011629160204632
2019-09-19 09:00:00+00:00,-1.1011629160204632
2019-09-19 09:30:00+00:00,-1.1011629160204632
2019-09-19 10:00:00+00:00,-1.1013268538821532
2019-09-19 10:30:00+00:00,-1.1018629695121578
2019-09-19 11:00:00+00:00,-1.0177804621216453
2019-09-19 11:30:00+00:00,-1.0675700096743297
2019-09-19 12:00:00+00:00,-1.1050492417565418
2019-09-19 12:30:00+00:00,-1.1018378218864449
2019-09-19 13:00:00+00:00,-1.1016636681745466
2019-09-19 13:30:00+00:00,-1.1014456414613685
2019-09-19 14:00:00+00:00,-1.1014576055893255
2019-09-19 14:30:00+00:00,-1.0898575198762612
2019-09-19 15:00:00+00:00,-1.078257434163197
2019-09-19 15:30:00+00:00,-1.078257434163197
2019-09-19 16:00:00+00:00,-1.0550572627370685
2019-09-19 16:30:00+00:00,-1.091415254783132
2019-09-19 17:00:00+00:00,-1.0634814446690397
2019-09-19 17:30:00+00:00,-1.0847189315002772
2019-09-19 18:00:00+00:00,-1.1063146218753481
2019-09-19 18:30:00+00:00,-0.7062408519802096
2019-09-19 19:00:00+00:00,-0.30616708208507093
2019-09-19 19:30:00+00:00,0.19709473026154362
2019-09-19 20:00:00+00:00,0.5715249107599424
2019-09-19 20:30:00+00:00,0.31533457485228755
2019-09-19 21:00:00+00:00,1.1637593274443463
2019-09-19 21:30:00+00:00,0.7517729297916429
2019-09-19 22:00:00+00:00,-0.4936362078252015
2019-09-19 22:30:00+00:00,-0.08391852584864107
2019-09-19 23:00:00+00:00,-0.17691399958744478
2019-09-19 23:30:00+00:00,0.03879436723380626
2019-09-20 00:00:00+00:00,-0.07208070663694906
2019-09-20 00:30:00+00:00,0.40323985748582986
2019-09-20 01:00:00+00:00,0.7963228561359057
2019-09-20 01:30:00+00:00,0.6356893497055001
2019-09-20 02:00:00+00:00,0.5054474053368386
2019-09-20 02:30:00+00:00,0.22588112990058418
2019-09-20 03:00:00+00:00,-0.38824319397229806
2019-09-20 03:30:00+00:00,-0.8077309642348303
2019-09-20 04:00:00+00:00,-0.8972311104039626
2019-09-20 04:30:00+00:00,-0.7575544366980657
2019-09-20 05:00:00+00:00,-0.776717427012673
2019-09-20 05:30:00+00:00,-0.8340432941540521
2019-09-20 06:00:00+00:00,-0.6244628657446852
2019-09-20 06:30:00+00:00,-0.7500858292516249
2019-09-20 07:00:00+00:00,-0.9178360027258832
2019-09-20 07:30:00+00:00,-0.882761309970419
2019-09-20 08:00:00+00:00,-1.0182163251159209
2019-09-20 08:30:00+00:00,-1.0519583891884627
2019-09-20 09:00:00+00:00,-1.0660290288528071
2019-09-20 09:30:00+00:00,-1.0719347882640873
2019-09-20 10:00:00+00:00,-1.1026837937356637
2019-09-20 10:30:00+00:00,-1.107225097994868
2019-09-20 11:00:00+00:00,-1.1053247670761461
2019-09-20 11:30:00+00:00,-1.1039328785810505
2019-09-20 12:00:00+00:00,-1.1025409900859549
2019-09-20 12:30:00+00:00,-1.101149101590859
2019-09-20 13:00:00+00:00,-0.9345695078260341
2019-09-20 13:30:00+00:00,-0.8862700917121117
2019-09-20 14:00:00+00:00,-0.8060590631411672
2019-09-20 14:30:00+00:00,-0.8494781000172692
2019-09-20 15:00:00+00:00,-0.8874606690886089
2019-09-20 15:30:00+00:00,-0.9483517529787885
2019-09-20 16:00:00+00:00,-1.0070494904416591
2019-09-20 16:30:00+00:00,-1.0081337602934135
2019-09-20 17:00:00+00:00,-0.9785961249070874
2019-09-20 17:30:00+00:00,-1.08355547190333
2019-09-20 18:00:00+00:00,-1.1017116393678426
2019-09-20 18:30:00+00:00,-1.1013657902773368
2019-09-20 19:00:00+00:00,-1.1016330160991603
2019-09-20 19:30:00+00:00,-1.1018177788327417
2019-09-20 20:00:00+00:00,-1.1014286105172983
2019-09-20 20:30:00+00:00,-1.1013188958527673
2019-09-20 21:00:00+00:00,-1.1014745937429335
2019-09-20 21:30:00+00:00,-0.8616783797899028
2019-09-20 22:00:00+00:00,-0.6218821658368723
2019-09-20 22:30:00+00:00,-0.4563059779673846
2019-09-20 23:00:00+00:00,-0.4864107490917072
2019-09-20 23:30:00+00:00,-0.30142730883046964
2019-09-21 00:00:00+00:00,-0.5977571558723682
2019-09-21 00:30:00+00:00,-0.6261482671317481
2019-09-21 01:00:00+00:00,-0.5857704611678036
2019-09-21 01:30:00+00:00,-0.670854607471713
2019-09-21 02:00:00+00:00,-0.8556498702422902
2019-09-21 02:30:00+00:00,-1.0429015256829113
2019-09-21 03:00:00+00:00,-0.8924270098129311
2019-09-21 03:30:00+00:00,-1.0326225778772697
2019-09-21 04:00:00+00:00,-0.8471451447831791
2019-09-21 04:30:00+00:00,-0.8337467585658047
2019-09-21 05:00:00+00:00,-1.0490942774879306
2019-09-21 05:30:00+00:00,-1.0521930747627832
2019-09-21 06:00:00+00:00,-1.0778352032077103
2019-09-21 06:30:00+00:00,-1.1054136374801853
2019-09-21 07:00:00+00:00,-1.1013946033406563
2019-09-21 07:30:00+00:00,-1.100958605903492
2019-09-21 08:00:00+00:00,-1.1005226084663278
2019-09-21 08:30:00+00:00,-1.1018604827421337
2019-09-21 09:00:00+00:00,-1.1020088797520897
2019-09-21 09:30:00+00:00,-1.1021572767620458
2019-09-21 10:00:00+00:00,-1.1023056737720018
2019-09-21 10:30:00+00:00,-1.1009386444932105
2019-09-21 11:00:00+00:00,-1.0135113738374706
2019-09-21 11:30:00+00:00,-0.9260841031817303
2019-09-21 12:00:00+00:00,-0.9260841031817303
2019-09-21 12:30:00+00:00,-0.9260841031817303
2019-09-21 13:00:00+00:00,-0.6638022912145098
2019-09-21 13:30:00+00:00,-0.6599492689051084
2019-09-21 14:00:00+00:00,-0.9481079755979539
2019-09-21 14:30:00+00:00,-0.8596502876990587
2019-09-21 15:00:00+00:00,-0.7711925998001636
2019-09-21 15:30:00+00:00,-0.7711925998001636
2019-09-21 16:00:00+00:00,-0.7711925998001636
2019-09-21 16:30:00+00:00,-0.5058195361034781
2019-09-21 17:00:00+00:00,-0.5921756067069411
2019-09-21 17:30:00+00:00,-0.6727514505878753
2019-09-21 18:00:00+00:00,-0.7042082629595516
2019-09-21 18:30:00+00:00,-0.7356650753312278
2019-09-21 19:00:00+00:00,-0.7356650753312278
2019-09-21 19:30:00+00:00,-0.7356650753312278
2019-09-21 20:00:00+00:00,-0.7356650753312278
2019-09-21 20:30:00+00:00,-0.7356650753312278
2019-09-21 21:00:00+00:00,-0.7356650753312278
2019-09-21 21:30:00+00:00,-0.7356650753312278
2019-09-21 22:00:00+00:00,-0.9558627619329613
2019-09-21 22:30:00+00:00,-0.9604933334251149
2019-09-21 23:00:00+00:00,-0.9651239049172684
2019-09-21 23:30:00+00:00,-0.9651239049172684
2019-09-22 00:00:00+00:00,-0.9651239049172684
2019-09-22 00:30:00+00:00,-0.9651239049172684
2019-09-22 01:00:00+00:00,-0.9651239049172684
2019-09-22 01:30:00+00:00,-0.9651239049172684
2019-09-22 02:00:00+00:00,-0.9651239049172684
2019-09-22 02:30:00+00:00,-0.9651239049172684
2019-09-22 03:00:00+00:00,-0.9651239049172684
2019-09-22 03:30:00+00:00,-0.9477249527131865
2019-09-22 04:00:00+00:00,-0.9303260005091045
2019-09-22 04:30:00+00:00,-0.9129270483050226
2019-09-22 05:00:00+00:00,-0.8955280961009406
2019-09-22 05:30:00+00:00,-0.8781291438968587
2019-09-22 06:00:00+00:00,-0.8607301916927768
2019-09-22 06:30:00+00:00,-0.8433312394886948
2019-09-22 07:00:00+00:00,-0.8259322872846129
2019-09-22 07:30:00+00:00,-0.8085333350805309
2019-09-22 08:00:00+00:00,-0.791134382876449
2019-09-22 08:30:00+00:00,-0.773735430672367
2019-09-22 09:00:00+00:00,-0.7563364784682851
2019-09-22 09:30:00+00:00,-0.7389375262642032
2019-09-22 10:00:00+00:00,-0.7215385740601212
2019-09-22 10:30:00+00:00,-0.7041396218560392
2019-09-22 11:00:00+00:00,-0.6867406696519573
2019-09-22 11:30:00+00:00,-0.6693417174478753
2019-09-22 12:00:00+00:00,-0.6519427652437935
2019-09-22 12:30:00+00:00,-0.6345438130397114
2019-09-22 13:00:00+00:00,-0.6171448608356296
2019-09-22 13:30:00+00:00,-0.5997459086315475
2019-09-22 14:00:00+00:00,-0.5823469564274657
2019-09-22 14:30:00+00:00,-0.5649480042233836
2019-09-22 15:00:00+00:00,-0.5475490520193018
2019-09-22 15:30:00+00:00,-0.5301500998152198
2019-09-22 16:00:00+00:00,-0.5127511476111379
2019-09-22 16:30:00+00:00,-0.49535219540705594
2019-09-22 17:00:00+00:00,-0.477953243202974
2019-09-22 17:30:00+00:00,-0.460554290998892
2019-09-22 18:00:00+00:00,-0.44315533879481006
2019-09-22 18:30:00+00:00,-0.4257563865907281
2019-09-22 19:00:00+00:00,-0.4083574343866462
2019-09-22 19:30:00+00:00,-0.39095848218256424
2019-09-22 20:00:00+00:00,-0.3735595299784823
2019-09-22 20:30:00+00:00,-0.35616057777440036
2019-09-22 21:00:00+00:00,-0.3387616255703184
2019-09-22 21:30:00+00:00,-0.3213626733662365
2019-09-22 22:00:00+00:00,-0.30396372116215453
2019-09-22 22:30:00+00:00,-0.2865647689580726
2019-09-22 23:00:00+00:00,-0.26916581675399065
2019-09-22 23:30:00+00:00,-0.2517668645499087
2019-09-23 00:00:00+00:00,-0.23436791234582677
2019-09-23 00:30:00+00:00,-0.21696896014174483
2019-09-23 01:00:00+00:00,-0.19957000793766289
2019-09-23 01:30:00+00:00,-0.18217105573358094
2019-09-23 02:00:00+00:00,-0.164772103529499
2019-09-23 02:30:00+00:00,-0.14737315132541706
2019-09-23 03:00:00+00:00,-0.12997419912133512
2019-09-23 03:30:00+00:00,-0.11257524691725318
2019-09-23 04:00:00+00:00,-0.09517629471317124
2019-09-23 04:30:00+00:00,-0.0777773425090893
2019-09-23 05:00:00+00:00,-0.06037839030500736
2019-09-23 05:30:00+00:00,-0.042979438100925416
2019-09-23 06:00:00+00:00,-0.025580485896843475
2019-09-23 06:30:00+00:00,-0.008181533692761533
2019-09-23 07:00:00+00:00,0.009217418511320408
2019-09-23 07:30:00+00:00,0.02661637071540235
2019-09-23 08:00:00+00:00,0.0440153229194844
2019-09-23 08:30:00+00:00,0.06141427512356623
2019-09-23 09:00:00+00:00,0.07881322732764828
2019-09-23 09:30:00+00:00,0.09621217953173011
2019-09-23 10:00:00+00:00,0.11361113173581217
2019-09-23 10:30:00+00:00,0.131010083939894
2019-09-23 11:00:00+00:00,0.14840903614397605
2019-09-23 11:30:00+00:00,0.16580798834805793
2019-09-23 12:00:00+00:00,-0.990197528689116
2019-09-23 12:30:00+00:00,-0.8207439770795246
2019-09-23 13:00:00+00:00,-0.6291045524884862
2019-09-23 13:30:00+00:00,-0.24088660873567896
2019-09-23 14:00:00+00:00,-1.0575718098852636
2019-09-23 14:30:00+00:00,-0.8824139927292274
2019-09-23 15:00:00+00:00,-1.0711637276566268
2019-09-23 15:30:00+00:00,-1.0085710755961532
2019-09-23 16:00:00+00:00,-0.9459784235356797
2019-09-23 16:30:00+00:00,-1.0681476018066995
2019-09-23 17:00:00+00:00,-0.8160101224212838
2019-09-23 17:30:00+00:00,-0.7065891472383463
2019-09-23 18:00:00+00:00,-0.8689733928666752
2019-09-23 18:30:00+00:00,-0.3377476364204543
2019-09-23 19:00:00+00:00,-0.5830382630902481
2019-09-23 19:30:00+00:00,-0.9710348563611853
2019-09-23 20:00:00+00:00,-0.9694622647677171
2019-09-23 20:30:00+00:00,-0.7130112522334769
2019-09-23 21:00:00+00:00,-0.8926628152652974
2019-09-23 21:30:00+00:00,-0.5774850656786135
2019-09-23 22:00:00+00:00,-0.7965235316933523
2019-09-23 22:30:00+00:00,-0.9424064576306751
2019-09-23 23:00:00+00:00,-0.4782208053891164
2019-09-23 23:30:00+00:00,0.005955291064521245
2019-09-24 00:00:00+00:00,0.007236001797787266
2019-09-24 00:30:00+00:00,0.5313500436796231
2019-09-24 01:00:00+00:00,0.7116967662807141
2019-09-24 01:30:00+00:00,0.2913723424989276
2019-09-24 02:00:00+00:00,0.25685432739460523
2019-09-24 02:30:00+00:00,-0.005682044127766972
2019-09-24 03:00:00+00:00,-0.09943730700965898
2019-09-24 03:30:00+00:00,-0.09494075265130626
2019-09-24 04:00:00+00:00,-0.4338540041584325
2019-09-24 04:30:00+00:00,-0.6311081979344727
2019-09-24 05:00:00+00:00,-0.828362391710513
2019-09-24 05:30:00+00:00,-0.9276683968619283
2019-09-24 06:00:00+00:00,-1.102768257408974
2019-09-24 06:30:00+00:00,-1.1025637787278286
2019-09-24 07:00:00+00:00,-1.1023593000466834
2019-09-24 07:30:00+00:00,-1.1023593000466834
2019-09-24 08:00:00+00:00,-1.1023593000466834
2019-09-24 08:30:00+00:00,-1.1023593000466834
2019-09-24 09:00:00+00:00,-1.1023593000466834
2019-09-24 09:30:00+00:00,-1.1023593000466834
2019-09-24 10:00:00+00:00,-1.101132427959811
2019-09-24 10:30:00+00:00,-1.1016393291701134
2019-09-24 11:00:00+00:00,-1.1006666041659745
2019-09-24 11:30:00+00:00,-1.101899531141829
2019-09-24 12:00:00+00:00,-0.699150312373259
2019-09-24 12:30:00+00:00,-0.5562277498227829
2019-09-24 13:00:00+00:00,-0.0907000543928641
2019-09-24 13:30:00+00:00,-0.3282124551916931
2019-09-24 14:00:00+00:00,-0.8001229937438783
2019-09-24 14:30:00+00:00,-0.5429996079858085
2019-09-24 15:00:00+00:00,-0.5162215639863549
2019-09-24 15:30:00+00:00,-0.6637779231577133
2019-09-24 16:00:00+00:00,-0.7205737801878294
2019-09-24 16:30:00+00:00,-0.6858675885723803
2019-09-24 17:00:00+00:00,-0.8877920102961919
2019-09-24 17:30:00+00:00,-1.072131824983829
2019-09-24 18:00:00+00:00,-0.8908174276749679
2019-09-24 18:30:00+00:00,-1.0656894132718104
2019-09-24 19:00:00+00:00,-1.0888123489676458
2019-09-24 19:30:00+00:00,-1.105567062907028
2019-09-24 20:00:00+00:00,-1.027906553566103
2019-09-24 20:30:00+00:00,-1.0593775098882847
2019-09-24 21:00:00+00:00,-1.1017531189513339
2019-09-24 21:30:00+00:00,-1.1014388148842174
2019-09-24 22:00:00+00:00,-1.1017891199377703
2019-09-24 22:30:00+00:00,-1.101278471707699
2019-09-24 23:00:00+00:00,-1.1012903727246126
2019-09-24 23:30:00+00:00,-1.1013022737415263
2019-09-25 00:00:00+00:00,-1.1013022737415263
2019-09-25 00:30:00+00:00,-1.1013022737415263
2019-09-25 01:00:00+00:00,-1.1013022737415263
2019-09-25 01:30:00+00:00,-1.1013022737415263
2019-09-25 02:00:00+00:00,-1.1013022737415263
2019-09-25 02:30:00+00:00,-1.1013022737415263
2019-09-25 03:00:00+00:00,-1.1013022737415263
2019-09-25 03:30:00+00:00,-1.1013022737415263
2019-09-25 04:00:00+00:00,-1.101327775920627
2019-09-25 04:30:00+00:00,-1.101353278099728
2019-09-25 05:00:00+00:00,-1.1013787802788286
2019-09-25 05:30:00+00:00,-1.1014042824579293
2019-09-25 06:00:00+00:00,-1.10142978463703
2019-09-25 06:30:00+00:00,-1.101455286816131
2019-09-25 07:00:00+00:00,-1.1014807889952316
2019-09-25 07:30:00+00:00,-1.1023940706521165
2019-09-25 08:00:00+00:00,-1.1033073523090013
2019-09-25 08:30:00+00:00,-1.0404320328755639
2019-09-25 09:00:00+00:00,-0.9775567134421266
2019-09-25 09:30:00+00:00,0.16964488465263267
2019-09-25 10:00:00+00:00,0.062422153297077204
2019-09-25 10:30:00+00:00,-0.11592296700039965
2019-09-25 11:00:00+00:00,-0.0002703238241926475
2019-09-25 11:30:00+00:00,-0.12953792531856714
2019-09-25 12:00:00+00:00,0.25628929679098567
2019-09-25 12:30:00+00:00,0.25902457467105133
2019-09-25 13:00:00+00:00,-0.3213863150532732
2019-09-25 13:30:00+00:00,-0.006041329194975909
2019-09-25 14:00:00+00:00,0.17378025956359003
2019-09-25 14:30:00+00:00,-0.23259124376389978
2019-09-25 15:00:00+00:00,-0.06137967439237413
2019-09-25 15:30:00+00:00,0.8756838863524311
2019-09-25 16:00:00+00:00,0.5395256802139783
2019-09-25 16:30:00+00:00,0.9655840327870827
2019-09-25 17:00:00+00:00,0.6414278463696308
2019-09-25 17:30:00+00:00,0.3249020617644247
2019-09-25 18:00:00+00:00,-0.4901247044897638
2019-09-25 18:30:00+00:00,-0.5974060278895394
2019-09-25 19:00:00+00:00,-0.6599450008659684
2019-09-25 19:30:00+00:00,-0.7306307248576678
2019-09-25 20:00:00+00:00,-0.8840462200762971
2019-09-25 20:30:00+00:00,-0.9877841666188274
2019-09-25 21:00:00+00:00,-0.8260515828070606
2019-09-25 21:30:00+00:00,-0.7827824350269729
2019-09-25 22:00:00+00:00,-0.7588953431937252
2019-09-25 22:30:00+00:00,-0.31977803713151604
2019-09-25 23:00:00+00:00,-0.4994132105744926
2019-09-25 23:30:00+00:00,-1.0892661067774951
2019-09-26 00:00:00+00:00,-1.0322440121893746
2019-09-26 00:30:00+00:00,-0.8048173327737648
2019-09-26 01:00:00+00:00,-0.9186123099999587
2019-09-26 01:30:00+00:00,-1.0149812034861805
2019-09-26 02:00:00+00:00,-1.054933919037822
2019-09-26 02:30:00+00:00,-1.0909319541272475
2019-09-26 03:00:00+00:00,-1.077698380770344
2019-09-26 03:30:00+00:00,-1.087355732026913
2019-09-26 04:00:00+00:00,-0.8358934722540211
2019-09-26 04:30:00+00:00,-0.9271549825200226
2019-09-26 05:00:00+00:00,-0.8776318751947946
2019-09-26 05:30:00+00:00,-0.8588227373516416
2019-09-26 06:00:00+00:00,-0.9022631947826055
2019-09-26 06:30:00+00:00,-0.9146630948548985
2019-09-26 07:00:00+00:00,-0.55150844384174
2019-09-26 07:30:00+00:00,-0.8273675639878104
2019-09-26 08:00:00+00:00,-0.7546713419204313
2019-09-26 08:30:00+00:00,-0.9732636470520707
2019-09-26 09:00:00+00:00,-0.8988010330924238
2019-09-26 09:30:00+00:00,-0.8908030962715472
2019-09-26 10:00:00+00:00,-1.0982971072354144
2019-09-26 10:30:00+00:00,-0.9600269933772639
2019-09-26 11:00:00+00:00,-0.81824728793488
2019-09-26 11:30:00+00:00,-0.4270834788925917
2019-09-26 12:00:00+00:00,0.268504404679185
2019-09-26 12:30:00+00:00,-0.14241024129951108
2019-09-26 13:00:00+00:00,-0.5895888846000776
2019-09-26 13:30:00+00:00,-0.8709055717494999
2019-09-26 14:00:00+00:00,-0.8582339893318678
2019-09-26 14:30:00+00:00,-0.9201003939494806
2019-09-26 15:00:00+00:00,-0.9819667985670933
2019-09-26 15:30:00+00:00,-0.9819667985670933
2019-09-26 16:00:00+00:00,-1.1056996078023191
2019-09-26 16:30:00+00:00,-1.105663413975918
2019-09-26 17:00:00+00:00,-1.1036519516807757
2019-09-26 17:30:00+00:00,-1.101640489385633
2019-09-26 18:00:00+00:00,-1.101611379568128
2019-09-26 18:30:00+00:00,-1.1017251754137969
2019-09-26 19:00:00+00:00,-1.1018389712594656
2019-09-26 19:30:00+00:00,-1.1019527671051346
2019-09-26 20:00:00+00:00,-1.1017557878854642
2019-09-26 20:30:00+00:00,-1.1016016443775016
2019-09-26 21:00:00+00:00,-1.1020384020808034
2019-09-26 21:30:00+00:00,-1.1013028892794685
2019-09-26 22:00:00+00:00,-1.1031596522345641
2019-09-26 22:30:00+00:00,-1.102048381113069
2019-09-26 23:00:00+00:00,-1.100937109991574
2019-09-26 23:30:00+00:00,-1.1007798849451114
2019-09-27 00:00:00+00:00,-1.1008094021584593
2019-09-27 00:30:00+00:00,-1.1008389193718071
2019-09-27 01:00:00+00:00,-1.1008389193718071
2019-09-27 01:30:00+00:00,-1.1008389193718071
2019-09-27 02:00:00+00:00,-1.1008389193718071
2019-09-27 02:30:00+00:00,-1.1008389193718071
2019-09-27 03:00:00+00:00,-1.1008389193718071
2019-09-27 03:30:00+00:00,-1.1008389193718071
2019-09-27 04:00:00+00:00,-1.1008389193718071
2019-09-27 04:30:00+00:00,-1.1008389193718071
2019-09-27 05:00:00+00:00,-1.100907792869619
2019-09-27 05:30:00+00:00,-1.1009766663674307
2019-09-27 06:00:00+00:00,-1.1010455398652426
2019-09-27 06:30:00+00:00,-1.1011144133630544
2019-09-27 07:00:00+00:00,-1.1011832868608662
2019-09-27 07:30:00+00:00,-1.101252160358678
2019-09-27 08:00:00+00:00,-1.0998375450314963
2019-09-27 08:30:00+00:00,-1.0984229297043147
2019-09-27 09:00:00+00:00,-1.1019985523121747
2019-09-27 09:30:00+00:00,-1.1012874233540613
2019-09-27 10:00:00+00:00,-1.0947052462837115
2019-09-27 10:30:00+00:00,-1.0881230692133617
2019-09-27 11:00:00+00:00,-1.0815408921430116
2019-09-27 11:30:00+00:00,-0.9521415358508688
2019-09-27 12:00:00+00:00,-1.1043820992587885
2019-09-27 12:30:00+00:00,-0.6703261935671645
2019-09-27 13:00:00+00:00,-0.26621977180906503
2019-09-27 13:30:00+00:00,0.017743783259165737
2019-09-27 14:00:00+00:00,-1.1023064554191595
2019-09-27 14:30:00+00:00,-0.8055580818407272
2019-09-27 15:00:00+00:00,-0.7553968796691282
2019-09-27 15:30:00+00:00,-0.7711159175973444
2019-09-27 16:00:00+00:00,-0.7112260109032479
2019-09-27 16:30:00+00:00,-0.9835483563766814
2019-09-27 17:00:00+00:00,-1.0062535828953918
2019-09-27 17:30:00+00:00,-0.8640088254087863
2019-09-27 18:00:00+00:00,-0.7217640679221811
2019-09-27 18:30:00+00:00,-0.7349014038972399
2019-09-27 19:00:00+00:00,-1.068619830759428
2019-09-27 19:30:00+00:00,-1.100870029807014
2019-09-27 20:00:00+00:00,-1.1008854219390056
2019-09-27 20:30:00+00:00,-1.1009008140709973
2019-09-27 21:00:00+00:00,-1.1009008140709973
2019-09-27 21:30:00+00:00,-1.1009315983349808
2019-09-27 22:00:00+00:00,-1.0464492072819802
2019-09-27 22:30:00+00:00,-1.0383962205724315
2019-09-27 23:00:00+00:00,-0.9484848986134289
2019-09-27 23:30:00+00:00,-0.8920028124240478
2019-09-28 00:00:00+00:00,-0.957892705836303
2019-09-28 00:30:00+00:00,-0.8927626230111712
2019-09-28 01:00:00+00:00,-0.8108507977936712
2019-09-28 01:30:00+00:00,-1.025035788221773
2019-09-28 02:00:00+00:00,-1.1011945482348973
2019-09-28 02:30:00+00:00,-1.1011691375596095
2019-09-28 03:00:00+00:00,-1.1010233846971145
2019-09-28 03:30:00+00:00,-1.1008776318346192
2019-09-28 04:00:00+00:00,-1.1008776318346192
2019-09-28 04:30:00+00:00,-1.1008776318346192
2019-09-28 05:00:00+00:00,-1.1004403732471337
2019-09-28 05:30:00+00:00,-1.096533696144106
2019-09-28 06:00:00+00:00,-1.1003869269195274
2019-09-28 06:30:00+00:00,-1.104240157694949
2019-09-28 07:00:00+00:00,-1.1012558144737474
2019-09-28 07:30:00+00:00,-1.1013059787114885
2019-09-28 08:00:00+00:00,-1.1013561429492293
2019-09-28 08:30:00+00:00,-1.1013561429492293
2019-09-28 09:00:00+00:00,-1.1013561429492293
2019-09-28 09:30:00+00:00,-1.101506635662452
2019-09-28 10:00:00+00:00,-1.1016035573690361
2019-09-28 10:30:00+00:00,-1.1014844312021133
2019-09-28 11:00:00+00:00,-1.1011436550896758
2019-09-28 11:30:00+00:00,-0.9674783128404091
2019-09-28 12:00:00+00:00,-0.7098755344097151
2019-09-28 12:30:00+00:00,-1.0681640743116267
2019-09-28 13:00:00+00:00,-0.8419631994803916
2019-09-28 13:30:00+00:00,-0.7541496316113068
2019-09-28 14:00:00+00:00,-0.696318027395677
2019-09-28 14:30:00+00:00,-0.7414946893683947
2019-09-28 15:00:00+00:00,-0.8618122126072207
2019-09-28 15:30:00+00:00,-0.7396662661610302
2019-09-28 16:00:00+00:00,-0.6901482088876718
2019-09-28 16:30:00+00:00,-0.8177191638139011
2019-09-28 17:00:00+00:00,-1.0051197952868178
2019-09-28 17:30:00+00:00,-1.0201537899960678
2019-09-28 18:00:00+00:00,-0.9748800296815132
2019-09-28 18:30:00+00:00,-0.5815824353355906
2019-09-28 19:00:00+00:00,-0.36325645432159126
2019-09-28 19:30:00+00:00,-0.38493909402161597
2019-09-28 20:00:00+00:00,-0.17006086581503863
2019-09-28 20:30:00+00:00,-0.46214607591842555
2019-09-28 21:00:00+00:00,-0.8207042676618997
2019-09-28 21:30:00+00:00,-0.9476318425912735
2019-09-28 22:00:00+00:00,-0.9225098840165605
2019-09-28 22:30:00+00:00,-0.8327903674747755
2019-09-28 23:00:00+00:00,-0.8236516756797607
2019-09-28 23:30:00+00:00,-0.9252664126956909
2019-09-29 00:00:00+00:00,-0.8673272717557182
2019-09-29 00:30:00+00:00,-0.85355086304208
2019-09-29 01:00:00+00:00,-0.9970674063442682
2019-09-29 01:30:00+00:00,-1.1006180407256978
2019-09-29 02:00:00+00:00,-1.1012572890535948
2019-09-29 02:30:00+00:00,-1.1010467916395235
2019-09-29 03:00:00+00:00,-1.1008362942254521
2019-09-29 03:30:00+00:00,-1.1008362942254521
2019-09-29 04:00:00+00:00,-1.10041529939731
2019-09-29 04:30:00+00:00,-1.1032023006394962
2019-09-29 05:00:00+00:00,-1.1059893018816829
2019-09-29 05:30:00+00:00,-1.0845261685542014
2019-09-29 06:00:00+00:00,-0.8680877168823155
2019-09-29 06:30:00+00:00,-0.9198482743864139
2019-09-29 07:00:00+00:00,-1.0010675809090943
2019-09-29 07:30:00+00:00,-1.0539153998794613
2019-09-29 08:00:00+00:00,-1.106763218849828
2019-09-29 08:30:00+00:00,-0.8503360265250678
2019-09-29 09:00:00+00:00,-0.8272436128462539
2019-09-29 09:30:00+00:00,-0.9153211575476575
2019-09-29 10:00:00+00:00,-0.9018093727610718
2019-09-29 10:30:00+00:00,-0.9388370118663357
2019-09-29 11:00:00+00:00,-0.9332203992178443
2019-09-29 11:30:00+00:00,-0.9627556807830295
2019-09-29 12:00:00+00:00,-0.9827881566167953
2019-09-29 12:30:00+00:00,-0.09844977301959214
2019-09-29 13:00:00+00:00,0.042663455536003494
2019-09-29 13:30:00+00:00,-0.44595169782582944
2019-09-29 14:00:00+00:00,-0.682650895409054
2019-09-29 14:30:00+00:00,-0.38966676244149107
2019-09-29 15:00:00+00:00,-0.42822062828122975
2019-09-29 15:30:00+00:00,-0.23984887752505357
2019-09-29 16:00:00+00:00,-0.05147712676887751
2019-09-29 16:30:00+00:00,-0.00263782535024646
2019-09-29 17:00:00+00:00,-0.3796640620325207
2019-09-29 17:30:00+00:00,-0.32532404392839426
2019-09-29 18:00:00+00:00,-0.4850886030130541
2019-09-29 18:30:00+00:00,-0.5104610594828941
2019-09-29 19:00:00+00:00,-0.7068110923777664
2019-09-29 19:30:00+00:00,-0.8207093675526934
2019-09-29 20:00:00+00:00,-0.8578285424605888
2019-09-29 20:30:00+00:00,-0.8613525470939523
2019-09-29 21:00:00+00:00,-0.8930866816506938
2019-09-29 21:30:00+00:00,-0.8425072848240771
2019-09-29 22:00:00+00:00,-0.8796454586731105
2019-09-29 22:30:00+00:00,-0.7815052164934536
2019-09-29 23:00:00+00:00,-0.8765941821295182
2019-09-29 23:30:00+00:00,-0.8973915486090467
2019-09-30 00:00:00+00:00,-0.6671124087632473
2019-09-30 00:30:00+00:00,-0.7257647730072103
2019-09-30 01:00:00+00:00,-0.21469622170547278
2019-09-30 01:30:00+00:00,-0.8322447080841895
2019-09-30 02:00:00+00:00,-0.8349567955501672
2019-09-30 02:30:00+00:00,-0.9971027030669919
2019-09-30 03:00:00+00:00,-1.0878849901337413
2019-09-30 03:30:00+00:00,-0.8652193816647519
2019-09-30 04:00:00+00:00,-1.0054113818843367
2019-09-30 04:30:00+00:00,-0.8760991713086448
2019-09-30 05:00:00+00:00,-0.9390979061625426
2019-09-30 05:30:00+00:00,-0.9045206726999814
2019-09-30 06:00:00+00:00,-0.4987631930414426
2019-09-30 06:30:00+00:00,-0.8726416345419589
2019-09-30 07:00:00+00:00,-0.9565922887484896
2019-09-30 07:30:00+00:00,-0.9111528768538633
2019-09-30 08:00:00+00:00,-0.9058017613368192
2019-09-30 08:30:00+00:00,-1.0729951273897749
2019-09-30 09:00:00+00:00,-1.1014438912467952
2019-09-30 09:30:00+00:00,-1.084920619149476
2019-09-30 10:00:00+00:00,-1.0683973470521568
2019-09-30 10:30:00+00:00,-1.0787072110905105
2019-09-30 11:00:00+00:00,-1.0890170751288641
2019-09-30 11:30:00+00:00,-1.1001999660095507
2019-09-30 12:00:00+00:00,-0.9906692259624138
2019-09-30 12:30:00+00:00,-0.5836877734424074
2019-09-30 13:00:00+00:00,-0.6115185535614212
2019-09-30 13:30:00+00:00,-0.5695469981087674
2019-09-30 14:00:00+00:00,-0.3269473600367335
2019-09-30 14:30:00+00:00,-0.3819459011036879
2019-09-30 15:00:00+00:00,-0.5490588566805504
2019-09-30 15:30:00+00:00,-0.09853112292952089
2019-09-30 16:00:00+00:00,-0.5176937689869506
2019-09-30 16:30:00+00:00,-0.68187027834426
2019-09-30 17:00:00+00:00,-0.7176535350161372
2019-09-30 17:30:00+00:00,-1.0127241699727487
2019-09-30 18:00:00+00:00,-1.1013639462793583
2019-09-30 18:30:00+00:00,-0.9137558448672065
2019-09-30 19:00:00+00:00,-0.7102424491694086
2019-09-30 19:30:00+00:00,-0.6746875525508846
2019-09-30 20:00:00+00:00,-0.3897991867156413
2019-09-30 20:30:00+00:00,-0.40520062839339743
2019-09-30 21:00:00+00:00,-0.4695754112480557
2019-09-30 21:30:00+00:00,-0.9961556016927348
2019-09-30 22:00:00+00:00,-1.1014479856628987
2019-09-30 22:30:00+00:00,-1.1013036651269232
2019-09-30 23:00:00+00:00,-1.1012583608896367
2019-09-30 23:30:00+00:00,-1.093187699041677
2019-10-01 00:00:00+00:00,-1.105345869138602
2019-10-01 00:30:00+00:00,-1.1055330340894385
2019-10-01 01:00:00+00:00,-1.104040214614809
2019-10-01 01:30:00+00:00,-1.1025473951401794
2019-10-01 02:00:00+00:00,-1.10105457566555
2019-10-01 02:30:00+00:00,-1.1005157734420996
2019-10-01 03:00:00+00:00,-1.0982646286425648
2019-10-01 03:30:00+00:00,-1.0182491964625824
2019-10-01 04:00:00+00:00,-1.0527290356871373
2019-10-01 04:30:00+00:00,-1.0789414156247195
2019-10-01 05:00:00+00:00,-1.0725296893729157
2019-10-01 05:30:00+00:00,-1.0661179631211122
2019-10-01 06:00:00+00:00,-1.0661179631211122
2019-10-01 06:30:00+00:00,-1.0661179631211122
2019-10-01 07:00:00+00:00,-1.0661179631211122
2019-10-01 07:30:00+00:00,-1.0661179631211122
2019-10-01 08:00:00+00:00,-1.0661179631211122
2019-10-01 08:30:00+00:00,-1.0661179631211122
2019-10-01 09:00:00+00:00,-1.0661179631211122
2019-10-01 09:30:00+00:00,-1.0661179631211122
2019-10-01 10:00:00+00:00,-1.0340593318620939
2019-10-01 10:30:00+00:00,-1.0020007006030753
2019-10-01 11:00:00+00:00,-1.021348696517382
2019-10-01 11:30:00+00:00,-1.0119092461395545
2019-10-01 12:00:00+00:00,-1.1000137128841072
2019-10-01 12:30:00+00:00,-1.1001357813492054
2019-10-01 13:00:00+00:00,-1.1009121818773466
2019-10-01 13:30:00+00:00,-1.0038510815244397
2019-10-01 14:00:00+00:00,-0.8150350779227354
2019-10-01 14:30:00+00:00,-0.7018985255688992
2019-10-01 15:00:00+00:00,-0.79173078471346
2019-10-01 15:30:00+00:00,-0.8052805894152749
2019-10-01 16:00:00+00:00,-0.8914920335691555
2019-10-01 16:30:00+00:00,-1.0537193946759584
2019-10-01 17:00:00+00:00,-0.987092806740116
2019-10-01 17:30:00+00:00,-0.916397821607899
2019-10-01 18:00:00+00:00,-1.0029760843121047
2019-10-01 18:30:00+00:00,-1.0419990241762322
2019-10-01 19:00:00+00:00,-1.1002276488463174
2019-10-01 19:30:00+00:00,-1.1003755319405117
2019-10-01 20:00:00+00:00,-1.1006328267441299
2019-10-01 20:30:00+00:00,-0.9973739444935442
2019-10-01 21:00:00+00:00,-0.8714912896737751
2019-10-01 21:30:00+00:00,-0.7456086348540059
2019-10-01 22:00:00+00:00,-0.18519004206486608
2019-10-01 22:30:00+00:00,-0.2555835741675738
2019-10-01 23:00:00+00:00,-0.5641753458716127
2019-10-01 23:30:00+00:00,-0.8512466922289083
2019-10-02 00:00:00+00:00,-0.8023253026793602
2019-10-02 00:30:00+00:00,-0.6772693767283323
2019-10-02 01:00:00+00:00,-0.10839313440689252
2019-10-02 01:30:00+00:00,-0.49287225766085363
2019-10-02 02:00:00+00:00,-0.26423178255007124
2019-10-02 02:30:00+00:00,-0.5159537236355833
2019-10-02 03:00:00+00:00,-0.33645392539513835
2019-10-02 03:30:00+00:00,-0.4557503844553613
2019-10-02 04:00:00+00:00,-0.7505019086998164
2019-10-02 04:30:00+00:00,-0.701260959405028
2019-10-02 05:00:00+00:00,-0.6419898849529203
2019-10-02 05:30:00+00:00,-0.8516636570422536
2019-10-02 06:00:00+00:00,-1.0578130562162154
2019-10-02 06:30:00+00:00,-1.0726558769390104
2019-10-02 07:00:00+00:00,-1.0874986976618055
2019-10-02 07:30:00+00:00,-1.1023415183846004
2019-10-02 08:00:00+00:00,-1.1010495291286841
2019-10-02 08:30:00+00:00,-1.100221438842045
2019-10-02 09:00:00+00:00,-1.0998349567905743
2019-10-02 09:30:00+00:00,-1.09951997341437
2019-10-02 10:00:00+00:00,-0.3834453838024026
2019-10-02 10:30:00+00:00,-0.8759958382039734
2019-10-02 11:00:00+00:00,-1.0102136244395976
2019-10-02 11:30:00+00:00,-0.888566111442967
2019-10-02 12:00:00+00:00,-0.8534388176776707
2019-10-02 12:30:00+00:00,-0.9584829090032541
2019-10-02 13:00:00+00:00,-1.1039367125091857
2019-10-02 13:30:00+00:00,-1.100509137017862
2019-10-02 14:00:00+00:00,-1.0411759442828608
2019-10-02 14:30:00+00:00,-1.0095723396665366
2019-10-02 15:00:00+00:00,-1.1023123253879894
2019-10-02 15:30:00+00:00,-1.1003090150957209
2019-10-02 16:00:00+00:00,-1.1001523170760137
2019-10-02 16:30:00+00:00,-1.1004471203699835
2019-10-02 17:00:00+00:00,-1.1006974272848267
2019-10-02 17:30:00+00:00,-1.0353857581864707
2019-10-02 18:00:00+00:00,-0.7945485507701255
2019-10-02 18:30:00+00:00,-1.039481796943746
2019-10-02 19:00:00+00:00,-0.9524662540601125
2019-10-02 19:30:00+00:00,-1.0226539959614773
2019-10-02 20:00:00+00:00,-0.8656492071854954
2019-10-02 20:30:00+00:00,-0.8592775059560579
2019-10-02 21:00:00+00:00,-0.9044477526471025
2019-10-02 21:30:00+00:00,-1.0951738822526997
2019-10-02 22:00:00+00:00,-1.0215850950158707
2019-10-02 22:30:00+00:00,-1.0161376327667708
2019-10-02 23:00:00+00:00,-1.0539785392523873
2019-10-02 23:30:00+00:00,-1.0284433129447568
2019-10-03 00:00:00+00:00,-1.1050793840892539
2019-10-03 00:30:00+00:00,-0.6725605665339828
2019-10-03 01:00:00+00:00,-0.649044117661204
2019-10-03 01:30:00+00:00,-1.0287949895648874
2019-10-03 02:00:00+00:00,-1.0998012598879614
2019-10-03 02:30:00+00:00,-1.0798704182727097
2019-10-03 03:00:00+00:00,-1.059939576657458
2019-10-03 03:30:00+00:00,-1.059939576657458
2019-10-03 04:00:00+00:00,-1.059939576657458
2019-10-03 04:30:00+00:00,-1.059939576657458
2019-10-03 05:00:00+00:00,-1.059939576657458
2019-10-03 05:30:00+00:00,-0.960285368581199
2019-10-03 06:00:00+00:00,-1.1048651256196937
2019-10-03 06:30:00+00:00,-1.1001723635149983
2019-10-03 07:00:00+00:00,-1.0954796014103028
2019-10-03 07:30:00+00:00,-1.0907868393056073
2019-10-03 08:00:00+00:00,-1.104299741205195
2019-10-03 08:30:00+00:00,-0.6739101012812474
2019-10-03 09:00:00+00:00,-0.24352046135729985
2019-10-03 09:30:00+00:00,0.18686917856664773
2019-10-03 10:00:00+00:00,-0.26697760612922483
2019-10-03 10:30:00+00:00,-1.0155961228327852
2019-10-03 11:00:00+00:00,-1.0981751497673728
2019-10-03 11:30:00+00:00,-1.1001610001474749
2019-10-03 12:00:00+00:00,-1.100083939693578
2019-10-03 12:30:00+00:00,-1.100106280609859
2019-10-03 13:00:00+00:00,-1.100102848146557
2019-10-03 13:30:00+00:00,-1.100132018608439
2019-10-03 14:00:00+00:00,-1.1002338403625875
2019-10-03 14:30:00+00:00,-1.100335662116736
2019-10-03 15:00:00+00:00,-1.100335662116736
2019-10-03 15:30:00+00:00,-1.100539305625033
2019-10-03 16:00:00+00:00,-1.1003487823293898
2019-10-03 16:30:00+00:00,-1.1011373447594595
2019-10-03 17:00:00+00:00,-1.100010921660245
2019-10-03 17:30:00+00:00,-0.9671511918711325
2019-10-03 18:00:00+00:00,-1.0333779818763564
2019-10-03 18:30:00+00:00,-1.0996047718815802
2019-10-03 19:00:00+00:00,-1.0998275514205103
2019-10-03 19:30:00+00:00,-1.1000855427563143
2019-10-03 20:00:00+00:00,-0.9969014771458776
2019-10-03 20:30:00+00:00,-0.8937174115354409
2019-10-03 21:00:00+00:00,-0.6518533024438202
2019-10-03 21:30:00+00:00,-0.6548884215692152
2019-10-03 22:00:00+00:00,-0.1580436492788076
2019-10-03 22:30:00+00:00,0.7002687193297956
2019-10-03 23:00:00+00:00,-0.5087264900993466
2019-10-03 23:30:00+00:00,-0.862806900683286
2019-10-04 00:00:00+00:00,-0.8551144859147721
2019-10-04 00:30:00+00:00,-1.100724891960128
2019-10-04 01:00:00+00:00,-0.867164356735567
2019-10-04 01:30:00+00:00,-1.0735065679264064
2019-10-04 02:00:00+00:00,-1.09522675847603
2019-10-04 02:30:00+00:00,-1.0106547248846738
2019-10-04 03:00:00+00:00,-0.9260826912933178
2019-10-04 03:30:00+00:00,-0.9260826912933178
2019-10-04 04:00:00+00:00,-0.9260826912933178
2019-10-04 04:30:00+00:00,-0.6723665905192492
2019-10-04 05:00:00+00:00,-0.47081746870541824
2019-10-04 05:30:00+00:00,-1.0216733951412689
2019-10-04 06:00:00+00:00,-0.9901668370017509
2019-10-04 06:30:00+00:00,-0.9762759597584112
2019-10-04 07:00:00+00:00,-1.097676590454829
2019-10-04 07:30:00+00:00,-0.9921933473294191
2019-10-04 08:00:00+00:00,-0.9063017952912016
2019-10-04 08:30:00+00:00,-0.9812909769198707
2019-10-04 09:00:00+00:00,-1.0313651412609794
2019-10-04 09:30:00+00:00,-1.0515158211478686
2019-10-04 10:00:00+00:00,-1.0079314799190089
2019-10-04 10:30:00+00:00,-0.9611813581047228
2019-10-04 11:00:00+00:00,-1.1035698924218382
2019-10-04 11:30:00+00:00,-1.1005942974833978
2019-10-04 12:00:00+00:00,-1.0939160070756655
2019-10-04 12:30:00+00:00,-1.1045974644409324
2019-10-04 13:00:00+00:00,-1.0523520147656338
2019-10-04 13:30:00+00:00,-1.0001065650903356
2019-10-04 14:00:00+00:00,-0.8863356930610214
2019-10-04 14:30:00+00:00,-0.8628676762099944
2019-10-04 15:00:00+00:00,-0.8393996593589672
2019-10-04 15:30:00+00:00,-0.923365993968398
2019-10-04 16:00:00+00:00,-0.7906323743695024
2019-10-04 16:30:00+00:00,-1.0609725645349672
2019-10-04 17:00:00+00:00,0.13219170984494222
2019-10-04 17:30:00+00:00,1.3253559842248515
2019-10-04 18:00:00+00:00,0.33833036312367415
2019-10-04 18:30:00+00:00,-0.588053935564591
2019-10-04 19:00:00+00:00,-0.7769846918033635
2019-10-04 19:30:00+00:00,-1.0030155907301177
2019-10-04 20:00:00+00:00,-1.0046620003973659
2019-10-04 20:30:00+00:00,-1.006308410064614
2019-10-04 21:00:00+00:00,-1.006308410064614
2019-10-04 21:30:00+00:00,-1.006308410064614
2019-10-04 22:00:00+00:00,-1.006308410064614
2019-10-04 22:30:00+00:00,-1.006308410064614
2019-10-04 23:00:00+00:00,-1.006308410064614
2019-10-04 23:30:00+00:00,-1.006308410064614
2019-10-05 00:00:00+00:00,-1.006308410064614
2019-10-05 00:30:00+00:00,-1.006308410064614
2019-10-05 01:00:00+00:00,-0.9975611529554725
2019-10-05 01:30:00+00:00,-0.9888138958463312
2019-10-05 02:00:00+00:00,-0.9800666387371897
2019-10-05 02:30:00+00:00,-0.9713193816280482
2019-10-05 03:00:00+00:00,-0.9625721245189068
2019-10-05 03:30:00+00:00,-0.9538248674097654
2019-10-05 04:00:00+00:00,-0.9450776103006239
2019-10-05 04:30:00+00:00,-0.9363303531914825
2019-10-05 05:00:00+00:00,-0.927583096082341
2019-10-05 05:30:00+00:00,-0.9188358389731995
2019-10-05 06:00:00+00:00,-0.9100885818640582
2019-10-05 06:30:00+00:00,-0.9013413247549167
2019-10-05 07:00:00+00:00,-0.8925940676457752
2019-10-05 07:30:00+00:00,-0.8838468105366338
2019-10-05 08:00:00+00:00,-0.8750995534274923
2019-10-05 08:30:00+00:00,-0.8663522963183509
2019-10-05 09:00:00+00:00,-0.8576050392092095
2019-10-05 09:30:00+00:00,-0.848857782100068
2019-10-05 10:00:00+00:00,-0.8401105249909265
2019-10-05 10:30:00+00:00,-0.8313632678817852
2019-10-05 11:00:00+00:00,-0.8226160107726437
2019-10-05 11:30:00+00:00,-0.8138687536635022
2019-10-05 12:00:00+00:00,-0.8051214965543608
2019-10-05 12:30:00+00:00,-0.7963742394452193
2019-10-05 13:00:00+00:00,-0.7876269823360779
2019-10-05 13:30:00+00:00,-0.7788797252269365
